Date,Year,Month,Account Name,Description,Transaction Type,Debit,Credit,Balance,Bank,Risk Flag
03/01/2021,2021,1,IGR Collection Account,Payroll Payment,Debit,43463366,0,3456536634,Access Bank,Normal
16/01/2021,2021,1,Capital Project Account,Project Payment,Debit,265966282,0,3190570352,UBA,Review
09/01/2021,2021,1,Capital Project Account,Transfer to MDA,Debit,225372711,0,2965197641,Keystone Bank,Normal
03/01/2021,2021,1,Treasury Single Account,Revenue Sweep from MDA,Credit,0,308942825,3274140466,GTBank,Review
24/01/2021,2021,1,Treasury Single Account,Payroll Payment,Debit,198366968,0,3075773498,UBA,Normal
12/01/2021,2021,1,Recurrent Expenditure Account,Transfer to MDA,Debit,143197796,0,2932575702,Zenith Bank,Normal
04/01/2021,2021,1,IGR Collection Account,Contractor Payment,Debit,338430898,0,2594144804,GTBank,Review
11/01/2021,2021,1,FAAC Account,Federal Allocation Receipt,Credit,0,448403078,3042547882,Access Bank,Review
08/01/2021,2021,1,Recurrent Expenditure Account,Bank Charges,Debit,79912453,0,2962635429,Access Bank,Review
04/01/2021,2021,1,Payroll Account,IGR Collection Remittance,Credit,0,485821267,3448456696,Keystone Bank,Review
13/01/2021,2021,1,Payroll Account,IGR Collection Remittance,Credit,0,452358983,3900815679,First Bank,Review
19/01/2021,2021,1,Treasury Single Account,Payroll Payment,Debit,53384137,0,3847431542,Keystone Bank,Normal
18/01/2021,2021,1,Treasury Single Account,IGR Collection Remittance,Credit,0,325061207,4172492749,UBA,Review
12/01/2021,2021,1,FAAC Account,Contractor Payment,Debit,47852774,0,4124639975,UBA,Normal
10/01/2021,2021,1,Recurrent Expenditure Account,Bank Charges,Debit,218807112,0,3905832863,Keystone Bank,Review
09/01/2021,2021,1,FAAC Account,Revenue Sweep from MDA,Credit,0,419665082,4325497945,Zenith Bank,Review
28/01/2021,2021,1,Payroll Account,Transfer to MDA,Debit,326306856,0,3999191089,First Bank,Review
04/01/2021,2021,1,Recurrent Expenditure Account,Revenue Sweep from MDA,Credit,0,450634042,4449825131,UBA,Review
04/01/2021,2021,1,FAAC Account,Bank Charges,Debit,23363718,0,4426461413,Zenith Bank,Review
21/01/2021,2021,1,FAAC Account,Refund Received,Credit,0,326045378,4752506791,Access Bank,Review
20/01/2021,2021,1,Recurrent Expenditure Account,Loan Repayment,Debit,38542719,0,4713964072,UBA,Review
14/01/2021,2021,1,Payroll Account,Payroll Payment,Debit,154567945,0,4559396127,UBA,Normal
15/01/2021,2021,1,Treasury Single Account,Grant Receipt,Credit,0,593806485,5153202612,UBA,Review
13/01/2021,2021,1,Payroll Account,Federal Allocation Receipt,Credit,0,271668145,5424870757,Keystone Bank,Review
14/01/2021,2021,1,Capital Project Account,Bank Charges,Debit,205242864,0,5219627893,First Bank,Review
22/01/2021,2021,1,Recurrent Expenditure Account,Federal Allocation Receipt,Credit,0,96370965,5315998858,Access Bank,Normal
25/01/2021,2021,1,Recurrent Expenditure Account,Bank Charges,Debit,124275585,0,5191723273,GTBank,Review
17/01/2021,2021,1,Treasury Single Account,Grant Receipt,Credit,0,121834553,5313557826,Keystone Bank,Normal
15/01/2021,2021,1,FAAC Account,Bank Charges,Debit,349618593,0,4963939233,Zenith Bank,Review
19/01/2021,2021,1,Payroll Account,Revenue Sweep from MDA,Credit,0,308163351,5272102584,Keystone Bank,Review
07/01/2021,2021,1,IGR Collection Account,Grant Receipt,Credit,0,542612904,5814715488,GTBank,Review
18/01/2021,2021,1,IGR Collection Account,Bank Charges,Debit,34010229,0,5780705259,GTBank,Review
11/01/2021,2021,1,FAAC Account,IGR Collection Remittance,Credit,0,289427162,6070132421,First Bank,Review
17/01/2021,2021,1,Payroll Account,Transfer to MDA,Debit,252277996,0,5817854425,Zenith Bank,Review
03/01/2021,2021,1,FAAC Account,Refund Received,Credit,0,68541030,5886395455,First Bank,Normal
10/01/2021,2021,1,IGR Collection Account,Contractor Payment,Debit,34851421,0,5851544034,UBA,Normal
26/01/2021,2021,1,Recurrent Expenditure Account,Transfer to MDA,Debit,346126154,0,5505417880,UBA,Review
20/01/2021,2021,1,IGR Collection Account,Grant Receipt,Credit,0,23664933,5529082813,Keystone Bank,Normal
05/01/2021,2021,1,Payroll Account,Revenue Sweep from MDA,Credit,0,597455443,6126538256,GTBank,Review
02/01/2021,2021,1,Treasury Single Account,Administrative Expense,Debit,63601303,0,6062936953,GTBank,Normal
19/01/2021,2021,1,Capital Project Account,Loan Repayment,Debit,178510377,0,5884426576,GTBank,Review
04/01/2021,2021,1,Recurrent Expenditure Account,Administrative Expense,Debit,288919223,0,5595507353,Access Bank,Review
12/01/2021,2021,1,IGR Collection Account,Payroll Payment,Debit,206766151,0,5388741202,Access Bank,Normal
17/01/2021,2021,1,Treasury Single Account,Federal Allocation Receipt,Credit,0,80521661,5469262863,UBA,Normal
28/01/2021,2021,1,Capital Project Account,Refund Received,Credit,0,572579244,6041842107,Keystone Bank,Review
07/01/2021,2021,1,FAAC Account,Bank Charges,Debit,25363660,0,6016478447,First Bank,Review
11/01/2021,2021,1,Payroll Account,Grant Receipt,Credit,0,569273996,6585752443,First Bank,Review
21/01/2021,2021,1,Payroll Account,Project Payment,Debit,119552593,0,6466199850,First Bank,Normal
12/01/2021,2021,1,Recurrent Expenditure Account,Grant Receipt,Credit,0,258534936,6724734786,Access Bank,Review
06/01/2021,2021,1,Recurrent Expenditure Account,IGR Collection Remittance,Credit,0,597475264,7322210050,First Bank,Review
21/01/2021,2021,1,Payroll Account,Payroll Payment,Debit,152738099,0,7169471951,Keystone Bank,Normal
04/01/2021,2021,1,Treasury Single Account,Contractor Payment,Debit,140409976,0,7029061975,Zenith Bank,Normal
10/01/2021,2021,1,Treasury Single Account,Refund Received,Credit,0,457245896,7486307871,Zenith Bank,Review
28/01/2021,2021,1,Capital Project Account,Revenue Sweep from MDA,Credit,0,357353320,7843661191,First Bank,Review
10/01/2021,2021,1,IGR Collection Account,Refund Received,Credit,0,132250697,7975911888,Zenith Bank,Normal
20/01/2021,2021,1,Treasury Single Account,Transfer to MDA,Debit,22613924,0,7953297964,UBA,Normal
13/01/2021,2021,1,IGR Collection Account,IGR Collection Remittance,Credit,0,165901396,8119199360,UBA,Normal
20/01/2021,2021,1,Payroll Account,Refund Received,Credit,0,95306514,8214505874,UBA,Normal
22/01/2021,2021,1,Payroll Account,Revenue Sweep from MDA,Credit,0,145289727,8359795601,UBA,Normal
13/01/2021,2021,1,Treasury Single Account,IGR Collection Remittance,Credit,0,377140337,8736935938,GTBank,Review
09/01/2021,2021,1,Recurrent Expenditure Account,Contractor Payment,Debit,92445978,0,8644489960,Zenith Bank,Normal
25/01/2021,2021,1,Capital Project Account,Refund Received,Credit,0,406438483,9050928443,First Bank,Review
25/01/2021,2021,1,Treasury Single Account,Loan Repayment,Debit,98572097,0,8952356346,GTBank,Review
24/01/2021,2021,1,Treasury Single Account,IGR Collection Remittance,Credit,0,467206759,9419563105,UBA,Review
16/01/2021,2021,1,FAAC Account,Refund Received,Credit,0,529244500,9948807605,GTBank,Review
24/01/2021,2021,1,IGR Collection Account,Loan Repayment,Debit,274359255,0,9674448350,First Bank,Review
13/01/2021,2021,1,Capital Project Account,Refund Received,Credit,0,467654795,10142103145,Access Bank,Review
12/01/2021,2021,1,Recurrent Expenditure Account,Federal Allocation Receipt,Credit,0,209262233,10351365378,GTBank,Normal
21/01/2021,2021,1,Payroll Account,Federal Allocation Receipt,Credit,0,146408489,10497773867,Keystone Bank,Normal
15/01/2021,2021,1,IGR Collection Account,IGR Collection Remittance,Credit,0,156667162,10654441029,Zenith Bank,Normal
25/02/2021,2021,2,Treasury Single Account,Project Payment,Debit,227647753,0,10426793276,GTBank,Normal
09/02/2021,2021,2,IGR Collection Account,Grant Receipt,Credit,0,379888236,10806681512,GTBank,Review
23/02/2021,2021,2,IGR Collection Account,Project Payment,Debit,97178908,0,10709502604,Keystone Bank,Normal
18/02/2021,2021,2,FAAC Account,IGR Collection Remittance,Credit,0,100227187,10809729791,First Bank,Normal
27/02/2021,2021,2,Payroll Account,Refund Received,Credit,0,258661087,11068390878,Keystone Bank,Review
09/02/2021,2021,2,Treasury Single Account,Federal Allocation Receipt,Credit,0,244531540,11312922418,UBA,Normal
28/02/2021,2021,2,IGR Collection Account,Transfer to MDA,Debit,109835030,0,11203087388,UBA,Normal
21/02/2021,2021,2,Capital Project Account,Loan Repayment,Debit,288445583,0,10914641805,Zenith Bank,Review
04/02/2021,2021,2,Capital Project Account,Administrative Expense,Debit,232840263,0,10681801542,UBA,Normal
06/02/2021,2021,2,Payroll Account,IGR Collection Remittance,Credit,0,585328522,11267130064,GTBank,Review
22/02/2021,2021,2,Treasury Single Account,Transfer to MDA,Debit,220487987,0,11046642077,UBA,Normal
09/02/2021,2021,2,Recurrent Expenditure Account,Federal Allocation Receipt,Credit,0,357345142,11403987219,First Bank,Review
25/02/2021,2021,2,IGR Collection Account,Refund Received,Credit,0,559131962,11963119181,GTBank,Review
09/02/2021,2021,2,IGR Collection Account,Federal Allocation Receipt,Credit,0,200494024,12163613205,UBA,Normal
15/02/2021,2021,2,Recurrent Expenditure Account,Contractor Payment,Debit,114202113,0,12049411092,UBA,Normal
28/02/2021,2021,2,FAAC Account,IGR Collection Remittance,Credit,0,160107720,12209518812,GTBank,Normal
13/02/2021,2021,2,Capital Project Account,Federal Allocation Receipt,Credit,0,234256467,12443775279,Access Bank,Normal
13/02/2021,2021,2,Payroll Account,Federal Allocation Receipt,Credit,0,103139516,12546914795,Keystone Bank,Normal
01/02/2021,2021,2,FAAC Account,IGR Collection Remittance,Credit,0,448539838,12995454633,UBA,Review
09/02/2021,2021,2,IGR Collection Account,Loan Repayment,Debit,121146833,0,12874307800,Zenith Bank,Review
16/02/2021,2021,2,Payroll Account,Federal Allocation Receipt,Credit,0,255206427,13129514227,Access Bank,Review
08/02/2021,2021,2,FAAC Account,Refund Received,Credit,0,397782400,13527296627,Keystone Bank,Review
27/02/2021,2021,2,Treasury Single Account,IGR Collection Remittance,Credit,0,347966688,13875263315,Access Bank,Review
28/02/2021,2021,2,Treasury Single Account,Refund Received,Credit,0,420191592,14295454907,GTBank,Review
03/02/2021,2021,2,Recurrent Expenditure Account,Transfer to MDA,Debit,205166649,0,14090288258,Access Bank,Normal
16/02/2021,2021,2,Capital Project Account,IGR Collection Remittance,Credit,0,80136132,14170424390,Keystone Bank,Normal
10/02/2021,2021,2,Recurrent Expenditure Account,IGR Collection Remittance,Credit,0,350206937,14520631327,Access Bank,Review
22/02/2021,2021,2,Recurrent Expenditure Account,Contractor Payment,Debit,48019988,0,14472611339,GTBank,Normal
26/02/2021,2021,2,Payroll Account,Contractor Payment,Debit,160247921,0,14312363418,Zenith Bank,Normal
23/02/2021,2021,2,FAAC Account,Federal Allocation Receipt,Credit,0,212357659,14524721077,Access Bank,Normal
07/02/2021,2021,2,Recurrent Expenditure Account,Administrative Expense,Debit,176902045,0,14347819032,Keystone Bank,Normal
07/02/2021,2021,2,Payroll Account,Loan Repayment,Debit,30493938,0,14317325094,Keystone Bank,Review
28/02/2021,2021,2,Payroll Account,Revenue Sweep from MDA,Credit,0,450878992,14768204086,UBA,Review
07/02/2021,2021,2,IGR Collection Account,Federal Allocation Receipt,Credit,0,92315739,14860519825,GTBank,Normal
15/02/2021,2021,2,Capital Project Account,Grant Receipt,Credit,0,56797536,14917317361,UBA,Normal
07/02/2021,2021,2,Payroll Account,Administrative Expense,Debit,317893408,0,14599423953,GTBank,Review
22/02/2021,2021,2,Treasury Single Account,Revenue Sweep from MDA,Credit,0,344815184,14944239137,First Bank,Review
09/02/2021,2021,2,Recurrent Expenditure Account,Administrative Expense,Debit,328436789,0,14615802348,Access Bank,Review
11/02/2021,2021,2,Capital Project Account,Federal Allocation Receipt,Credit,0,222982046,14838784394,UBA,Normal
21/02/2021,2021,2,IGR Collection Account,Grant Receipt,Credit,0,192196859,15030981253,UBA,Normal
21/02/2021,2021,2,Payroll Account,Administrative Expense,Debit,112630910,0,14918350343,Keystone Bank,Normal
24/02/2021,2021,2,IGR Collection Account,Contractor Payment,Debit,19374160,0,14898976183,Access Bank,Normal
01/02/2021,2021,2,Recurrent Expenditure Account,Loan Repayment,Debit,272987030,0,14625989153,Zenith Bank,Review
23/02/2021,2021,2,IGR Collection Account,Project Payment,Debit,158325384,0,14467663769,GTBank,Normal
06/02/2021,2021,2,FAAC Account,Contractor Payment,Debit,286748424,0,14180915345,Zenith Bank,Review
28/02/2021,2021,2,Recurrent Expenditure Account,Loan Repayment,Debit,324633701,0,13856281644,UBA,Review
22/02/2021,2021,2,FAAC Account,Refund Received,Credit,0,479094541,14335376185,UBA,Review
09/02/2021,2021,2,FAAC Account,Loan Repayment,Debit,336978889,0,13998397296,Keystone Bank,Review
02/02/2021,2021,2,Payroll Account,Grant Receipt,Credit,0,260079399,14258476695,Access Bank,Review
28/02/2021,2021,2,Recurrent Expenditure Account,Administrative Expense,Debit,22023225,0,14236453470,UBA,Normal
15/02/2021,2021,2,Payroll Account,Grant Receipt,Credit,0,493380291,14729833761,UBA,Review
24/02/2021,2021,2,Treasury Single Account,Revenue Sweep from MDA,Credit,0,37025647,14766859408,GTBank,Normal
06/02/2021,2021,2,Capital Project Account,IGR Collection Remittance,Credit,0,157147963,14924007371,UBA,Normal
17/02/2021,2021,2,Recurrent Expenditure Account,Federal Allocation Receipt,Credit,0,483419313,15407426684,UBA,Review
24/02/2021,2021,2,IGR Collection Account,IGR Collection Remittance,Credit,0,372481832,15779908516,Access Bank,Review
20/02/2021,2021,2,Capital Project Account,Contractor Payment,Debit,287353682,0,15492554834,First Bank,Review
13/02/2021,2021,2,FAAC Account,IGR Collection Remittance,Credit,0,450564925,15943119759,GTBank,Review
25/02/2021,2021,2,Capital Project Account,Federal Allocation Receipt,Credit,0,354410601,16297530360,First Bank,Review
25/02/2021,2021,2,Treasury Single Account,Grant Receipt,Credit,0,469271168,16766801528,Keystone Bank,Review
22/02/2021,2021,2,IGR Collection Account,Bank Charges,Debit,206792428,0,16560009100,Access Bank,Review
01/02/2021,2021,2,FAAC Account,Contractor Payment,Debit,315793247,0,16244215853,Keystone Bank,Review
22/02/2021,2021,2,Capital Project Account,Refund Received,Credit,0,288636211,16532852064,Zenith Bank,Review
04/02/2021,2021,2,IGR Collection Account,Contractor Payment,Debit,215057144,0,16317794920,GTBank,Normal
15/02/2021,2021,2,Capital Project Account,IGR Collection Remittance,Credit,0,48784179,16366579099,First Bank,Normal
28/02/2021,2021,2,Payroll Account,Refund Received,Credit,0,115493141,16482072240,GTBank,Normal
19/02/2021,2021,2,Recurrent Expenditure Account,Bank Charges,Debit,171914779,0,16310157461,GTBank,Review
15/02/2021,2021,2,FAAC Account,Loan Repayment,Debit,69250118,0,16240907343,Zenith Bank,Review
17/02/2021,2021,2,Payroll Account,IGR Collection Remittance,Credit,0,64880950,16305788293,Keystone Bank,Normal
12/02/2021,2021,2,FAAC Account,Loan Repayment,Debit,105624358,0,16200163935,Access Bank,Review
15/02/2021,2021,2,Treasury Single Account,Bank Charges,Debit,74455132,0,16125708803,First Bank,Review
27/03/2021,2021,3,IGR Collection Account,IGR Collection Remittance,Credit,0,135288427,16260997230,Zenith Bank,Normal
27/03/2021,2021,3,IGR Collection Account,Federal Allocation Receipt,Credit,0,140277600,16401274830,Access Bank,Normal
18/03/2021,2021,3,Capital Project Account,IGR Collection Remittance,Credit,0,337362188,16738637018,First Bank,Review
09/03/2021,2021,3,Capital Project Account,Refund Received,Credit,0,400460570,17139097588,Access Bank,Review
01/03/2021,2021,3,FAAC Account,Loan Repayment,Debit,251300546,0,16887797042,First Bank,Review
19/03/2021,2021,3,Capital Project Account,Federal Allocation Receipt,Credit,0,209333049,17097130091,Access Bank,Normal
24/03/2021,2021,3,IGR Collection Account,Loan Repayment,Debit,164680554,0,16932449537,Access Bank,Review
10/03/2021,2021,3,Capital Project Account,Bank Charges,Debit,189455647,0,16742993890,GTBank,Review
21/03/2021,2021,3,FAAC Account,Loan Repayment,Debit,237439690,0,16505554200,Access Bank,Review
25/03/2021,2021,3,FAAC Account,Contractor Payment,Debit,184622866,0,16320931334,UBA,Normal
15/03/2021,2021,3,Recurrent Expenditure Account,Contractor Payment,Debit,270909435,0,16050021899,GTBank,Review
02/03/2021,2021,3,Treasury Single Account,Refund Received,Credit,0,587895371,16637917270,Keystone Bank,Review
16/03/2021,2021,3,Treasury Single Account,Loan Repayment,Debit,267554592,0,16370362678,GTBank,Review
24/03/2021,2021,3,FAAC Account,Grant Receipt,Credit,0,506975990,16877338668,First Bank,Review
02/03/2021,2021,3,FAAC Account,Administrative Expense,Debit,235494969,0,16641843699,First Bank,Normal
18/03/2021,2021,3,Capital Project Account,Project Payment,Debit,86748133,0,16555095566,Keystone Bank,Normal
17/03/2021,2021,3,Recurrent Expenditure Account,Federal Allocation Receipt,Credit,0,474057862,17029153428,Access Bank,Review
18/03/2021,2021,3,FAAC Account,IGR Collection Remittance,Credit,0,527427356,17556580784,Zenith Bank,Review
21/03/2021,2021,3,FAAC Account,Federal Allocation Receipt,Credit,0,445481582,18002062366,GTBank,Review
16/03/2021,2021,3,Recurrent Expenditure Account,Federal Allocation Receipt,Credit,0,150793252,18152855618,Access Bank,Normal
14/03/2021,2021,3,Recurrent Expenditure Account,Loan Repayment,Debit,129504340,0,18023351278,Keystone Bank,Review
06/03/2021,2021,3,Recurrent Expenditure Account,Contractor Payment,Debit,221045930,0,17802305348,GTBank,Normal
04/03/2021,2021,3,IGR Collection Account,Grant Receipt,Credit,0,487827932,18290133280,Zenith Bank,Review
28/03/2021,2021,3,FAAC Account,Federal Allocation Receipt,Credit,0,35443539,18325576819,GTBank,Normal
11/03/2021,2021,3,Recurrent Expenditure Account,Payroll Payment,Debit,51504210,0,18274072609,Zenith Bank,Normal
12/03/2021,2021,3,IGR Collection Account,Bank Charges,Debit,133361927,0,18140710682,UBA,Review
26/03/2021,2021,3,Treasury Single Account,Bank Charges,Debit,179615062,0,17961095620,First Bank,Review
07/03/2021,2021,3,Treasury Single Account,IGR Collection Remittance,Credit,0,157619193,18118714813,Keystone Bank,Normal
11/03/2021,2021,3,IGR Collection Account,Administrative Expense,Debit,290562765,0,17828152048,Access Bank,Review
08/03/2021,2021,3,Capital Project Account,Contractor Payment,Debit,21181146,0,17806970902,Access Bank,Normal
06/03/2021,2021,3,Payroll Account,Loan Repayment,Debit,194478512,0,17612492390,GTBank,Review
11/03/2021,2021,3,FAAC Account,Bank Charges,Debit,244086382,0,17368406008,Zenith Bank,Review
18/03/2021,2021,3,Capital Project Account,Project Payment,Debit,292133708,0,17076272300,Zenith Bank,Review
25/03/2021,2021,3,IGR Collection Account,Contractor Payment,Debit,47448626,0,17028823674,Keystone Bank,Normal
27/03/2021,2021,3,Payroll Account,Grant Receipt,Credit,0,79893671,17108717345,GTBank,Normal
07/03/2021,2021,3,Payroll Account,Bank Charges,Debit,123282864,0,16985434481,GTBank,Review
17/03/2021,2021,3,Payroll Account,Refund Received,Credit,0,447514170,17432948651,Zenith Bank,Review
09/03/2021,2021,3,IGR Collection Account,Refund Received,Credit,0,11217171,17444165822,Zenith Bank,Normal
28/03/2021,2021,3,Capital Project Account,Loan Repayment,Debit,9854396,0,17434311426,Keystone Bank,Review
11/03/2021,2021,3,Payroll Account,Federal Allocation Receipt,Credit,0,93212267,17527523693,First Bank,Normal
11/03/2021,2021,3,Payroll Account,Project Payment,Debit,210608914,0,17316914779,First Bank,Normal
02/03/2021,2021,3,IGR Collection Account,IGR Collection Remittance,Credit,0,293501461,17610416240,GTBank,Review
10/03/2021,2021,3,IGR Collection Account,Refund Received,Credit,0,402104565,18012520805,Keystone Bank,Review
09/03/2021,2021,3,Capital Project Account,Refund Received,Credit,0,22307682,18034828487,Zenith Bank,Normal
14/03/2021,2021,3,Payroll Account,Contractor Payment,Debit,45409714,0,17989418773,Keystone Bank,Normal
28/03/2021,2021,3,FAAC Account,Bank Charges,Debit,42993296,0,17946425477,Zenith Bank,Review
26/03/2021,2021,3,Capital Project Account,Federal Allocation Receipt,Credit,0,294576953,18241002430,First Bank,Review
10/03/2021,2021,3,FAAC Account,Administrative Expense,Debit,32123983,0,18208878447,First Bank,Normal
10/03/2021,2021,3,Treasury Single Account,Administrative Expense,Debit,184687813,0,18024190634,Keystone Bank,Normal
15/03/2021,2021,3,Payroll Account,Administrative Expense,Debit,345751940,0,17678438694,UBA,Review
15/03/2021,2021,3,Capital Project Account,Transfer to MDA,Debit,285376177,0,17393062517,Access Bank,Review
12/03/2021,2021,3,Capital Project Account,Contractor Payment,Debit,264602952,0,17128459565,Zenith Bank,Review
23/03/2021,2021,3,Treasury Single Account,Loan Repayment,Debit,104258454,0,17024201111,Zenith Bank,Review
19/03/2021,2021,3,Capital Project Account,IGR Collection Remittance,Credit,0,98617931,17122819042,GTBank,Normal
13/03/2021,2021,3,FAAC Account,Bank Charges,Debit,112561145,0,17010257897,First Bank,Review
11/03/2021,2021,3,Capital Project Account,Grant Receipt,Credit,0,252875312,17263133209,Access Bank,Review
06/03/2021,2021,3,IGR Collection Account,Revenue Sweep from MDA,Credit,0,188936738,17452069947,First Bank,Normal
01/03/2021,2021,3,FAAC Account,Transfer to MDA,Debit,167285053,0,17284784894,Access Bank,Normal
26/03/2021,2021,3,Treasury Single Account,Refund Received,Credit,0,203903236,17488688130,First Bank,Normal
15/03/2021,2021,3,Treasury Single Account,Revenue Sweep from MDA,Credit,0,327975256,17816663386,Zenith Bank,Review
25/03/2021,2021,3,Payroll Account,Transfer to MDA,Debit,310872591,0,17505790795,Access Bank,Review
07/03/2021,2021,3,Recurrent Expenditure Account,Revenue Sweep from MDA,Credit,0,298716285,17804507080,Zenith Bank,Review
08/03/2021,2021,3,Recurrent Expenditure Account,Transfer to MDA,Debit,277647730,0,17526859350,Keystone Bank,Review
20/03/2021,2021,3,Recurrent Expenditure Account,Project Payment,Debit,88604818,0,17438254532,Keystone Bank,Normal
14/03/2021,2021,3,FAAC Account,Bank Charges,Debit,134367801,0,17303886731,Access Bank,Review
17/03/2021,2021,3,IGR Collection Account,Loan Repayment,Debit,147719148,0,17156167583,UBA,Review
09/03/2021,2021,3,Recurrent Expenditure Account,Transfer to MDA,Debit,308803818,0,16847363765,UBA,Review
08/03/2021,2021,3,Payroll Account,Contractor Payment,Debit,212088561,0,16635275204,Access Bank,Normal
14/03/2021,2021,3,Treasury Single Account,Loan Repayment,Debit,349388651,0,16285886553,Zenith Bank,Review
20/03/2021,2021,3,Recurrent Expenditure Account,Revenue Sweep from MDA,Credit,0,427412256,16713298809,Zenith Bank,Review
18/04/2021,2021,4,FAAC Account,Refund Received,Credit,0,408255126,17121553935,First Bank,Review
14/04/2021,2021,4,IGR Collection Account,Refund Received,Credit,0,33711201,17155265136,Zenith Bank,Normal
25/04/2021,2021,4,Treasury Single Account,Payroll Payment,Debit,71516006,0,17083749130,GTBank,Normal
15/04/2021,2021,4,FAAC Account,Project Payment,Debit,115683951,0,16968065179,Keystone Bank,Normal
10/04/2021,2021,4,IGR Collection Account,Grant Receipt,Credit,0,450249083,17418314262,Access Bank,Review
23/04/2021,2021,4,Recurrent Expenditure Account,Contractor Payment,Debit,233776157,0,17184538105,GTBank,Normal
03/04/2021,2021,4,Payroll Account,Refund Received,Credit,0,553480344,17738018449,First Bank,Review
27/04/2021,2021,4,Payroll Account,Project Payment,Debit,207755260,0,17530263189,Access Bank,Normal
04/04/2021,2021,4,Recurrent Expenditure Account,Bank Charges,Debit,14407055,0,17515856134,First Bank,Review
28/04/2021,2021,4,FAAC Account,Administrative Expense,Debit,323729852,0,17192126282,First Bank,Review
04/04/2021,2021,4,Treasury Single Account,Refund Received,Credit,0,517192567,17709318849,First Bank,Review
15/04/2021,2021,4,IGR Collection Account,Project Payment,Debit,30678877,0,17678639972,First Bank,Normal
24/04/2021,2021,4,Capital Project Account,Bank Charges,Debit,208081179,0,17470558793,GTBank,Review
14/04/2021,2021,4,Recurrent Expenditure Account,Revenue Sweep from MDA,Credit,0,355041021,17825599814,UBA,Review
11/04/2021,2021,4,FAAC Account,Contractor Payment,Debit,186112862,0,17639486952,UBA,Normal
18/04/2021,2021,4,FAAC Account,Federal Allocation Receipt,Credit,0,514694818,18154181770,Keystone Bank,Review
11/04/2021,2021,4,FAAC Account,Transfer to MDA,Debit,11895742,0,18142286028,Keystone Bank,Normal
25/04/2021,2021,4,Recurrent Expenditure Account,IGR Collection Remittance,Credit,0,114509283,18256795311,Keystone Bank,Normal
04/04/2021,2021,4,IGR Collection Account,Administrative Expense,Debit,266185562,0,17990609749,GTBank,Review
07/04/2021,2021,4,FAAC Account,IGR Collection Remittance,Credit,0,234393188,18225002937,GTBank,Normal
06/04/2021,2021,4,Capital Project Account,Transfer to MDA,Debit,332540655,0,17892462282,UBA,Review
04/04/2021,2021,4,Payroll Account,Loan Repayment,Debit,218899737,0,17673562545,Zenith Bank,Review
01/04/2021,2021,4,Treasury Single Account,Administrative Expense,Debit,348434099,0,17325128446,GTBank,Review
23/04/2021,2021,4,Payroll Account,Federal Allocation Receipt,Credit,0,579883480,17905011926,Zenith Bank,Review
14/04/2021,2021,4,FAAC Account,Federal Allocation Receipt,Credit,0,160374981,18065386907,UBA,Normal
09/04/2021,2021,4,Recurrent Expenditure Account,Contractor Payment,Debit,313020611,0,17752366296,UBA,Review
25/04/2021,2021,4,FAAC Account,Project Payment,Debit,161412467,0,17590953829,Zenith Bank,Normal
16/04/2021,2021,4,Treasury Single Account,Revenue Sweep from MDA,Credit,0,365345612,17956299441,First Bank,Review
15/04/2021,2021,4,FAAC Account,Bank Charges,Debit,16646106,0,17939653335,UBA,Review
09/04/2021,2021,4,FAAC Account,Federal Allocation Receipt,Credit,0,477740141,18417393476,GTBank,Review
14/04/2021,2021,4,Treasury Single Account,Contractor Payment,Debit,111244961,0,18306148515,GTBank,Normal
15/04/2021,2021,4,Payroll Account,Revenue Sweep from MDA,Credit,0,479619570,18785768085,Keystone Bank,Review
11/04/2021,2021,4,Treasury Single Account,Grant Receipt,Credit,0,427974778,19213742863,Keystone Bank,Review
10/04/2021,2021,4,Recurrent Expenditure Account,Contractor Payment,Debit,206069933,0,19007672930,UBA,Normal
22/04/2021,2021,4,Recurrent Expenditure Account,Federal Allocation Receipt,Credit,0,250496017,19258168947,Zenith Bank,Review
23/04/2021,2021,4,Treasury Single Account,Administrative Expense,Debit,116320630,0,19141848317,Keystone Bank,Normal
11/04/2021,2021,4,Treasury Single Account,Federal Allocation Receipt,Credit,0,250413511,19392261828,First Bank,Review
12/04/2021,2021,4,IGR Collection Account,Contractor Payment,Debit,237234630,0,19155027198,GTBank,Normal
24/04/2021,2021,4,Capital Project Account,Project Payment,Debit,7368409,0,19147658789,UBA,Normal
25/04/2021,2021,4,IGR Collection Account,Federal Allocation Receipt,Credit,0,44026110,19191684899,UBA,Normal
13/04/2021,2021,4,Capital Project Account,Administrative Expense,Debit,326067581,0,18865617318,Zenith Bank,Review
16/04/2021,2021,4,Payroll Account,Grant Receipt,Credit,0,218687373,19084304691,Keystone Bank,Normal
15/04/2021,2021,4,Treasury Single Account,Revenue Sweep from MDA,Credit,0,547233682,19631538373,Access Bank,Review
03/04/2021,2021,4,Recurrent Expenditure Account,Payroll Payment,Debit,317454913,0,19314083460,Zenith Bank,Review
11/04/2021,2021,4,Recurrent Expenditure Account,Project Payment,Debit,36649385,0,19277434075,UBA,Normal
05/04/2021,2021,4,IGR Collection Account,Federal Allocation Receipt,Credit,0,516570306,19794004381,UBA,Review
04/04/2021,2021,4,IGR Collection Account,IGR Collection Remittance,Credit,0,434565893,20228570274,Keystone Bank,Review
03/04/2021,2021,4,IGR Collection Account,Loan Repayment,Debit,311740933,0,19916829341,GTBank,Review
12/04/2021,2021,4,Payroll Account,Grant Receipt,Credit,0,395583663,20312413004,Keystone Bank,Review
22/04/2021,2021,4,IGR Collection Account,Payroll Payment,Debit,313871076,0,19998541928,UBA,Review
01/04/2021,2021,4,Capital Project Account,Administrative Expense,Debit,147907092,0,19850634836,UBA,Normal
08/04/2021,2021,4,Payroll Account,Payroll Payment,Debit,310803255,0,19539831581,UBA,Review
06/04/2021,2021,4,Payroll Account,Transfer to MDA,Debit,180333577,0,19359498004,Access Bank,Normal
03/04/2021,2021,4,Treasury Single Account,Federal Allocation Receipt,Credit,0,289112905,19648610909,GTBank,Review
24/04/2021,2021,4,Recurrent Expenditure Account,IGR Collection Remittance,Credit,0,526659821,20175270730,First Bank,Review
19/04/2021,2021,4,IGR Collection Account,Administrative Expense,Debit,320894136,0,19854376594,First Bank,Review
08/04/2021,2021,4,Capital Project Account,IGR Collection Remittance,Credit,0,402770315,20257146909,GTBank,Review
03/04/2021,2021,4,Treasury Single Account,Payroll Payment,Debit,200132095,0,20057014814,UBA,Normal
14/04/2021,2021,4,Recurrent Expenditure Account,IGR Collection Remittance,Credit,0,342787330,20399802144,Access Bank,Review
04/04/2021,2021,4,Payroll Account,Contractor Payment,Debit,30280385,0,20369521759,UBA,Normal
16/04/2021,2021,4,Capital Project Account,Administrative Expense,Debit,239470186,0,20130051573,Keystone Bank,Normal
04/04/2021,2021,4,Payroll Account,Bank Charges,Debit,69164600,0,20060886973,UBA,Review
16/04/2021,2021,4,Payroll Account,Loan Repayment,Debit,333915121,0,19726971852,Zenith Bank,Review
10/04/2021,2021,4,Recurrent Expenditure Account,IGR Collection Remittance,Credit,0,80595590,19807567442,Keystone Bank,Normal
04/04/2021,2021,4,IGR Collection Account,Administrative Expense,Debit,121645907,0,19685921535,Zenith Bank,Normal
18/04/2021,2021,4,FAAC Account,Refund Received,Credit,0,111903502,19797825037,First Bank,Normal
13/04/2021,2021,4,Payroll Account,Grant Receipt,Credit,0,231718703,20029543740,Access Bank,Normal
20/04/2021,2021,4,Payroll Account,Revenue Sweep from MDA,Credit,0,457082034,20486625774,Access Bank,Review
03/04/2021,2021,4,FAAC Account,Loan Repayment,Debit,343526132,0,20143099642,Zenith Bank,Review
06/04/2021,2021,4,IGR Collection Account,Revenue Sweep from MDA,Credit,0,324592260,20467691902,GTBank,Review
07/05/2021,2021,5,Recurrent Expenditure Account,Federal Allocation Receipt,Credit,0,211763264,20679455166,Keystone Bank,Normal
22/05/2021,2021,5,IGR Collection Account,Loan Repayment,Debit,169215604,0,20510239562,UBA,Review
01/05/2021,2021,5,FAAC Account,IGR Collection Remittance,Credit,0,10952542,20521192104,GTBank,Normal
03/05/2021,2021,5,Treasury Single Account,Payroll Payment,Debit,161915233,0,20359276871,First Bank,Normal
20/05/2021,2021,5,Payroll Account,Contractor Payment,Debit,177568446,0,20181708425,GTBank,Normal
17/05/2021,2021,5,Treasury Single Account,Project Payment,Debit,135434046,0,20046274379,GTBank,Normal
02/05/2021,2021,5,Payroll Account,IGR Collection Remittance,Credit,0,163898386,20210172765,First Bank,Normal
24/05/2021,2021,5,Recurrent Expenditure Account,Payroll Payment,Debit,335156101,0,19875016664,First Bank,Review
23/05/2021,2021,5,Payroll Account,Federal Allocation Receipt,Credit,0,28223787,19903240451,First Bank,Normal
15/05/2021,2021,5,FAAC Account,Grant Receipt,Credit,0,528920121,20432160572,Access Bank,Review
11/05/2021,2021,5,Payroll Account,Federal Allocation Receipt,Credit,0,569968514,21002129086,Access Bank,Review
04/05/2021,2021,5,FAAC Account,Revenue Sweep from MDA,Credit,0,542106953,21544236039,UBA,Review
11/05/2021,2021,5,Recurrent Expenditure Account,Federal Allocation Receipt,Credit,0,326762213,21870998252,First Bank,Review
02/05/2021,2021,5,Capital Project Account,Administrative Expense,Debit,21160290,0,21849837962,Zenith Bank,Normal
08/05/2021,2021,5,Recurrent Expenditure Account,Payroll Payment,Debit,12285429,0,21837552533,UBA,Normal
24/05/2021,2021,5,Capital Project Account,Revenue Sweep from MDA,Credit,0,209185856,22046738389,Keystone Bank,Normal
14/05/2021,2021,5,Recurrent Expenditure Account,IGR Collection Remittance,Credit,0,52974934,22099713323,GTBank,Normal
20/05/2021,2021,5,FAAC Account,Project Payment,Debit,303448222,0,21796265101,Access Bank,Review
28/05/2021,2021,5,FAAC Account,Loan Repayment,Debit,280266137,0,21515998964,UBA,Review
09/05/2021,2021,5,IGR Collection Account,Grant Receipt,Credit,0,458381088,21974380052,GTBank,Review
27/05/2021,2021,5,Payroll Account,Federal Allocation Receipt,Credit,0,593904225,22568284277,Access Bank,Review
12/05/2021,2021,5,Payroll Account,Revenue Sweep from MDA,Credit,0,316709291,22884993568,GTBank,Review
10/05/2021,2021,5,FAAC Account,Revenue Sweep from MDA,Credit,0,534301731,23419295299,GTBank,Review
06/05/2021,2021,5,FAAC Account,Grant Receipt,Credit,0,125195773,23544491072,Access Bank,Normal
02/05/2021,2021,5,FAAC Account,Contractor Payment,Debit,277048148,0,23267442924,Access Bank,Review
28/05/2021,2021,5,Treasury Single Account,Bank Charges,Debit,74004396,0,23193438528,First Bank,Review
03/05/2021,2021,5,IGR Collection Account,IGR Collection Remittance,Credit,0,310873335,23504311863,Keystone Bank,Review
08/05/2021,2021,5,IGR Collection Account,Grant Receipt,Credit,0,341596607,23845908470,First Bank,Review
07/05/2021,2021,5,Payroll Account,Grant Receipt,Credit,0,142079779,23987988249,GTBank,Normal
21/05/2021,2021,5,Payroll Account,Bank Charges,Debit,166882638,0,23821105611,First Bank,Review
02/05/2021,2021,5,IGR Collection Account,Revenue Sweep from MDA,Credit,0,391314035,24212419646,GTBank,Review
20/05/2021,2021,5,Recurrent Expenditure Account,IGR Collection Remittance,Credit,0,167349528,24379769174,Zenith Bank,Normal
11/05/2021,2021,5,IGR Collection Account,IGR Collection Remittance,Credit,0,456192219,24835961393,Zenith Bank,Review
23/05/2021,2021,5,Treasury Single Account,Revenue Sweep from MDA,Credit,0,325984846,25161946239,Access Bank,Review
01/05/2021,2021,5,Treasury Single Account,Bank Charges,Debit,103919693,0,25058026546,Zenith Bank,Review
21/05/2021,2021,5,Capital Project Account,Project Payment,Debit,207074329,0,24850952217,First Bank,Normal
10/05/2021,2021,5,FAAC Account,Contractor Payment,Debit,306099306,0,24544852911,First Bank,Review
23/05/2021,2021,5,Capital Project Account,Project Payment,Debit,159520202,0,24385332709,UBA,Normal
24/05/2021,2021,5,Recurrent Expenditure Account,Loan Repayment,Debit,172822131,0,24212510578,Zenith Bank,Review
06/05/2021,2021,5,IGR Collection Account,Contractor Payment,Debit,215565480,0,23996945098,Keystone Bank,Normal
11/05/2021,2021,5,Capital Project Account,Refund Received,Credit,0,316212977,24313158075,Access Bank,Review
05/05/2021,2021,5,Payroll Account,IGR Collection Remittance,Credit,0,19065152,24332223227,Keystone Bank,Normal
24/05/2021,2021,5,Recurrent Expenditure Account,Federal Allocation Receipt,Credit,0,6724502,24338947729,GTBank,Normal
10/05/2021,2021,5,Recurrent Expenditure Account,Loan Repayment,Debit,349987172,0,23988960557,Keystone Bank,Review
24/05/2021,2021,5,IGR Collection Account,Revenue Sweep from MDA,Credit,0,29091441,24018051998,Keystone Bank,Normal
12/05/2021,2021,5,FAAC Account,Payroll Payment,Debit,144647671,0,23873404327,Keystone Bank,Normal
18/05/2021,2021,5,Treasury Single Account,Revenue Sweep from MDA,Credit,0,185833312,24059237639,First Bank,Normal
14/05/2021,2021,5,FAAC Account,Loan Repayment,Debit,292165224,0,23767072415,Access Bank,Review
24/05/2021,2021,5,FAAC Account,Revenue Sweep from MDA,Credit,0,457549271,24224621686,Access Bank,Review
28/05/2021,2021,5,Capital Project Account,Grant Receipt,Credit,0,370370703,24594992389,Access Bank,Review
22/05/2021,2021,5,Capital Project Account,Federal Allocation Receipt,Credit,0,282016001,24877008390,Keystone Bank,Review
22/05/2021,2021,5,Recurrent Expenditure Account,Loan Repayment,Debit,248047488,0,24628960902,UBA,Review
20/05/2021,2021,5,Treasury Single Account,Transfer to MDA,Debit,54532020,0,24574428882,GTBank,Normal
28/05/2021,2021,5,Recurrent Expenditure Account,Project Payment,Debit,44653826,0,24529775056,First Bank,Normal
11/05/2021,2021,5,IGR Collection Account,Contractor Payment,Debit,25537506,0,24504237550,Access Bank,Normal
07/05/2021,2021,5,IGR Collection Account,Bank Charges,Debit,142104431,0,24362133119,Zenith Bank,Review
09/05/2021,2021,5,Recurrent Expenditure Account,IGR Collection Remittance,Credit,0,196831958,24558965077,Keystone Bank,Normal
14/05/2021,2021,5,Payroll Account,Refund Received,Credit,0,146771400,24705736477,UBA,Normal
25/05/2021,2021,5,Treasury Single Account,Transfer to MDA,Debit,79193119,0,24626543358,Zenith Bank,Normal
27/05/2021,2021,5,Treasury Single Account,Loan Repayment,Debit,204761358,0,24421782000,Access Bank,Review
12/05/2021,2021,5,Capital Project Account,Federal Allocation Receipt,Credit,0,11030976,24432812976,First Bank,Normal
27/05/2021,2021,5,Treasury Single Account,Refund Received,Credit,0,29617335,24462430311,Access Bank,Normal
03/05/2021,2021,5,IGR Collection Account,Refund Received,Credit,0,214323448,24676753759,Zenith Bank,Normal
27/05/2021,2021,5,FAAC Account,Grant Receipt,Credit,0,408383393,25085137152,Zenith Bank,Review
08/05/2021,2021,5,Payroll Account,Project Payment,Debit,119722759,0,24965414393,Access Bank,Normal
13/05/2021,2021,5,Capital Project Account,Transfer to MDA,Debit,223336978,0,24742077415,GTBank,Normal
28/05/2021,2021,5,IGR Collection Account,Federal Allocation Receipt,Credit,0,593440970,25335518385,UBA,Review
24/05/2021,2021,5,Capital Project Account,Revenue Sweep from MDA,Credit,0,358259926,25693778311,Zenith Bank,Review
25/05/2021,2021,5,Payroll Account,Bank Charges,Debit,293317602,0,25400460709,Zenith Bank,Review
08/05/2021,2021,5,Payroll Account,IGR Collection Remittance,Credit,0,417732734,25818193443,UBA,Review
11/06/2021,2021,6,Recurrent Expenditure Account,IGR Collection Remittance,Credit,0,375250131,26193443574,Zenith Bank,Review
01/06/2021,2021,6,Capital Project Account,Transfer to MDA,Debit,119339138,0,26074104436,UBA,Normal
21/06/2021,2021,6,Capital Project Account,Administrative Expense,Debit,248310893,0,25825793543,GTBank,Normal
07/06/2021,2021,6,Recurrent Expenditure Account,Federal Allocation Receipt,Credit,0,449086182,26274879725,First Bank,Review
22/06/2021,2021,6,Treasury Single Account,Grant Receipt,Credit,0,16879094,26291758819,First Bank,Normal
07/06/2021,2021,6,Treasury Single Account,Project Payment,Debit,115909178,0,26175849641,First Bank,Normal
12/06/2021,2021,6,Capital Project Account,Contractor Payment,Debit,154853023,0,26020996618,UBA,Normal
21/06/2021,2021,6,Payroll Account,Payroll Payment,Debit,62795518,0,25958201100,Access Bank,Normal
20/06/2021,2021,6,Treasury Single Account,Transfer to MDA,Debit,29406828,0,25928794272,Zenith Bank,Normal
27/06/2021,2021,6,Treasury Single Account,Federal Allocation Receipt,Credit,0,244179284,26172973556,GTBank,Normal
15/06/2021,2021,6,Recurrent Expenditure Account,Bank Charges,Debit,26702364,0,26146271192,UBA,Review
08/06/2021,2021,6,Recurrent Expenditure Account,Bank Charges,Debit,81428143,0,26064843049,Keystone Bank,Review
04/06/2021,2021,6,Capital Project Account,Transfer to MDA,Debit,37359217,0,26027483832,UBA,Normal
01/06/2021,2021,6,FAAC Account,Revenue Sweep from MDA,Credit,0,520789377,26548273209,First Bank,Review
23/06/2021,2021,6,FAAC Account,Refund Received,Credit,0,508369289,27056642498,Keystone Bank,Review
21/06/2021,2021,6,Payroll Account,Grant Receipt,Credit,0,34321889,27090964387,Access Bank,Normal
19/06/2021,2021,6,Treasury Single Account,IGR Collection Remittance,Credit,0,72878099,27163842486,Access Bank,Normal
23/06/2021,2021,6,IGR Collection Account,Bank Charges,Debit,242761394,0,26921081092,Access Bank,Review
07/06/2021,2021,6,FAAC Account,IGR Collection Remittance,Credit,0,458143817,27379224909,Access Bank,Review
07/06/2021,2021,6,Treasury Single Account,Grant Receipt,Credit,0,366282628,27745507537,Access Bank,Review
17/06/2021,2021,6,IGR Collection Account,Revenue Sweep from MDA,Credit,0,156587808,27902095345,Keystone Bank,Normal
13/06/2021,2021,6,Payroll Account,Revenue Sweep from MDA,Credit,0,58167567,27960262912,Keystone Bank,Normal
22/06/2021,2021,6,Capital Project Account,Loan Repayment,Debit,219016046,0,27741246866,First Bank,Review
06/06/2021,2021,6,IGR Collection Account,Transfer to MDA,Debit,271756484,0,27469490382,UBA,Review
03/06/2021,2021,6,IGR Collection Account,IGR Collection Remittance,Credit,0,347833553,27817323935,Zenith Bank,Review
21/06/2021,2021,6,Capital Project Account,Project Payment,Debit,206460126,0,27610863809,Keystone Bank,Normal
07/06/2021,2021,6,Payroll Account,Federal Allocation Receipt,Credit,0,498268364,28109132173,Access Bank,Review
04/06/2021,2021,6,FAAC Account,IGR Collection Remittance,Credit,0,282302885,28391435058,Zenith Bank,Review
03/06/2021,2021,6,Payroll Account,Loan Repayment,Debit,211368456,0,28180066602,First Bank,Review
02/06/2021,2021,6,Recurrent Expenditure Account,Loan Repayment,Debit,269674068,0,27910392534,Zenith Bank,Review
05/06/2021,2021,6,IGR Collection Account,Refund Received,Credit,0,463224084,28373616618,Zenith Bank,Review
27/06/2021,2021,6,IGR Collection Account,Transfer to MDA,Debit,174957880,0,28198658738,UBA,Normal
09/06/2021,2021,6,Recurrent Expenditure Account,Refund Received,Credit,0,138835523,28337494261,Access Bank,Normal
16/06/2021,2021,6,IGR Collection Account,Loan Repayment,Debit,100555946,0,28236938315,First Bank,Review
21/06/2021,2021,6,Capital Project Account,Federal Allocation Receipt,Credit,0,390409787,28627348102,First Bank,Review
02/06/2021,2021,6,Capital Project Account,Refund Received,Credit,0,205189366,28832537468,UBA,Normal
05/06/2021,2021,6,FAAC Account,Contractor Payment,Debit,270333313,0,28562204155,GTBank,Review
27/06/2021,2021,6,Recurrent Expenditure Account,Refund Received,Credit,0,23121794,28585325949,First Bank,Normal
25/06/2021,2021,6,FAAC Account,Transfer to MDA,Debit,90693466,0,28494632483,Zenith Bank,Normal
14/06/2021,2021,6,Treasury Single Account,Federal Allocation Receipt,Credit,0,484106097,28978738580,Zenith Bank,Review
10/06/2021,2021,6,Payroll Account,Project Payment,Debit,281935193,0,28696803387,UBA,Review
24/06/2021,2021,6,Payroll Account,Bank Charges,Debit,117825960,0,28578977427,Keystone Bank,Review
23/06/2021,2021,6,IGR Collection Account,Project Payment,Debit,93703323,0,28485274104,Keystone Bank,Normal
24/06/2021,2021,6,Recurrent Expenditure Account,Federal Allocation Receipt,Credit,0,422345753,28907619857,First Bank,Review
20/06/2021,2021,6,Recurrent Expenditure Account,IGR Collection Remittance,Credit,0,276633181,29184253038,Access Bank,Review
01/06/2021,2021,6,Recurrent Expenditure Account,Transfer to MDA,Debit,280662049,0,28903590989,Access Bank,Review
07/06/2021,2021,6,Treasury Single Account,Contractor Payment,Debit,104108637,0,28799482352,GTBank,Normal
22/06/2021,2021,6,IGR Collection Account,Revenue Sweep from MDA,Credit,0,479825366,29279307718,Keystone Bank,Review
06/06/2021,2021,6,Treasury Single Account,Federal Allocation Receipt,Credit,0,305871748,29585179466,UBA,Review
03/06/2021,2021,6,Payroll Account,Transfer to MDA,Debit,162728647,0,29422450819,First Bank,Normal
04/06/2021,2021,6,Capital Project Account,Bank Charges,Debit,220607824,0,29201842995,Keystone Bank,Review
25/06/2021,2021,6,Payroll Account,Federal Allocation Receipt,Credit,0,510224526,29712067521,Access Bank,Review
25/06/2021,2021,6,Recurrent Expenditure Account,Grant Receipt,Credit,0,256027132,29968094653,Keystone Bank,Review
08/06/2021,2021,6,Treasury Single Account,Contractor Payment,Debit,58157892,0,29909936761,Keystone Bank,Normal
15/06/2021,2021,6,IGR Collection Account,Grant Receipt,Credit,0,556107750,30466044511,Access Bank,Review
21/06/2021,2021,6,Treasury Single Account,IGR Collection Remittance,Credit,0,208263188,30674307699,Zenith Bank,Normal
13/06/2021,2021,6,IGR Collection Account,Grant Receipt,Credit,0,488803830,31163111529,GTBank,Review
09/06/2021,2021,6,Treasury Single Account,Loan Repayment,Debit,205875383,0,30957236146,Keystone Bank,Review
06/06/2021,2021,6,FAAC Account,Grant Receipt,Credit,0,469512552,31426748698,First Bank,Review
02/06/2021,2021,6,Treasury Single Account,Federal Allocation Receipt,Credit,0,154942951,31581691649,UBA,Normal
10/06/2021,2021,6,Payroll Account,Grant Receipt,Credit,0,306688361,31888380010,GTBank,Review
28/06/2021,2021,6,Treasury Single Account,Federal Allocation Receipt,Credit,0,53205173,31941585183,First Bank,Normal
15/06/2021,2021,6,Payroll Account,Refund Received,Credit,0,181447519,32123032702,First Bank,Normal
05/06/2021,2021,6,FAAC Account,Loan Repayment,Debit,288180632,0,31834852070,GTBank,Review
09/06/2021,2021,6,FAAC Account,IGR Collection Remittance,Credit,0,30593494,31865445564,First Bank,Normal
07/06/2021,2021,6,FAAC Account,Federal Allocation Receipt,Credit,0,510933555,32376379119,First Bank,Review
07/06/2021,2021,6,Recurrent Expenditure Account,IGR Collection Remittance,Credit,0,582489351,32958868470,UBA,Review
17/06/2021,2021,6,Capital Project Account,Bank Charges,Debit,258810639,0,32700057831,First Bank,Review
25/06/2021,2021,6,Payroll Account,Payroll Payment,Debit,110995169,0,32589062662,Keystone Bank,Normal
27/06/2021,2021,6,Treasury Single Account,Federal Allocation Receipt,Credit,0,50193951,32639256613,Zenith Bank,Normal
21/07/2021,2021,7,IGR Collection Account,Administrative Expense,Debit,107735644,0,32531520969,GTBank,Normal
07/07/2021,2021,7,Recurrent Expenditure Account,Payroll Payment,Debit,124977985,0,32406542984,First Bank,Normal
02/07/2021,2021,7,Treasury Single Account,IGR Collection Remittance,Credit,0,202092093,32608635077,First Bank,Normal
12/07/2021,2021,7,FAAC Account,Loan Repayment,Debit,66248803,0,32542386274,UBA,Review
28/07/2021,2021,7,Recurrent Expenditure Account,Project Payment,Debit,105999760,0,32436386514,First Bank,Normal
08/07/2021,2021,7,Payroll Account,Refund Received,Credit,0,326585631,32762972145,Zenith Bank,Review
10/07/2021,2021,7,FAAC Account,Project Payment,Debit,148276359,0,32614695786,First Bank,Normal
02/07/2021,2021,7,Payroll Account,Contractor Payment,Debit,282601606,0,32332094180,Keystone Bank,Review
25/07/2021,2021,7,FAAC Account,Project Payment,Debit,88178099,0,32243916081,First Bank,Normal
08/07/2021,2021,7,Recurrent Expenditure Account,Administrative Expense,Debit,13454386,0,32230461695,Zenith Bank,Normal
14/07/2021,2021,7,Payroll Account,Contractor Payment,Debit,197374381,0,32033087314,Access Bank,Normal
11/07/2021,2021,7,Capital Project Account,Refund Received,Credit,0,574217620,32607304934,First Bank,Review
24/07/2021,2021,7,Capital Project Account,Contractor Payment,Debit,72221304,0,32535083630,Keystone Bank,Normal
04/07/2021,2021,7,FAAC Account,Loan Repayment,Debit,10837655,0,32524245975,First Bank,Review
10/07/2021,2021,7,Capital Project Account,Federal Allocation Receipt,Credit,0,340657726,32864903701,Zenith Bank,Review
07/07/2021,2021,7,IGR Collection Account,Contractor Payment,Debit,312970923,0,32551932778,UBA,Review
26/07/2021,2021,7,Recurrent Expenditure Account,Contractor Payment,Debit,208625362,0,32343307416,Zenith Bank,Normal
12/07/2021,2021,7,Capital Project Account,Transfer to MDA,Debit,188158090,0,32155149326,GTBank,Normal
10/07/2021,2021,7,Capital Project Account,IGR Collection Remittance,Credit,0,395873542,32551022868,GTBank,Review
15/07/2021,2021,7,Payroll Account,Revenue Sweep from MDA,Credit,0,32752161,32583775029,Keystone Bank,Normal
03/07/2021,2021,7,Capital Project Account,Payroll Payment,Debit,75282779,0,32508492250,Zenith Bank,Normal
10/07/2021,2021,7,Recurrent Expenditure Account,Grant Receipt,Credit,0,367825965,32876318215,UBA,Review
11/07/2021,2021,7,Treasury Single Account,Contractor Payment,Debit,120830016,0,32755488199,Keystone Bank,Normal
21/07/2021,2021,7,IGR Collection Account,Revenue Sweep from MDA,Credit,0,79535762,32835023961,Keystone Bank,Normal
17/07/2021,2021,7,Capital Project Account,Project Payment,Debit,139333369,0,32695690592,Zenith Bank,Normal
10/07/2021,2021,7,Treasury Single Account,IGR Collection Remittance,Credit,0,6900218,32702590810,Access Bank,Normal
26/07/2021,2021,7,FAAC Account,Loan Repayment,Debit,76974851,0,32625615959,First Bank,Review
23/07/2021,2021,7,FAAC Account,Transfer to MDA,Debit,283997711,0,32341618248,UBA,Review
17/07/2021,2021,7,Capital Project Account,Refund Received,Credit,0,412550600,32754168848,GTBank,Review
17/07/2021,2021,7,FAAC Account,Payroll Payment,Debit,340833541,0,32413335307,First Bank,Review
11/07/2021,2021,7,IGR Collection Account,Project Payment,Debit,322187973,0,32091147334,Zenith Bank,Review
13/07/2021,2021,7,Treasury Single Account,IGR Collection Remittance,Credit,0,483188847,32574336181,UBA,Review
27/07/2021,2021,7,Recurrent Expenditure Account,Bank Charges,Debit,275542330,0,32298793851,UBA,Review
04/07/2021,2021,7,IGR Collection Account,Loan Repayment,Debit,12295491,0,32286498360,Access Bank,Review
11/07/2021,2021,7,Treasury Single Account,Revenue Sweep from MDA,Credit,0,591843858,32878342218,UBA,Review
07/07/2021,2021,7,Capital Project Account,Bank Charges,Debit,261767801,0,32616574417,GTBank,Review
28/07/2021,2021,7,Payroll Account,Project Payment,Debit,20565086,0,32596009331,UBA,Normal
14/07/2021,2021,7,Capital Project Account,Bank Charges,Debit,310764639,0,32285244692,GTBank,Review
12/07/2021,2021,7,IGR Collection Account,Administrative Expense,Debit,124814269,0,32160430423,GTBank,Normal
27/07/2021,2021,7,IGR Collection Account,Bank Charges,Debit,151611000,0,32008819423,Access Bank,Review
28/07/2021,2021,7,Recurrent Expenditure Account,Refund Received,Credit,0,387765129,32396584552,GTBank,Review
21/07/2021,2021,7,IGR Collection Account,Contractor Payment,Debit,221181134,0,32175403418,Access Bank,Normal
13/07/2021,2021,7,Payroll Account,Revenue Sweep from MDA,Credit,0,186653735,32362057153,Zenith Bank,Normal
10/07/2021,2021,7,Capital Project Account,Loan Repayment,Debit,154699470,0,32207357683,Keystone Bank,Review
08/07/2021,2021,7,FAAC Account,Transfer to MDA,Debit,86231950,0,32121125733,Zenith Bank,Normal
18/07/2021,2021,7,IGR Collection Account,Revenue Sweep from MDA,Credit,0,444676399,32565802132,GTBank,Review
05/07/2021,2021,7,Payroll Account,Federal Allocation Receipt,Credit,0,519503692,33085305824,GTBank,Review
01/07/2021,2021,7,Payroll Account,Payroll Payment,Debit,154021042,0,32931284782,UBA,Normal
04/07/2021,2021,7,FAAC Account,Payroll Payment,Debit,67046072,0,32864238710,Keystone Bank,Normal
23/07/2021,2021,7,Payroll Account,Payroll Payment,Debit,188545823,0,32675692887,Access Bank,Normal
21/07/2021,2021,7,Payroll Account,IGR Collection Remittance,Credit,0,171273973,32846966860,First Bank,Normal
24/07/2021,2021,7,Payroll Account,IGR Collection Remittance,Credit,0,561771463,33408738323,GTBank,Review
09/07/2021,2021,7,IGR Collection Account,IGR Collection Remittance,Credit,0,574401679,33983140002,Access Bank,Review
22/07/2021,2021,7,Treasury Single Account,Transfer to MDA,Debit,260037843,0,33723102159,GTBank,Review
05/07/2021,2021,7,IGR Collection Account,Grant Receipt,Credit,0,415098975,34138201134,UBA,Review
04/07/2021,2021,7,IGR Collection Account,Grant Receipt,Credit,0,520599929,34658801063,Access Bank,Review
07/07/2021,2021,7,FAAC Account,Administrative Expense,Debit,174168884,0,34484632179,First Bank,Normal
04/07/2021,2021,7,Treasury Single Account,Transfer to MDA,Debit,277684234,0,34206947945,Access Bank,Review
03/07/2021,2021,7,Recurrent Expenditure Account,Federal Allocation Receipt,Credit,0,515524637,34722472582,Keystone Bank,Review
05/07/2021,2021,7,Payroll Account,Grant Receipt,Credit,0,589981742,35312454324,GTBank,Review
19/07/2021,2021,7,Capital Project Account,Contractor Payment,Debit,133460227,0,35178994097,UBA,Normal
11/07/2021,2021,7,Payroll Account,IGR Collection Remittance,Credit,0,107542707,35286536804,Zenith Bank,Normal
10/07/2021,2021,7,Payroll Account,Transfer to MDA,Debit,249242805,0,35037293999,Zenith Bank,Normal
23/07/2021,2021,7,Treasury Single Account,Refund Received,Credit,0,145709964,35183003963,UBA,Normal
11/07/2021,2021,7,Recurrent Expenditure Account,Refund Received,Credit,0,133737578,35316741541,GTBank,Normal
12/07/2021,2021,7,Payroll Account,Revenue Sweep from MDA,Credit,0,176782055,35493523596,First Bank,Normal
09/07/2021,2021,7,FAAC Account,Revenue Sweep from MDA,Credit,0,382239227,35875762823,Keystone Bank,Review
07/07/2021,2021,7,Capital Project Account,Revenue Sweep from MDA,Credit,0,513315057,36389077880,First Bank,Review
06/07/2021,2021,7,Capital Project Account,Bank Charges,Debit,315004519,0,36074073361,UBA,Review
26/07/2021,2021,7,IGR Collection Account,Payroll Payment,Debit,49623614,0,36024449747,Zenith Bank,Normal
05/08/2021,2021,8,Recurrent Expenditure Account,Project Payment,Debit,134446506,0,35890003241,Zenith Bank,Normal
22/08/2021,2021,8,IGR Collection Account,IGR Collection Remittance,Credit,0,130430777,36020434018,First Bank,Normal
20/08/2021,2021,8,IGR Collection Account,Transfer to MDA,Debit,316792236,0,35703641782,Access Bank,Review
11/08/2021,2021,8,FAAC Account,IGR Collection Remittance,Credit,0,365033652,36068675434,Keystone Bank,Review
24/08/2021,2021,8,Recurrent Expenditure Account,Revenue Sweep from MDA,Credit,0,133408137,36202083571,UBA,Normal
18/08/2021,2021,8,Capital Project Account,Payroll Payment,Debit,324167388,0,35877916183,Keystone Bank,Review
15/08/2021,2021,8,Payroll Account,Bank Charges,Debit,227566782,0,35650349401,Access Bank,Review
16/08/2021,2021,8,FAAC Account,Contractor Payment,Debit,289605264,0,35360744137,UBA,Review
21/08/2021,2021,8,Recurrent Expenditure Account,Transfer to MDA,Debit,50843739,0,35309900398,Access Bank,Normal
14/08/2021,2021,8,Treasury Single Account,Transfer to MDA,Debit,219757872,0,35090142526,GTBank,Normal
18/08/2021,2021,8,Capital Project Account,IGR Collection Remittance,Credit,0,237596747,35327739273,Access Bank,Normal
05/08/2021,2021,8,Capital Project Account,Federal Allocation Receipt,Credit,0,257184946,35584924219,Keystone Bank,Review
10/08/2021,2021,8,IGR Collection Account,Grant Receipt,Credit,0,589601761,36174525980,GTBank,Review
05/08/2021,2021,8,Payroll Account,Project Payment,Debit,240175852,0,35934350128,Access Bank,Normal
19/08/2021,2021,8,FAAC Account,Contractor Payment,Debit,12594431,0,35921755697,Zenith Bank,Normal
27/08/2021,2021,8,Recurrent Expenditure Account,Revenue Sweep from MDA,Credit,0,44904395,35966660092,UBA,Normal
24/08/2021,2021,8,FAAC Account,Bank Charges,Debit,200661554,0,35765998538,GTBank,Review
06/08/2021,2021,8,IGR Collection Account,Grant Receipt,Credit,0,450787739,36216786277,First Bank,Review
11/08/2021,2021,8,Capital Project Account,IGR Collection Remittance,Credit,0,195922110,36412708387,Access Bank,Normal
16/08/2021,2021,8,Capital Project Account,Project Payment,Debit,21242945,0,36391465442,Zenith Bank,Normal
19/08/2021,2021,8,Payroll Account,Grant Receipt,Credit,0,67081064,36458546506,First Bank,Normal
21/08/2021,2021,8,Recurrent Expenditure Account,Bank Charges,Debit,334949387,0,36123597119,Access Bank,Review
15/08/2021,2021,8,Capital Project Account,Revenue Sweep from MDA,Credit,0,7811847,36131408966,UBA,Normal
18/08/2021,2021,8,Payroll Account,Contractor Payment,Debit,275151634,0,35856257332,GTBank,Review
17/08/2021,2021,8,Payroll Account,Transfer to MDA,Debit,274962171,0,35581295161,First Bank,Review
05/08/2021,2021,8,FAAC Account,Administrative Expense,Debit,187415149,0,35393880012,Access Bank,Normal
05/08/2021,2021,8,Recurrent Expenditure Account,Contractor Payment,Debit,59307061,0,35334572951,First Bank,Normal
17/08/2021,2021,8,Payroll Account,Loan Repayment,Debit,283458095,0,35051114856,Zenith Bank,Review
13/08/2021,2021,8,Recurrent Expenditure Account,Payroll Payment,Debit,332291738,0,34718823118,UBA,Review
05/08/2021,2021,8,Recurrent Expenditure Account,Revenue Sweep from MDA,Credit,0,144533695,34863356813,First Bank,Normal
01/08/2021,2021,8,Payroll Account,Grant Receipt,Credit,0,516314106,35379670919,UBA,Review
03/08/2021,2021,8,Recurrent Expenditure Account,IGR Collection Remittance,Credit,0,116582927,35496253846,Keystone Bank,Normal
08/08/2021,2021,8,IGR Collection Account,Contractor Payment,Debit,211512304,0,35284741542,Keystone Bank,Normal
13/08/2021,2021,8,Capital Project Account,Federal Allocation Receipt,Credit,0,391993191,35676734733,Keystone Bank,Review
08/08/2021,2021,8,Payroll Account,IGR Collection Remittance,Credit,0,152352172,35829086905,First Bank,Normal
06/08/2021,2021,8,Capital Project Account,Federal Allocation Receipt,Credit,0,68145316,35897232221,First Bank,Normal
18/08/2021,2021,8,FAAC Account,Refund Received,Credit,0,416225169,36313457390,First Bank,Review
14/08/2021,2021,8,Capital Project Account,Loan Repayment,Debit,70196236,0,36243261154,Keystone Bank,Review
04/08/2021,2021,8,FAAC Account,Administrative Expense,Debit,246624191,0,35996636963,Keystone Bank,Normal
12/08/2021,2021,8,Treasury Single Account,Federal Allocation Receipt,Credit,0,475262809,36471899772,Keystone Bank,Review
06/08/2021,2021,8,Treasury Single Account,Revenue Sweep from MDA,Credit,0,411239717,36883139489,GTBank,Review
09/08/2021,2021,8,Recurrent Expenditure Account,Federal Allocation Receipt,Credit,0,29843000,36912982489,UBA,Normal
18/08/2021,2021,8,Payroll Account,Refund Received,Credit,0,29715125,36942697614,Zenith Bank,Normal
20/08/2021,2021,8,Recurrent Expenditure Account,Federal Allocation Receipt,Credit,0,66955048,37009652662,UBA,Normal
06/08/2021,2021,8,Recurrent Expenditure Account,Loan Repayment,Debit,245853197,0,36763799465,GTBank,Review
02/08/2021,2021,8,Recurrent Expenditure Account,Loan Repayment,Debit,238221793,0,36525577672,Keystone Bank,Review
19/08/2021,2021,8,Treasury Single Account,Refund Received,Credit,0,133852962,36659430634,Keystone Bank,Normal
12/08/2021,2021,8,Capital Project Account,Grant Receipt,Credit,0,299360173,36958790807,Zenith Bank,Review
20/08/2021,2021,8,Capital Project Account,Revenue Sweep from MDA,Credit,0,416483079,37375273886,UBA,Review
05/08/2021,2021,8,Payroll Account,IGR Collection Remittance,Credit,0,362180261,37737454147,Zenith Bank,Review
14/08/2021,2021,8,Treasury Single Account,Bank Charges,Debit,25511581,0,37711942566,Zenith Bank,Review
22/08/2021,2021,8,FAAC Account,Payroll Payment,Debit,19410648,0,37692531918,UBA,Normal
17/08/2021,2021,8,FAAC Account,Loan Repayment,Debit,239120044,0,37453411874,First Bank,Review
04/08/2021,2021,8,Payroll Account,Grant Receipt,Credit,0,240718960,37694130834,Keystone Bank,Normal
02/08/2021,2021,8,Recurrent Expenditure Account,Payroll Payment,Debit,120232416,0,37573898418,First Bank,Normal
27/08/2021,2021,8,Payroll Account,Project Payment,Debit,154033543,0,37419864875,Access Bank,Normal
24/08/2021,2021,8,Treasury Single Account,Revenue Sweep from MDA,Credit,0,309733014,37729597889,Keystone Bank,Review
14/08/2021,2021,8,Payroll Account,Revenue Sweep from MDA,Credit,0,108589876,37838187765,Keystone Bank,Normal
27/08/2021,2021,8,FAAC Account,Administrative Expense,Debit,7632970,0,37830554795,UBA,Normal
13/08/2021,2021,8,IGR Collection Account,IGR Collection Remittance,Credit,0,52292666,37882847461,First Bank,Normal
09/08/2021,2021,8,Treasury Single Account,Bank Charges,Debit,290660977,0,37592186484,Keystone Bank,Review
19/08/2021,2021,8,Recurrent Expenditure Account,Payroll Payment,Debit,297763383,0,37294423101,Keystone Bank,Review
11/08/2021,2021,8,FAAC Account,Revenue Sweep from MDA,Credit,0,356686053,37651109154,Keystone Bank,Review
24/08/2021,2021,8,Capital Project Account,Contractor Payment,Debit,41948103,0,37609161051,Zenith Bank,Normal
05/08/2021,2021,8,Payroll Account,IGR Collection Remittance,Credit,0,142555283,37751716334,First Bank,Normal
19/08/2021,2021,8,IGR Collection Account,Grant Receipt,Credit,0,429451894,38181168228,UBA,Review
19/08/2021,2021,8,Recurrent Expenditure Account,Refund Received,Credit,0,547137223,38728305451,Zenith Bank,Review
25/08/2021,2021,8,Recurrent Expenditure Account,Revenue Sweep from MDA,Credit,0,152385320,38880690771,UBA,Normal
11/08/2021,2021,8,Treasury Single Account,Federal Allocation Receipt,Credit,0,10402493,38891093264,Keystone Bank,Normal
08/08/2021,2021,8,Payroll Account,Federal Allocation Receipt,Credit,0,502727029,39393820293,Access Bank,Review
08/09/2021,2021,9,IGR Collection Account,Federal Allocation Receipt,Credit,0,223344261,39617164554,Zenith Bank,Normal
24/09/2021,2021,9,Recurrent Expenditure Account,Grant Receipt,Credit,0,516980042,40134144596,Zenith Bank,Review
04/09/2021,2021,9,Treasury Single Account,Federal Allocation Receipt,Credit,0,418172038,40552316634,Keystone Bank,Review
01/09/2021,2021,9,Capital Project Account,Refund Received,Credit,0,184033551,40736350185,Zenith Bank,Normal
24/09/2021,2021,9,Recurrent Expenditure Account,Grant Receipt,Credit,0,318500632,41054850817,Keystone Bank,Review
02/09/2021,2021,9,Payroll Account,Revenue Sweep from MDA,Credit,0,589548648,41644399465,UBA,Review
05/09/2021,2021,9,Treasury Single Account,Bank Charges,Debit,97175880,0,41547223585,UBA,Review
19/09/2021,2021,9,Treasury Single Account,Revenue Sweep from MDA,Credit,0,383011942,41930235527,Zenith Bank,Review
03/09/2021,2021,9,FAAC Account,Revenue Sweep from MDA,Credit,0,566080613,42496316140,First Bank,Review
21/09/2021,2021,9,Payroll Account,Payroll Payment,Debit,170786364,0,42325529776,First Bank,Normal
24/09/2021,2021,9,Recurrent Expenditure Account,Federal Allocation Receipt,Credit,0,148130417,42473660193,Keystone Bank,Normal
20/09/2021,2021,9,IGR Collection Account,Refund Received,Credit,0,236529654,42710189847,First Bank,Normal
18/09/2021,2021,9,Treasury Single Account,Payroll Payment,Debit,347605411,0,42362584436,Keystone Bank,Review
02/09/2021,2021,9,IGR Collection Account,Transfer to MDA,Debit,176447553,0,42186136883,GTBank,Normal
03/09/2021,2021,9,Treasury Single Account,Loan Repayment,Debit,59207540,0,42126929343,Access Bank,Review
14/09/2021,2021,9,Capital Project Account,Payroll Payment,Debit,186647815,0,41940281528,First Bank,Normal
24/09/2021,2021,9,Capital Project Account,Refund Received,Credit,0,497518065,42437799593,GTBank,Review
15/09/2021,2021,9,Treasury Single Account,Payroll Payment,Debit,14235104,0,42423564489,Zenith Bank,Normal
26/09/2021,2021,9,Capital Project Account,Project Payment,Debit,151816651,0,42271747838,GTBank,Normal
22/09/2021,2021,9,Recurrent Expenditure Account,Federal Allocation Receipt,Credit,0,388469299,42660217137,Keystone Bank,Review
14/09/2021,2021,9,FAAC Account,Loan Repayment,Debit,293403354,0,42366813783,UBA,Review
26/09/2021,2021,9,Treasury Single Account,IGR Collection Remittance,Credit,0,146173878,42512987661,First Bank,Normal
17/09/2021,2021,9,IGR Collection Account,Refund Received,Credit,0,584279101,43097266762,Keystone Bank,Review
20/09/2021,2021,9,Recurrent Expenditure Account,Administrative Expense,Debit,182525351,0,42914741411,Zenith Bank,Normal
22/09/2021,2021,9,IGR Collection Account,Transfer to MDA,Debit,348782927,0,42565958484,UBA,Review
23/09/2021,2021,9,Capital Project Account,Revenue Sweep from MDA,Credit,0,265136945,42831095429,GTBank,Review
08/09/2021,2021,9,IGR Collection Account,Transfer to MDA,Debit,309148673,0,42521946756,GTBank,Review
16/09/2021,2021,9,FAAC Account,Bank Charges,Debit,127466981,0,42394479775,UBA,Review
23/09/2021,2021,9,FAAC Account,Grant Receipt,Credit,0,93029024,42487508799,Zenith Bank,Normal
12/09/2021,2021,9,Payroll Account,Grant Receipt,Credit,0,331092209,42818601008,First Bank,Review
28/09/2021,2021,9,Recurrent Expenditure Account,Refund Received,Credit,0,25365534,42843966542,Zenith Bank,Normal
11/09/2021,2021,9,Capital Project Account,IGR Collection Remittance,Credit,0,52087747,42896054289,First Bank,Normal
05/09/2021,2021,9,IGR Collection Account,Federal Allocation Receipt,Credit,0,428481861,43324536150,Keystone Bank,Review
09/09/2021,2021,9,Recurrent Expenditure Account,Administrative Expense,Debit,278180025,0,43046356125,Access Bank,Review
23/09/2021,2021,9,FAAC Account,Administrative Expense,Debit,278954648,0,42767401477,First Bank,Review
03/09/2021,2021,9,IGR Collection Account,Revenue Sweep from MDA,Credit,0,392506475,43159907952,Keystone Bank,Review
22/09/2021,2021,9,Payroll Account,IGR Collection Remittance,Credit,0,435846552,43595754504,GTBank,Review
02/09/2021,2021,9,IGR Collection Account,Project Payment,Debit,122670503,0,43473084001,GTBank,Normal
12/09/2021,2021,9,Treasury Single Account,Grant Receipt,Credit,0,490764512,43963848513,Access Bank,Review
22/09/2021,2021,9,FAAC Account,Federal Allocation Receipt,Credit,0,366952902,44330801415,Keystone Bank,Review
02/09/2021,2021,9,Treasury Single Account,Refund Received,Credit,0,54572133,44385373548,Keystone Bank,Normal
05/09/2021,2021,9,FAAC Account,Grant Receipt,Credit,0,387163275,44772536823,First Bank,Review
07/09/2021,2021,9,FAAC Account,Payroll Payment,Debit,76216573,0,44696320250,UBA,Normal
07/09/2021,2021,9,Capital Project Account,Federal Allocation Receipt,Credit,0,86677524,44782997774,Zenith Bank,Normal
05/09/2021,2021,9,IGR Collection Account,Refund Received,Credit,0,222169568,45005167342,First Bank,Normal
01/09/2021,2021,9,Recurrent Expenditure Account,Payroll Payment,Debit,53396172,0,44951771170,GTBank,Normal
20/09/2021,2021,9,Recurrent Expenditure Account,Refund Received,Credit,0,391761305,45343532475,First Bank,Review
01/09/2021,2021,9,Capital Project Account,IGR Collection Remittance,Credit,0,173358149,45516890624,GTBank,Normal
03/09/2021,2021,9,Capital Project Account,Grant Receipt,Credit,0,489304348,46006194972,First Bank,Review
19/09/2021,2021,9,Treasury Single Account,Grant Receipt,Credit,0,39401444,46045596416,Access Bank,Normal
19/09/2021,2021,9,IGR Collection Account,Contractor Payment,Debit,103844382,0,45941752034,GTBank,Normal
10/09/2021,2021,9,Capital Project Account,Federal Allocation Receipt,Credit,0,13023556,45954775590,GTBank,Normal
11/09/2021,2021,9,FAAC Account,Federal Allocation Receipt,Credit,0,292135186,46246910776,Keystone Bank,Review
02/09/2021,2021,9,Treasury Single Account,IGR Collection Remittance,Credit,0,461161307,46708072083,First Bank,Review
24/09/2021,2021,9,Payroll Account,IGR Collection Remittance,Credit,0,278055797,46986127880,First Bank,Review
12/09/2021,2021,9,Payroll Account,Refund Received,Credit,0,159711016,47145838896,Access Bank,Normal
08/09/2021,2021,9,Payroll Account,Administrative Expense,Debit,80100174,0,47065738722,UBA,Normal
11/09/2021,2021,9,Recurrent Expenditure Account,Revenue Sweep from MDA,Credit,0,342370390,47408109112,GTBank,Review
10/09/2021,2021,9,Capital Project Account,Revenue Sweep from MDA,Credit,0,132531794,47540640906,UBA,Normal
25/09/2021,2021,9,IGR Collection Account,Project Payment,Debit,288976773,0,47251664133,UBA,Review
03/09/2021,2021,9,IGR Collection Account,Project Payment,Debit,330724642,0,46920939491,Keystone Bank,Review
28/09/2021,2021,9,IGR Collection Account,Bank Charges,Debit,213759329,0,46707180162,Access Bank,Review
08/09/2021,2021,9,Capital Project Account,Federal Allocation Receipt,Credit,0,247337881,46954518043,Keystone Bank,Normal
15/09/2021,2021,9,Payroll Account,Payroll Payment,Debit,157174481,0,46797343562,UBA,Normal
14/09/2021,2021,9,Payroll Account,IGR Collection Remittance,Credit,0,301273836,47098617398,Zenith Bank,Review
06/09/2021,2021,9,Recurrent Expenditure Account,Revenue Sweep from MDA,Credit,0,520521162,47619138560,Access Bank,Review
24/09/2021,2021,9,Recurrent Expenditure Account,Loan Repayment,Debit,159908660,0,47459229900,Zenith Bank,Review
24/09/2021,2021,9,Recurrent Expenditure Account,IGR Collection Remittance,Credit,0,239253266,47698483166,GTBank,Normal
13/09/2021,2021,9,Recurrent Expenditure Account,Transfer to MDA,Debit,206160444,0,47492322722,Keystone Bank,Normal
27/09/2021,2021,9,Treasury Single Account,Project Payment,Debit,42631502,0,47449691220,Zenith Bank,Normal
12/10/2021,2021,10,Capital Project Account,Payroll Payment,Debit,259234282,0,47190456938,First Bank,Review
13/10/2021,2021,10,Treasury Single Account,Refund Received,Credit,0,139323172,47329780110,GTBank,Normal
22/10/2021,2021,10,Capital Project Account,Federal Allocation Receipt,Credit,0,431699374,47761479484,Access Bank,Review
17/10/2021,2021,10,Payroll Account,Transfer to MDA,Debit,38012942,0,47723466542,Access Bank,Normal
18/10/2021,2021,10,Treasury Single Account,Grant Receipt,Credit,0,143953134,47867419676,GTBank,Normal
17/10/2021,2021,10,FAAC Account,Revenue Sweep from MDA,Credit,0,428141986,48295561662,Zenith Bank,Review
22/10/2021,2021,10,FAAC Account,Loan Repayment,Debit,263373783,0,48032187879,Zenith Bank,Review
09/10/2021,2021,10,IGR Collection Account,Administrative Expense,Debit,131650459,0,47900537420,Zenith Bank,Normal
27/10/2021,2021,10,FAAC Account,Refund Received,Credit,0,51549688,47952087108,Keystone Bank,Normal
23/10/2021,2021,10,Treasury Single Account,Revenue Sweep from MDA,Credit,0,86570572,48038657680,UBA,Normal
01/10/2021,2021,10,Payroll Account,Administrative Expense,Debit,204569945,0,47834087735,First Bank,Normal
04/10/2021,2021,10,Recurrent Expenditure Account,Contractor Payment,Debit,321258066,0,47512829669,First Bank,Review
26/10/2021,2021,10,Payroll Account,Payroll Payment,Debit,274103849,0,47238725820,First Bank,Review
26/10/2021,2021,10,Capital Project Account,IGR Collection Remittance,Credit,0,474188173,47712913993,GTBank,Review
10/10/2021,2021,10,Payroll Account,Grant Receipt,Credit,0,190739351,47903653344,Zenith Bank,Normal
07/10/2021,2021,10,Capital Project Account,Administrative Expense,Debit,2019357,0,47901633987,UBA,Normal
16/10/2021,2021,10,IGR Collection Account,Revenue Sweep from MDA,Credit,0,391921555,48293555542,UBA,Review
12/10/2021,2021,10,IGR Collection Account,Administrative Expense,Debit,94278636,0,48199276906,Zenith Bank,Normal
17/10/2021,2021,10,Treasury Single Account,Transfer to MDA,Debit,171199694,0,48028077212,UBA,Normal
04/10/2021,2021,10,Treasury Single Account,Refund Received,Credit,0,349923874,48378001086,Keystone Bank,Review
03/10/2021,2021,10,Capital Project Account,Revenue Sweep from MDA,Credit,0,529249809,48907250895,Zenith Bank,Review
26/10/2021,2021,10,Capital Project Account,Administrative Expense,Debit,147991230,0,48759259665,UBA,Normal
16/10/2021,2021,10,IGR Collection Account,Refund Received,Credit,0,457776166,49217035831,Keystone Bank,Review
23/10/2021,2021,10,Payroll Account,IGR Collection Remittance,Credit,0,553694623,49770730454,GTBank,Review
27/10/2021,2021,10,FAAC Account,Loan Repayment,Debit,339697028,0,49431033426,Keystone Bank,Review
11/10/2021,2021,10,Treasury Single Account,Payroll Payment,Debit,229857330,0,49201176096,Access Bank,Normal
15/10/2021,2021,10,Recurrent Expenditure Account,Refund Received,Credit,0,179455802,49380631898,First Bank,Normal
02/10/2021,2021,10,Capital Project Account,Loan Repayment,Debit,331447064,0,49049184834,GTBank,Review
23/10/2021,2021,10,Treasury Single Account,Transfer to MDA,Debit,225871196,0,48823313638,Keystone Bank,Normal
12/10/2021,2021,10,FAAC Account,Revenue Sweep from MDA,Credit,0,420474103,49243787741,First Bank,Review
21/10/2021,2021,10,Payroll Account,Grant Receipt,Credit,0,204513769,49448301510,Keystone Bank,Normal
01/10/2021,2021,10,Payroll Account,Grant Receipt,Credit,0,364267744,49812569254,Keystone Bank,Review
09/10/2021,2021,10,Recurrent Expenditure Account,Project Payment,Debit,16126759,0,49796442495,Access Bank,Normal
09/10/2021,2021,10,IGR Collection Account,Project Payment,Debit,60260925,0,49736181570,UBA,Normal
14/10/2021,2021,10,IGR Collection Account,Federal Allocation Receipt,Credit,0,280345905,50016527475,Keystone Bank,Review
04/10/2021,2021,10,Recurrent Expenditure Account,IGR Collection Remittance,Credit,0,274843664,50291371139,Access Bank,Review
23/10/2021,2021,10,IGR Collection Account,Federal Allocation Receipt,Credit,0,405188872,50696560011,UBA,Review
22/10/2021,2021,10,Capital Project Account,IGR Collection Remittance,Credit,0,153422724,50849982735,Access Bank,Normal
17/10/2021,2021,10,FAAC Account,IGR Collection Remittance,Credit,0,343608480,51193591215,Access Bank,Review
06/10/2021,2021,10,Treasury Single Account,Contractor Payment,Debit,182348777,0,51011242438,Keystone Bank,Normal
21/10/2021,2021,10,Recurrent Expenditure Account,IGR Collection Remittance,Credit,0,58354561,51069596999,Keystone Bank,Normal
21/10/2021,2021,10,Treasury Single Account,IGR Collection Remittance,Credit,0,85053675,51154650674,Access Bank,Normal
25/10/2021,2021,10,Recurrent Expenditure Account,Contractor Payment,Debit,282910468,0,50871740206,Keystone Bank,Review
06/10/2021,2021,10,Recurrent Expenditure Account,Administrative Expense,Debit,29368857,0,50842371349,Access Bank,Normal
22/10/2021,2021,10,IGR Collection Account,Transfer to MDA,Debit,317157579,0,50525213770,UBA,Review
14/10/2021,2021,10,Capital Project Account,Grant Receipt,Credit,0,342999542,50868213312,Keystone Bank,Review
04/10/2021,2021,10,FAAC Account,Revenue Sweep from MDA,Credit,0,223014839,51091228151,UBA,Normal
27/10/2021,2021,10,Payroll Account,Grant Receipt,Credit,0,244223600,51335451751,UBA,Normal
23/10/2021,2021,10,Treasury Single Account,Federal Allocation Receipt,Credit,0,167948617,51503400368,First Bank,Normal
28/10/2021,2021,10,Capital Project Account,Transfer to MDA,Debit,125369556,0,51378030812,First Bank,Normal
13/10/2021,2021,10,Recurrent Expenditure Account,Refund Received,Credit,0,343196851,51721227663,UBA,Review
03/10/2021,2021,10,Recurrent Expenditure Account,IGR Collection Remittance,Credit,0,306765706,52027993369,First Bank,Review
17/10/2021,2021,10,Capital Project Account,Payroll Payment,Debit,194762936,0,51833230433,Keystone Bank,Normal
06/10/2021,2021,10,Treasury Single Account,Project Payment,Debit,288869054,0,51544361379,Access Bank,Review
20/10/2021,2021,10,IGR Collection Account,Revenue Sweep from MDA,Credit,0,140390880,51684752259,Access Bank,Normal
23/10/2021,2021,10,Capital Project Account,Payroll Payment,Debit,3901444,0,51680850815,GTBank,Normal
15/10/2021,2021,10,FAAC Account,IGR Collection Remittance,Credit,0,475577062,52156427877,First Bank,Review
26/10/2021,2021,10,IGR Collection Account,Administrative Expense,Debit,29804878,0,52126622999,Access Bank,Normal
05/10/2021,2021,10,IGR Collection Account,IGR Collection Remittance,Credit,0,267723062,52394346061,Access Bank,Review
16/10/2021,2021,10,Capital Project Account,Administrative Expense,Debit,266435959,0,52127910102,Keystone Bank,Review
06/10/2021,2021,10,FAAC Account,IGR Collection Remittance,Credit,0,430041609,52557951711,First Bank,Review
14/10/2021,2021,10,Payroll Account,Contractor Payment,Debit,336328915,0,52221622796,Zenith Bank,Review
26/10/2021,2021,10,Payroll Account,Revenue Sweep from MDA,Credit,0,373654471,52595277267,GTBank,Review
05/10/2021,2021,10,Payroll Account,Revenue Sweep from MDA,Credit,0,333743245,52929020512,UBA,Review
24/10/2021,2021,10,Recurrent Expenditure Account,Project Payment,Debit,117742184,0,52811278328,Keystone Bank,Normal
11/10/2021,2021,10,Capital Project Account,Administrative Expense,Debit,160441689,0,52650836639,GTBank,Normal
14/10/2021,2021,10,Capital Project Account,Transfer to MDA,Debit,236653287,0,52414183352,Keystone Bank,Normal
06/10/2021,2021,10,Capital Project Account,Federal Allocation Receipt,Credit,0,101611801,52515795153,Access Bank,Normal
11/10/2021,2021,10,Treasury Single Account,Loan Repayment,Debit,89914166,0,52425880987,UBA,Review
27/10/2021,2021,10,Treasury Single Account,Project Payment,Debit,244175219,0,52181705768,Zenith Bank,Normal
23/11/2021,2021,11,Recurrent Expenditure Account,Grant Receipt,Credit,0,465354486,52647060254,Zenith Bank,Review
26/11/2021,2021,11,Treasury Single Account,Revenue Sweep from MDA,Credit,0,572401527,53219461781,GTBank,Review
02/11/2021,2021,11,Payroll Account,Refund Received,Credit,0,314200779,53533662560,GTBank,Review
14/11/2021,2021,11,IGR Collection Account,Grant Receipt,Credit,0,593706065,54127368625,UBA,Review
11/11/2021,2021,11,Capital Project Account,Federal Allocation Receipt,Credit,0,188196946,54315565571,GTBank,Normal
04/11/2021,2021,11,Capital Project Account,Payroll Payment,Debit,78211875,0,54237353696,UBA,Normal
27/11/2021,2021,11,FAAC Account,Project Payment,Debit,86038986,0,54151314710,Keystone Bank,Normal
24/11/2021,2021,11,Treasury Single Account,IGR Collection Remittance,Credit,0,109582900,54260897610,Access Bank,Normal
09/11/2021,2021,11,Capital Project Account,IGR Collection Remittance,Credit,0,543875305,54804772915,Zenith Bank,Review
11/11/2021,2021,11,FAAC Account,Transfer to MDA,Debit,102811318,0,54701961597,Keystone Bank,Normal
03/11/2021,2021,11,Recurrent Expenditure Account,IGR Collection Remittance,Credit,0,242398144,54944359741,Access Bank,Normal
28/11/2021,2021,11,IGR Collection Account,Federal Allocation Receipt,Credit,0,557304811,55501664552,Keystone Bank,Review
13/11/2021,2021,11,FAAC Account,Contractor Payment,Debit,123110439,0,55378554113,UBA,Normal
22/11/2021,2021,11,FAAC Account,Loan Repayment,Debit,184758053,0,55193796060,GTBank,Review
27/11/2021,2021,11,FAAC Account,Loan Repayment,Debit,3868109,0,55189927951,First Bank,Review
09/11/2021,2021,11,Payroll Account,Administrative Expense,Debit,57099940,0,55132828011,Keystone Bank,Normal
28/11/2021,2021,11,IGR Collection Account,Transfer to MDA,Debit,283812984,0,54849015027,Keystone Bank,Review
08/11/2021,2021,11,FAAC Account,Project Payment,Debit,43712665,0,54805302362,Zenith Bank,Normal
19/11/2021,2021,11,Treasury Single Account,Transfer to MDA,Debit,162517143,0,54642785219,UBA,Normal
03/11/2021,2021,11,IGR Collection Account,Revenue Sweep from MDA,Credit,0,295395798,54938181017,Keystone Bank,Review
17/11/2021,2021,11,FAAC Account,Project Payment,Debit,134827533,0,54803353484,Access Bank,Normal
28/11/2021,2021,11,FAAC Account,Federal Allocation Receipt,Credit,0,253645770,55056999254,GTBank,Review
18/11/2021,2021,11,Treasury Single Account,Bank Charges,Debit,120975394,0,54936023860,First Bank,Review
14/11/2021,2021,11,Recurrent Expenditure Account,Transfer to MDA,Debit,227444469,0,54708579391,Keystone Bank,Normal
26/11/2021,2021,11,FAAC Account,Payroll Payment,Debit,211445227,0,54497134164,GTBank,Normal
19/11/2021,2021,11,FAAC Account,Payroll Payment,Debit,140850894,0,54356283270,Zenith Bank,Normal
15/11/2021,2021,11,Recurrent Expenditure Account,Revenue Sweep from MDA,Credit,0,312086158,54668369428,Access Bank,Review
08/11/2021,2021,11,FAAC Account,Loan Repayment,Debit,187058189,0,54481311239,Access Bank,Review
24/11/2021,2021,11,Recurrent Expenditure Account,IGR Collection Remittance,Credit,0,99022295,54580333534,Access Bank,Normal
17/11/2021,2021,11,Treasury Single Account,Contractor Payment,Debit,304628443,0,54275705091,Zenith Bank,Review
27/11/2021,2021,11,FAAC Account,Payroll Payment,Debit,321833300,0,53953871791,GTBank,Review
11/11/2021,2021,11,FAAC Account,Revenue Sweep from MDA,Credit,0,450578629,54404450420,First Bank,Review
11/11/2021,2021,11,Treasury Single Account,Project Payment,Debit,329542162,0,54074908258,UBA,Review
25/11/2021,2021,11,Treasury Single Account,Loan Repayment,Debit,294396469,0,53780511789,Keystone Bank,Review
27/11/2021,2021,11,FAAC Account,Grant Receipt,Credit,0,277310906,54057822695,Access Bank,Review
28/11/2021,2021,11,IGR Collection Account,Contractor Payment,Debit,271735367,0,53786087328,Access Bank,Review
22/11/2021,2021,11,IGR Collection Account,Administrative Expense,Debit,169396700,0,53616690628,Keystone Bank,Normal
24/11/2021,2021,11,Payroll Account,Grant Receipt,Credit,0,431474086,54048164714,Keystone Bank,Review
23/11/2021,2021,11,Recurrent Expenditure Account,Refund Received,Credit,0,383785123,54431949837,GTBank,Review
22/11/2021,2021,11,Payroll Account,IGR Collection Remittance,Credit,0,108111054,54540060891,Zenith Bank,Normal
26/11/2021,2021,11,Recurrent Expenditure Account,Revenue Sweep from MDA,Credit,0,231986692,54772047583,UBA,Normal
20/11/2021,2021,11,Capital Project Account,Refund Received,Credit,0,538031199,55310078782,Access Bank,Review
20/11/2021,2021,11,Recurrent Expenditure Account,Grant Receipt,Credit,0,380560264,55690639046,Keystone Bank,Review
05/11/2021,2021,11,FAAC Account,IGR Collection Remittance,Credit,0,43893938,55734532984,First Bank,Normal
03/11/2021,2021,11,Capital Project Account,Transfer to MDA,Debit,1194178,0,55733338806,First Bank,Normal
14/11/2021,2021,11,Recurrent Expenditure Account,Transfer to MDA,Debit,186000647,0,55547338159,First Bank,Normal
28/11/2021,2021,11,IGR Collection Account,Payroll Payment,Debit,304328342,0,55243009817,UBA,Review
14/11/2021,2021,11,Capital Project Account,Revenue Sweep from MDA,Credit,0,339372618,55582382435,Access Bank,Review
08/11/2021,2021,11,Payroll Account,Federal Allocation Receipt,Credit,0,28878415,55611260850,Access Bank,Normal
23/11/2021,2021,11,Treasury Single Account,Contractor Payment,Debit,158034697,0,55453226153,Access Bank,Normal
12/11/2021,2021,11,Recurrent Expenditure Account,Administrative Expense,Debit,42305395,0,55410920758,Keystone Bank,Normal
08/11/2021,2021,11,Capital Project Account,Grant Receipt,Credit,0,489149481,55900070239,GTBank,Review
03/11/2021,2021,11,Treasury Single Account,Federal Allocation Receipt,Credit,0,196195730,56096265969,GTBank,Normal
09/11/2021,2021,11,IGR Collection Account,IGR Collection Remittance,Credit,0,230325489,56326591458,Keystone Bank,Normal
28/11/2021,2021,11,Treasury Single Account,IGR Collection Remittance,Credit,0,529828977,56856420435,Access Bank,Review
19/11/2021,2021,11,Recurrent Expenditure Account,IGR Collection Remittance,Credit,0,261396416,57117816851,GTBank,Review
13/11/2021,2021,11,FAAC Account,Administrative Expense,Debit,160349246,0,56957467605,Access Bank,Normal
21/11/2021,2021,11,Capital Project Account,Grant Receipt,Credit,0,7778220,56965245825,Access Bank,Normal
20/11/2021,2021,11,Recurrent Expenditure Account,Transfer to MDA,Debit,296516126,0,56668729699,Zenith Bank,Review
06/11/2021,2021,11,Capital Project Account,Federal Allocation Receipt,Credit,0,6623158,56675352857,Zenith Bank,Normal
06/11/2021,2021,11,FAAC Account,Transfer to MDA,Debit,164479355,0,56510873502,Zenith Bank,Normal
27/11/2021,2021,11,Capital Project Account,Revenue Sweep from MDA,Credit,0,187016142,56697889644,Keystone Bank,Normal
06/11/2021,2021,11,Treasury Single Account,Revenue Sweep from MDA,Credit,0,552851958,57250741602,First Bank,Review
06/11/2021,2021,11,IGR Collection Account,Project Payment,Debit,287174944,0,56963566658,UBA,Review
07/11/2021,2021,11,Recurrent Expenditure Account,IGR Collection Remittance,Credit,0,220896576,57184463234,Keystone Bank,Normal
04/11/2021,2021,11,Treasury Single Account,Administrative Expense,Debit,343236307,0,56841226927,UBA,Review
13/11/2021,2021,11,FAAC Account,IGR Collection Remittance,Credit,0,78650277,56919877204,UBA,Normal
06/11/2021,2021,11,Payroll Account,Revenue Sweep from MDA,Credit,0,230860893,57150738097,Access Bank,Normal
22/11/2021,2021,11,Recurrent Expenditure Account,Loan Repayment,Debit,313713499,0,56837024598,First Bank,Review
26/11/2021,2021,11,Recurrent Expenditure Account,Loan Repayment,Debit,77664175,0,56759360423,Keystone Bank,Review
12/12/2021,2021,12,Capital Project Account,IGR Collection Remittance,Credit,0,528416742,57287777165,GTBank,Review
11/12/2021,2021,12,Capital Project Account,Project Payment,Debit,306649240,0,56981127925,Zenith Bank,Review
12/12/2021,2021,12,Capital Project Account,Revenue Sweep from MDA,Credit,0,202186019,57183313944,Zenith Bank,Normal
12/12/2021,2021,12,Payroll Account,Project Payment,Debit,307535735,0,56875778209,First Bank,Review
18/12/2021,2021,12,Capital Project Account,Refund Received,Credit,0,451641429,57327419638,Keystone Bank,Review
09/12/2021,2021,12,FAAC Account,Federal Allocation Receipt,Credit,0,54676018,57382095656,GTBank,Normal
20/12/2021,2021,12,IGR Collection Account,Refund Received,Credit,0,209507983,57591603639,Access Bank,Normal
15/12/2021,2021,12,FAAC Account,Payroll Payment,Debit,30289393,0,57561314246,Access Bank,Normal
16/12/2021,2021,12,Treasury Single Account,Administrative Expense,Debit,257660190,0,57303654056,First Bank,Review
20/12/2021,2021,12,IGR Collection Account,Loan Repayment,Debit,304799643,0,56998854413,Access Bank,Review
24/12/2021,2021,12,IGR Collection Account,Payroll Payment,Debit,276569741,0,56722284672,Access Bank,Review
06/12/2021,2021,12,Treasury Single Account,Revenue Sweep from MDA,Credit,0,50847539,56773132211,Access Bank,Normal
05/12/2021,2021,12,IGR Collection Account,Refund Received,Credit,0,501764000,57274896211,Access Bank,Review
06/12/2021,2021,12,Recurrent Expenditure Account,Refund Received,Credit,0,164728618,57439624829,Keystone Bank,Normal
20/12/2021,2021,12,FAAC Account,IGR Collection Remittance,Credit,0,255755017,57695379846,UBA,Review
20/12/2021,2021,12,Capital Project Account,IGR Collection Remittance,Credit,0,157348472,57852728318,First Bank,Normal
25/12/2021,2021,12,IGR Collection Account,Loan Repayment,Debit,117751827,0,57734976491,GTBank,Review
01/12/2021,2021,12,Capital Project Account,Refund Received,Credit,0,39645452,57774621943,UBA,Normal
12/12/2021,2021,12,FAAC Account,Bank Charges,Debit,66454955,0,57708166988,GTBank,Review
04/12/2021,2021,12,Capital Project Account,Federal Allocation Receipt,Credit,0,349369553,58057536541,GTBank,Review
04/12/2021,2021,12,Payroll Account,Federal Allocation Receipt,Credit,0,167311418,58224847959,Access Bank,Normal
25/12/2021,2021,12,IGR Collection Account,IGR Collection Remittance,Credit,0,511104307,58735952266,Access Bank,Review
01/12/2021,2021,12,FAAC Account,IGR Collection Remittance,Credit,0,203334925,58939287191,Access Bank,Normal
19/12/2021,2021,12,Treasury Single Account,Bank Charges,Debit,18002909,0,58921284282,GTBank,Review
24/12/2021,2021,12,Treasury Single Account,Grant Receipt,Credit,0,148855732,59070140014,UBA,Normal
28/12/2021,2021,12,FAAC Account,Federal Allocation Receipt,Credit,0,598748534,59668888548,GTBank,Review
24/12/2021,2021,12,FAAC Account,Federal Allocation Receipt,Credit,0,159363524,59828252072,First Bank,Normal
01/12/2021,2021,12,Recurrent Expenditure Account,Payroll Payment,Debit,249031583,0,59579220489,Access Bank,Normal
08/12/2021,2021,12,Treasury Single Account,IGR Collection Remittance,Credit,0,124212645,59703433134,First Bank,Normal
18/12/2021,2021,12,Payroll Account,Payroll Payment,Debit,219593314,0,59483839820,GTBank,Normal
26/12/2021,2021,12,Treasury Single Account,Grant Receipt,Credit,0,387061411,59870901231,Zenith Bank,Review
15/12/2021,2021,12,Capital Project Account,Loan Repayment,Debit,313156072,0,59557745159,First Bank,Review
17/12/2021,2021,12,Capital Project Account,IGR Collection Remittance,Credit,0,589388724,60147133883,UBA,Review
01/12/2021,2021,12,Treasury Single Account,Contractor Payment,Debit,230762552,0,59916371331,GTBank,Normal
11/12/2021,2021,12,FAAC Account,Project Payment,Debit,255415420,0,59660955911,Zenith Bank,Review
28/12/2021,2021,12,Recurrent Expenditure Account,Revenue Sweep from MDA,Credit,0,209634800,59870590711,First Bank,Normal
13/12/2021,2021,12,Payroll Account,Bank Charges,Debit,122511368,0,59748079343,UBA,Review
24/12/2021,2021,12,FAAC Account,IGR Collection Remittance,Credit,0,196517967,59944597310,UBA,Normal
22/12/2021,2021,12,IGR Collection Account,Administrative Expense,Debit,180911029,0,59763686281,First Bank,Normal
04/12/2021,2021,12,Treasury Single Account,Loan Repayment,Debit,87299981,0,59676386300,Zenith Bank,Review
09/12/2021,2021,12,Capital Project Account,Refund Received,Credit,0,280416512,59956802812,UBA,Review
09/12/2021,2021,12,Capital Project Account,Contractor Payment,Debit,286993012,0,59669809800,Access Bank,Review
18/12/2021,2021,12,Capital Project Account,Revenue Sweep from MDA,Credit,0,138016791,59807826591,Access Bank,Normal
02/12/2021,2021,12,IGR Collection Account,Transfer to MDA,Debit,199180245,0,59608646346,Keystone Bank,Normal
20/12/2021,2021,12,Recurrent Expenditure Account,Loan Repayment,Debit,177596721,0,59431049625,Zenith Bank,Review
01/12/2021,2021,12,IGR Collection Account,IGR Collection Remittance,Credit,0,567537763,59998587388,GTBank,Review
10/12/2021,2021,12,Payroll Account,Project Payment,Debit,254182858,0,59744404530,UBA,Review
25/12/2021,2021,12,FAAC Account,Loan Repayment,Debit,270183555,0,59474220975,First Bank,Review
19/12/2021,2021,12,Recurrent Expenditure Account,Revenue Sweep from MDA,Credit,0,215291711,59689512686,Access Bank,Normal
25/12/2021,2021,12,Payroll Account,Loan Repayment,Debit,13073119,0,59676439567,GTBank,Review
20/12/2021,2021,12,Payroll Account,Refund Received,Credit,0,104501172,59780940739,GTBank,Normal
07/12/2021,2021,12,IGR Collection Account,Bank Charges,Debit,140928310,0,59640012429,First Bank,Review
04/12/2021,2021,12,Recurrent Expenditure Account,Federal Allocation Receipt,Credit,0,364695138,60004707567,UBA,Review
04/12/2021,2021,12,Recurrent Expenditure Account,Loan Repayment,Debit,212232140,0,59792475427,Keystone Bank,Review
12/12/2021,2021,12,Payroll Account,Federal Allocation Receipt,Credit,0,81087928,59873563355,GTBank,Normal
02/12/2021,2021,12,Capital Project Account,Refund Received,Credit,0,319764471,60193327826,Zenith Bank,Review
16/12/2021,2021,12,IGR Collection Account,IGR Collection Remittance,Credit,0,361460718,60554788544,GTBank,Review
15/12/2021,2021,12,IGR Collection Account,Administrative Expense,Debit,321073793,0,60233714751,Access Bank,Review
15/12/2021,2021,12,Capital Project Account,Administrative Expense,Debit,49974828,0,60183739923,Access Bank,Normal
14/12/2021,2021,12,Payroll Account,Administrative Expense,Debit,309384645,0,59874355278,Zenith Bank,Review
17/12/2021,2021,12,IGR Collection Account,Federal Allocation Receipt,Credit,0,492756118,60367111396,Zenith Bank,Review
01/12/2021,2021,12,IGR Collection Account,Project Payment,Debit,192729722,0,60174381674,GTBank,Normal
03/12/2021,2021,12,Payroll Account,Loan Repayment,Debit,212184961,0,59962196713,UBA,Review
13/12/2021,2021,12,IGR Collection Account,Federal Allocation Receipt,Credit,0,50446840,60012643553,GTBank,Normal
16/12/2021,2021,12,Recurrent Expenditure Account,Project Payment,Debit,274751992,0,59737891561,Access Bank,Review
13/12/2021,2021,12,IGR Collection Account,Transfer to MDA,Debit,53930662,0,59683960899,Access Bank,Normal
28/12/2021,2021,12,Payroll Account,Grant Receipt,Credit,0,491923246,60175884145,Zenith Bank,Review
13/12/2021,2021,12,FAAC Account,Revenue Sweep from MDA,Credit,0,205290053,60381174198,First Bank,Normal
26/12/2021,2021,12,Treasury Single Account,Refund Received,Credit,0,459871376,60841045574,Zenith Bank,Review
20/12/2021,2021,12,Treasury Single Account,Administrative Expense,Debit,131704127,0,60709341447,GTBank,Normal
27/01/2022,2022,1,Treasury Single Account,Transfer to MDA,Debit,84695596,0,60624645851,First Bank,Normal
03/01/2022,2022,1,Capital Project Account,Administrative Expense,Debit,237678809,0,60386967042,UBA,Normal
23/01/2022,2022,1,FAAC Account,IGR Collection Remittance,Credit,0,109761075,60496728117,Zenith Bank,Normal
02/01/2022,2022,1,Capital Project Account,Administrative Expense,Debit,56773207,0,60439954910,Access Bank,Normal
01/01/2022,2022,1,FAAC Account,Bank Charges,Debit,303542346,0,60136412564,Access Bank,Review
02/01/2022,2022,1,Capital Project Account,Refund Received,Credit,0,314283863,60450696427,Access Bank,Review
03/01/2022,2022,1,IGR Collection Account,Grant Receipt,Credit,0,598558663,61049255090,UBA,Review
24/01/2022,2022,1,FAAC Account,Transfer to MDA,Debit,247531886,0,60801723204,Keystone Bank,Normal
07/01/2022,2022,1,FAAC Account,Revenue Sweep from MDA,Credit,0,367697214,61169420418,Access Bank,Review
25/01/2022,2022,1,Payroll Account,Loan Repayment,Debit,177086266,0,60992334152,Keystone Bank,Review
24/01/2022,2022,1,IGR Collection Account,IGR Collection Remittance,Credit,0,260807515,61253141667,Access Bank,Review
22/01/2022,2022,1,IGR Collection Account,Administrative Expense,Debit,214742822,0,61038398845,Zenith Bank,Normal
21/01/2022,2022,1,Treasury Single Account,Loan Repayment,Debit,179967029,0,60858431816,Keystone Bank,Review
20/01/2022,2022,1,Treasury Single Account,Loan Repayment,Debit,73291947,0,60785139869,Zenith Bank,Review
27/01/2022,2022,1,FAAC Account,Bank Charges,Debit,42574356,0,60742565513,First Bank,Review
26/01/2022,2022,1,Treasury Single Account,Bank Charges,Debit,20147015,0,60722418498,Keystone Bank,Review
06/01/2022,2022,1,Recurrent Expenditure Account,Refund Received,Credit,0,468336026,61190754524,Zenith Bank,Review
02/01/2022,2022,1,Capital Project Account,Loan Repayment,Debit,256156170,0,60934598354,Zenith Bank,Review
24/01/2022,2022,1,FAAC Account,Grant Receipt,Credit,0,139996538,61074594892,Keystone Bank,Normal
10/01/2022,2022,1,Treasury Single Account,Payroll Payment,Debit,172889450,0,60901705442,UBA,Normal
17/01/2022,2022,1,Payroll Account,Transfer to MDA,Debit,300297896,0,60601407546,Keystone Bank,Review
17/01/2022,2022,1,Recurrent Expenditure Account,Grant Receipt,Credit,0,318124613,60919532159,Access Bank,Review
03/01/2022,2022,1,Payroll Account,Administrative Expense,Debit,78943885,0,60840588274,UBA,Normal
24/01/2022,2022,1,FAAC Account,Project Payment,Debit,118152736,0,60722435538,First Bank,Normal
14/01/2022,2022,1,IGR Collection Account,Refund Received,Credit,0,245250690,60967686228,First Bank,Normal
27/01/2022,2022,1,Recurrent Expenditure Account,Payroll Payment,Debit,315079558,0,60652606670,Zenith Bank,Review
22/01/2022,2022,1,Capital Project Account,Loan Repayment,Debit,321231778,0,60331374892,Access Bank,Review
03/01/2022,2022,1,IGR Collection Account,Payroll Payment,Debit,116425538,0,60214949354,Access Bank,Normal
03/01/2022,2022,1,Treasury Single Account,Grant Receipt,Credit,0,128817406,60343766760,UBA,Normal
11/01/2022,2022,1,Treasury Single Account,Loan Repayment,Debit,259159844,0,60084606916,GTBank,Review
19/01/2022,2022,1,Recurrent Expenditure Account,Administrative Expense,Debit,149433592,0,59935173324,GTBank,Normal
16/01/2022,2022,1,IGR Collection Account,IGR Collection Remittance,Credit,0,469195954,60404369278,UBA,Review
13/01/2022,2022,1,FAAC Account,Loan Repayment,Debit,212138034,0,60192231244,First Bank,Review
21/01/2022,2022,1,Recurrent Expenditure Account,Loan Repayment,Debit,15636243,0,60176595001,Keystone Bank,Review
17/01/2022,2022,1,Capital Project Account,Transfer to MDA,Debit,55162719,0,60121432282,Access Bank,Normal
25/01/2022,2022,1,Capital Project Account,Payroll Payment,Debit,116871341,0,60004560941,GTBank,Normal
13/01/2022,2022,1,Payroll Account,IGR Collection Remittance,Credit,0,250035878,60254596819,Access Bank,Review
09/01/2022,2022,1,Treasury Single Account,Federal Allocation Receipt,Credit,0,47864335,60302461154,UBA,Normal
13/01/2022,2022,1,Capital Project Account,Grant Receipt,Credit,0,433293259,60735754413,Access Bank,Review
27/01/2022,2022,1,Payroll Account,Bank Charges,Debit,340358605,0,60395395808,Keystone Bank,Review
11/01/2022,2022,1,Treasury Single Account,Contractor Payment,Debit,134067329,0,60261328479,Zenith Bank,Normal
04/01/2022,2022,1,Treasury Single Account,Federal Allocation Receipt,Credit,0,136648102,60397976581,UBA,Normal
20/01/2022,2022,1,Treasury Single Account,Project Payment,Debit,236651052,0,60161325529,GTBank,Normal
08/01/2022,2022,1,Recurrent Expenditure Account,Payroll Payment,Debit,265938107,0,59895387422,Access Bank,Review
01/01/2022,2022,1,Treasury Single Account,Administrative Expense,Debit,199809188,0,59695578234,Keystone Bank,Normal
08/01/2022,2022,1,IGR Collection Account,Refund Received,Credit,0,433957852,60129536086,Keystone Bank,Review
27/01/2022,2022,1,Capital Project Account,Loan Repayment,Debit,108621044,0,60020915042,Access Bank,Review
01/01/2022,2022,1,Treasury Single Account,Administrative Expense,Debit,48800765,0,59972114277,Access Bank,Normal
07/01/2022,2022,1,Capital Project Account,Refund Received,Credit,0,484919416,60457033693,UBA,Review
01/01/2022,2022,1,Payroll Account,Bank Charges,Debit,200066880,0,60256966813,UBA,Review
07/01/2022,2022,1,Recurrent Expenditure Account,Bank Charges,Debit,181805027,0,60075161786,First Bank,Review
27/01/2022,2022,1,Payroll Account,Bank Charges,Debit,172501132,0,59902660654,Access Bank,Review
15/01/2022,2022,1,Treasury Single Account,Refund Received,Credit,0,226407514,60129068168,Zenith Bank,Normal
28/01/2022,2022,1,Recurrent Expenditure Account,Project Payment,Debit,22291146,0,60106777022,GTBank,Normal
08/01/2022,2022,1,Payroll Account,Transfer to MDA,Debit,23628765,0,60083148257,GTBank,Normal
26/01/2022,2022,1,Payroll Account,Contractor Payment,Debit,200408636,0,59882739621,GTBank,Normal
22/01/2022,2022,1,Payroll Account,Payroll Payment,Debit,131162616,0,59751577005,Zenith Bank,Normal
26/01/2022,2022,1,Payroll Account,Grant Receipt,Credit,0,174718054,59926295059,Keystone Bank,Normal
11/01/2022,2022,1,Capital Project Account,Payroll Payment,Debit,18113828,0,59908181231,Zenith Bank,Normal
10/01/2022,2022,1,Recurrent Expenditure Account,Payroll Payment,Debit,348399617,0,59559781614,GTBank,Review
02/01/2022,2022,1,IGR Collection Account,Refund Received,Credit,0,26292492,59586074106,First Bank,Normal
27/01/2022,2022,1,FAAC Account,Project Payment,Debit,203667210,0,59382406896,First Bank,Normal
11/01/2022,2022,1,Treasury Single Account,IGR Collection Remittance,Credit,0,562395919,59944802815,Zenith Bank,Review
10/01/2022,2022,1,FAAC Account,Project Payment,Debit,147832803,0,59796970012,Keystone Bank,Normal
27/01/2022,2022,1,FAAC Account,Transfer to MDA,Debit,8168014,0,59788801998,Access Bank,Normal
20/01/2022,2022,1,Treasury Single Account,Grant Receipt,Credit,0,168202604,59957004602,UBA,Normal
01/01/2022,2022,1,Treasury Single Account,Project Payment,Debit,185447471,0,59771557131,UBA,Normal
26/01/2022,2022,1,Capital Project Account,Contractor Payment,Debit,7753671,0,59763803460,Zenith Bank,Normal
02/01/2022,2022,1,Payroll Account,Administrative Expense,Debit,48372432,0,59715431028,First Bank,Normal
11/01/2022,2022,1,Recurrent Expenditure Account,Administrative Expense,Debit,136213766,0,59579217262,First Bank,Normal
15/02/2022,2022,2,Treasury Single Account,Federal Allocation Receipt,Credit,0,127275629,59706492891,Access Bank,Normal
19/02/2022,2022,2,FAAC Account,Revenue Sweep from MDA,Credit,0,251652019,59958144910,Keystone Bank,Review
27/02/2022,2022,2,Recurrent Expenditure Account,Transfer to MDA,Debit,177299855,0,59780845055,UBA,Normal
10/02/2022,2022,2,Capital Project Account,Payroll Payment,Debit,341539636,0,59439305419,UBA,Review
09/02/2022,2022,2,Treasury Single Account,Administrative Expense,Debit,81169227,0,59358136192,First Bank,Normal
11/02/2022,2022,2,Payroll Account,Federal Allocation Receipt,Credit,0,563013023,59921149215,Zenith Bank,Review
10/02/2022,2022,2,Treasury Single Account,Transfer to MDA,Debit,171023219,0,59750125996,GTBank,Normal
10/02/2022,2022,2,Payroll Account,Revenue Sweep from MDA,Credit,0,247765044,59997891040,UBA,Normal
03/02/2022,2022,2,Recurrent Expenditure Account,Grant Receipt,Credit,0,242594436,60240485476,First Bank,Normal
20/02/2022,2022,2,FAAC Account,Project Payment,Debit,18367018,0,60222118458,GTBank,Normal
11/02/2022,2022,2,FAAC Account,Refund Received,Credit,0,503008365,60725126823,GTBank,Review
03/02/2022,2022,2,Recurrent Expenditure Account,Administrative Expense,Debit,92169254,0,60632957569,Access Bank,Normal
14/02/2022,2022,2,Capital Project Account,Revenue Sweep from MDA,Credit,0,214259483,60847217052,First Bank,Normal
06/02/2022,2022,2,Recurrent Expenditure Account,Federal Allocation Receipt,Credit,0,113799298,60961016350,Access Bank,Normal
13/02/2022,2022,2,Recurrent Expenditure Account,Refund Received,Credit,0,263645198,61224661548,UBA,Review
27/02/2022,2022,2,Recurrent Expenditure Account,IGR Collection Remittance,Credit,0,544252103,61768913651,First Bank,Review
04/02/2022,2022,2,IGR Collection Account,Payroll Payment,Debit,165065481,0,61603848170,GTBank,Normal
27/02/2022,2022,2,Treasury Single Account,Refund Received,Credit,0,435530055,62039378225,Zenith Bank,Review
15/02/2022,2022,2,Capital Project Account,Transfer to MDA,Debit,205233092,0,61834145133,Access Bank,Normal
10/02/2022,2022,2,IGR Collection Account,Grant Receipt,Credit,0,414079202,62248224335,Keystone Bank,Review
21/02/2022,2022,2,FAAC Account,Transfer to MDA,Debit,88518139,0,62159706196,First Bank,Normal
17/02/2022,2022,2,Treasury Single Account,Contractor Payment,Debit,331236514,0,61828469682,Access Bank,Review
17/02/2022,2022,2,Treasury Single Account,Loan Repayment,Debit,109878736,0,61718590946,Access Bank,Review
01/02/2022,2022,2,IGR Collection Account,Project Payment,Debit,46640238,0,61671950708,GTBank,Normal
28/02/2022,2022,2,FAAC Account,Loan Repayment,Debit,263485818,0,61408464890,Keystone Bank,Review
11/02/2022,2022,2,Capital Project Account,Project Payment,Debit,329973881,0,61078491009,Zenith Bank,Review
05/02/2022,2022,2,Payroll Account,Payroll Payment,Debit,179646453,0,60898844556,GTBank,Normal
01/02/2022,2022,2,IGR Collection Account,Transfer to MDA,Debit,1828331,0,60897016225,UBA,Normal
22/02/2022,2022,2,Payroll Account,Grant Receipt,Credit,0,76469177,60973485402,Zenith Bank,Normal
20/02/2022,2022,2,Capital Project Account,Revenue Sweep from MDA,Credit,0,335787042,61309272444,Zenith Bank,Review
28/02/2022,2022,2,Payroll Account,Grant Receipt,Credit,0,505872260,61815144704,GTBank,Review
04/02/2022,2022,2,Capital Project Account,Payroll Payment,Debit,95371851,0,61719772853,UBA,Normal
25/02/2022,2022,2,IGR Collection Account,Refund Received,Credit,0,460409061,62180181914,Keystone Bank,Review
08/02/2022,2022,2,FAAC Account,Loan Repayment,Debit,100025768,0,62080156146,Zenith Bank,Review
22/02/2022,2022,2,FAAC Account,Transfer to MDA,Debit,100116046,0,61980040100,Zenith Bank,Normal
22/02/2022,2022,2,Treasury Single Account,Revenue Sweep from MDA,Credit,0,129451143,62109491243,First Bank,Normal
10/02/2022,2022,2,Payroll Account,IGR Collection Remittance,Credit,0,181032027,62290523270,Keystone Bank,Normal
01/02/2022,2022,2,Payroll Account,Refund Received,Credit,0,81977941,62372501211,UBA,Normal
27/02/2022,2022,2,Recurrent Expenditure Account,Administrative Expense,Debit,344034771,0,62028466440,First Bank,Review
23/02/2022,2022,2,IGR Collection Account,Grant Receipt,Credit,0,147725831,62176192271,GTBank,Normal
13/02/2022,2022,2,Recurrent Expenditure Account,Transfer to MDA,Debit,74277319,0,62101914952,GTBank,Normal
13/02/2022,2022,2,Recurrent Expenditure Account,Project Payment,Debit,21415070,0,62080499882,GTBank,Normal
20/02/2022,2022,2,Recurrent Expenditure Account,Project Payment,Debit,153663464,0,61926836418,Access Bank,Normal
01/02/2022,2022,2,Treasury Single Account,Administrative Expense,Debit,43496949,0,61883339469,First Bank,Normal
06/02/2022,2022,2,Payroll Account,Bank Charges,Debit,348420095,0,61534919374,First Bank,Review
23/02/2022,2022,2,Payroll Account,Refund Received,Credit,0,527764048,62062683422,Zenith Bank,Review
01/02/2022,2022,2,Capital Project Account,IGR Collection Remittance,Credit,0,89780464,62152463886,Zenith Bank,Normal
03/02/2022,2022,2,Capital Project Account,Contractor Payment,Debit,51792265,0,62100671621,GTBank,Normal
24/02/2022,2022,2,FAAC Account,Federal Allocation Receipt,Credit,0,180613861,62281285482,GTBank,Normal
25/02/2022,2022,2,IGR Collection Account,Administrative Expense,Debit,190427481,0,62090858001,First Bank,Normal
11/02/2022,2022,2,IGR Collection Account,Transfer to MDA,Debit,77204964,0,62013653037,Zenith Bank,Normal
11/02/2022,2022,2,Recurrent Expenditure Account,Federal Allocation Receipt,Credit,0,216682104,62230335141,First Bank,Normal
20/02/2022,2022,2,Recurrent Expenditure Account,Grant Receipt,Credit,0,452117751,62682452892,GTBank,Review
19/02/2022,2022,2,Recurrent Expenditure Account,Administrative Expense,Debit,204678854,0,62477774038,Keystone Bank,Normal
08/02/2022,2022,2,IGR Collection Account,Transfer to MDA,Debit,320521680,0,62157252358,UBA,Review
21/02/2022,2022,2,Payroll Account,Contractor Payment,Debit,192205556,0,61965046802,Zenith Bank,Normal
07/02/2022,2022,2,Treasury Single Account,Federal Allocation Receipt,Credit,0,494302205,62459349007,GTBank,Review
09/02/2022,2022,2,FAAC Account,IGR Collection Remittance,Credit,0,241613869,62700962876,Zenith Bank,Normal
12/02/2022,2022,2,Payroll Account,Transfer to MDA,Debit,255214064,0,62445748812,UBA,Review
07/02/2022,2022,2,FAAC Account,Transfer to MDA,Debit,51001151,0,62394747661,GTBank,Normal
05/02/2022,2022,2,FAAC Account,IGR Collection Remittance,Credit,0,382933507,62777681168,Zenith Bank,Review
10/02/2022,2022,2,IGR Collection Account,Administrative Expense,Debit,92493499,0,62685187669,Access Bank,Normal
21/02/2022,2022,2,Recurrent Expenditure Account,Revenue Sweep from MDA,Credit,0,307659834,62992847503,Access Bank,Review
26/02/2022,2022,2,Payroll Account,Administrative Expense,Debit,279900917,0,62712946586,GTBank,Review
14/02/2022,2022,2,Treasury Single Account,Loan Repayment,Debit,55104559,0,62657842027,UBA,Review
12/02/2022,2022,2,Capital Project Account,Administrative Expense,Debit,14689131,0,62643152896,UBA,Normal
07/02/2022,2022,2,Capital Project Account,Federal Allocation Receipt,Credit,0,298194749,62941347645,UBA,Review
21/02/2022,2022,2,Treasury Single Account,Administrative Expense,Debit,121918408,0,62819429237,Access Bank,Normal
13/02/2022,2022,2,Treasury Single Account,Refund Received,Credit,0,30916278,62850345515,Access Bank,Normal
18/02/2022,2022,2,Recurrent Expenditure Account,Refund Received,Credit,0,73822735,62924168250,Zenith Bank,Normal
03/03/2022,2022,3,Capital Project Account,Revenue Sweep from MDA,Credit,0,406893967,63331062217,UBA,Review
17/03/2022,2022,3,Recurrent Expenditure Account,Bank Charges,Debit,71806077,0,63259256140,First Bank,Review
13/03/2022,2022,3,Recurrent Expenditure Account,Refund Received,Credit,0,95109317,63354365457,Access Bank,Normal
19/03/2022,2022,3,IGR Collection Account,IGR Collection Remittance,Credit,0,391121995,63745487452,UBA,Review
24/03/2022,2022,3,Treasury Single Account,Refund Received,Credit,0,494301851,64239789303,UBA,Review
15/03/2022,2022,3,Payroll Account,Revenue Sweep from MDA,Credit,0,273836720,64513626023,Access Bank,Review
04/03/2022,2022,3,Treasury Single Account,Transfer to MDA,Debit,209509129,0,64304116894,Access Bank,Normal
03/03/2022,2022,3,IGR Collection Account,Refund Received,Credit,0,169594817,64473711711,UBA,Normal
24/03/2022,2022,3,Treasury Single Account,Refund Received,Credit,0,9170987,64482882698,UBA,Normal
18/03/2022,2022,3,Capital Project Account,Loan Repayment,Debit,23426305,0,64459456393,Keystone Bank,Review
25/03/2022,2022,3,IGR Collection Account,Federal Allocation Receipt,Credit,0,448213046,64907669439,First Bank,Review
14/03/2022,2022,3,Payroll Account,Grant Receipt,Credit,0,240738533,65148407972,GTBank,Normal
13/03/2022,2022,3,Payroll Account,Transfer to MDA,Debit,207105455,0,64941302517,UBA,Normal
25/03/2022,2022,3,Capital Project Account,Contractor Payment,Debit,33152085,0,64908150432,Access Bank,Normal
27/03/2022,2022,3,FAAC Account,Grant Receipt,Credit,0,110239045,65018389477,Keystone Bank,Normal
20/03/2022,2022,3,FAAC Account,Grant Receipt,Credit,0,428712269,65447101746,Zenith Bank,Review
14/03/2022,2022,3,IGR Collection Account,IGR Collection Remittance,Credit,0,310449224,65757550970,Keystone Bank,Review
16/03/2022,2022,3,Capital Project Account,Grant Receipt,Credit,0,354618412,66112169382,First Bank,Review
27/03/2022,2022,3,Payroll Account,Payroll Payment,Debit,310648358,0,65801521024,Access Bank,Review
04/03/2022,2022,3,IGR Collection Account,Federal Allocation Receipt,Credit,0,77500179,65879021203,Zenith Bank,Normal
13/03/2022,2022,3,Capital Project Account,Payroll Payment,Debit,281459663,0,65597561540,Access Bank,Review
27/03/2022,2022,3,Treasury Single Account,Loan Repayment,Debit,332836012,0,65264725528,GTBank,Review
21/03/2022,2022,3,FAAC Account,Refund Received,Credit,0,327722703,65592448231,Access Bank,Review
18/03/2022,2022,3,Capital Project Account,IGR Collection Remittance,Credit,0,79825074,65672273305,Keystone Bank,Normal
20/03/2022,2022,3,Recurrent Expenditure Account,Project Payment,Debit,142926913,0,65529346392,Keystone Bank,Normal
24/03/2022,2022,3,IGR Collection Account,Refund Received,Credit,0,587888915,66117235307,Keystone Bank,Review
02/03/2022,2022,3,FAAC Account,IGR Collection Remittance,Credit,0,481797024,66599032331,Access Bank,Review
11/03/2022,2022,3,Treasury Single Account,Revenue Sweep from MDA,Credit,0,522055601,67121087932,Access Bank,Review
26/03/2022,2022,3,Recurrent Expenditure Account,Bank Charges,Debit,234865459,0,66886222473,UBA,Review
06/03/2022,2022,3,Payroll Account,Grant Receipt,Credit,0,185399431,67071621904,Access Bank,Normal
05/03/2022,2022,3,FAAC Account,Federal Allocation Receipt,Credit,0,305579385,67377201289,UBA,Review
27/03/2022,2022,3,Treasury Single Account,Revenue Sweep from MDA,Credit,0,413722579,67790923868,Access Bank,Review
22/03/2022,2022,3,Payroll Account,Grant Receipt,Credit,0,464226127,68255149995,Zenith Bank,Review
04/03/2022,2022,3,Capital Project Account,Federal Allocation Receipt,Credit,0,153558478,68408708473,First Bank,Normal
07/03/2022,2022,3,IGR Collection Account,IGR Collection Remittance,Credit,0,558572409,68967280882,GTBank,Review
26/03/2022,2022,3,Treasury Single Account,Grant Receipt,Credit,0,85056818,69052337700,Zenith Bank,Normal
25/03/2022,2022,3,Capital Project Account,Grant Receipt,Credit,0,121526519,69173864219,Zenith Bank,Normal
20/03/2022,2022,3,Payroll Account,Administrative Expense,Debit,57809004,0,69116055215,Access Bank,Normal
09/03/2022,2022,3,Treasury Single Account,Grant Receipt,Credit,0,73609540,69189664755,Zenith Bank,Normal
11/03/2022,2022,3,Treasury Single Account,Refund Received,Credit,0,223919418,69413584173,GTBank,Normal
03/03/2022,2022,3,FAAC Account,Project Payment,Debit,154630806,0,69258953367,Zenith Bank,Normal
22/03/2022,2022,3,Treasury Single Account,Grant Receipt,Credit,0,397889572,69656842939,Access Bank,Review
10/03/2022,2022,3,IGR Collection Account,Transfer to MDA,Debit,311726959,0,69345115980,Keystone Bank,Review
17/03/2022,2022,3,FAAC Account,Transfer to MDA,Debit,78816950,0,69266299030,UBA,Normal
24/03/2022,2022,3,Capital Project Account,Refund Received,Credit,0,588249984,69854549014,Access Bank,Review
21/03/2022,2022,3,Treasury Single Account,Project Payment,Debit,242980748,0,69611568266,GTBank,Normal
21/03/2022,2022,3,FAAC Account,Administrative Expense,Debit,309112010,0,69302456256,Keystone Bank,Review
10/03/2022,2022,3,FAAC Account,Federal Allocation Receipt,Credit,0,422266429,69724722685,Access Bank,Review
06/03/2022,2022,3,Treasury Single Account,Revenue Sweep from MDA,Credit,0,417013234,70141735919,UBA,Review
11/03/2022,2022,3,IGR Collection Account,Bank Charges,Debit,208365386,0,69933370533,First Bank,Review
12/03/2022,2022,3,Treasury Single Account,Grant Receipt,Credit,0,331018639,70264389172,Access Bank,Review
08/03/2022,2022,3,Capital Project Account,Grant Receipt,Credit,0,210369965,70474759137,Zenith Bank,Normal
14/03/2022,2022,3,Recurrent Expenditure Account,Payroll Payment,Debit,284036590,0,70190722547,First Bank,Review
04/03/2022,2022,3,Payroll Account,IGR Collection Remittance,Credit,0,571540195,70762262742,First Bank,Review
04/03/2022,2022,3,Treasury Single Account,Payroll Payment,Debit,120866504,0,70641396238,First Bank,Normal
15/03/2022,2022,3,Recurrent Expenditure Account,Refund Received,Credit,0,575196226,71216592464,First Bank,Review
10/03/2022,2022,3,Treasury Single Account,Bank Charges,Debit,13308763,0,71203283701,Keystone Bank,Review
16/03/2022,2022,3,Treasury Single Account,Administrative Expense,Debit,52782756,0,71150500945,First Bank,Normal
24/03/2022,2022,3,IGR Collection Account,Loan Repayment,Debit,238906354,0,70911594591,UBA,Review
12/03/2022,2022,3,Capital Project Account,Grant Receipt,Credit,0,253857391,71165451982,Keystone Bank,Review
21/03/2022,2022,3,FAAC Account,Administrative Expense,Debit,260078221,0,70905373761,First Bank,Review
08/03/2022,2022,3,Capital Project Account,Payroll Payment,Debit,123575924,0,70781797837,GTBank,Normal
06/03/2022,2022,3,IGR Collection Account,Federal Allocation Receipt,Credit,0,38290657,70820088494,First Bank,Normal
05/03/2022,2022,3,FAAC Account,Revenue Sweep from MDA,Credit,0,167489171,70987577665,Zenith Bank,Normal
04/03/2022,2022,3,Recurrent Expenditure Account,Federal Allocation Receipt,Credit,0,165926113,71153503778,Access Bank,Normal
13/03/2022,2022,3,Capital Project Account,Federal Allocation Receipt,Credit,0,424823207,71578326985,First Bank,Review
07/03/2022,2022,3,Recurrent Expenditure Account,Payroll Payment,Debit,349373009,0,71228953976,Keystone Bank,Review
21/03/2022,2022,3,IGR Collection Account,Bank Charges,Debit,295895411,0,70933058565,Zenith Bank,Review
11/03/2022,2022,3,Payroll Account,Revenue Sweep from MDA,Credit,0,365082428,71298140993,Access Bank,Review
23/03/2022,2022,3,FAAC Account,Contractor Payment,Debit,126300255,0,71171840738,Access Bank,Normal
28/04/2022,2022,4,FAAC Account,Grant Receipt,Credit,0,85647685,71257488423,Zenith Bank,Normal
14/04/2022,2022,4,IGR Collection Account,IGR Collection Remittance,Credit,0,329181931,71586670354,Access Bank,Review
07/04/2022,2022,4,Payroll Account,Revenue Sweep from MDA,Credit,0,167032531,71753702885,GTBank,Normal
23/04/2022,2022,4,IGR Collection Account,Bank Charges,Debit,180672670,0,71573030215,Keystone Bank,Review
26/04/2022,2022,4,Recurrent Expenditure Account,IGR Collection Remittance,Credit,0,565848200,72138878415,First Bank,Review
12/04/2022,2022,4,Capital Project Account,Federal Allocation Receipt,Credit,0,445860760,72584739175,First Bank,Review
21/04/2022,2022,4,Capital Project Account,Bank Charges,Debit,99216428,0,72485522747,UBA,Review
11/04/2022,2022,4,IGR Collection Account,Transfer to MDA,Debit,49949792,0,72435572955,First Bank,Normal
15/04/2022,2022,4,Recurrent Expenditure Account,Payroll Payment,Debit,275314605,0,72160258350,GTBank,Review
14/04/2022,2022,4,Capital Project Account,Contractor Payment,Debit,84836177,0,72075422173,UBA,Normal
01/04/2022,2022,4,IGR Collection Account,Revenue Sweep from MDA,Credit,0,553290727,72628712900,UBA,Review
01/04/2022,2022,4,IGR Collection Account,Federal Allocation Receipt,Credit,0,514053455,73142766355,Keystone Bank,Review
20/04/2022,2022,4,IGR Collection Account,Revenue Sweep from MDA,Credit,0,129753134,73272519489,Zenith Bank,Normal
26/04/2022,2022,4,Capital Project Account,IGR Collection Remittance,Credit,0,363507816,73636027305,Access Bank,Review
12/04/2022,2022,4,Capital Project Account,Contractor Payment,Debit,343703939,0,73292323366,GTBank,Review
24/04/2022,2022,4,FAAC Account,Project Payment,Debit,166499392,0,73125823974,Access Bank,Normal
08/04/2022,2022,4,Recurrent Expenditure Account,Transfer to MDA,Debit,222674958,0,72903149016,Keystone Bank,Normal
01/04/2022,2022,4,Treasury Single Account,IGR Collection Remittance,Credit,0,239393123,73142542139,Keystone Bank,Normal
28/04/2022,2022,4,Treasury Single Account,Administrative Expense,Debit,38503772,0,73104038367,First Bank,Normal
03/04/2022,2022,4,Recurrent Expenditure Account,Payroll Payment,Debit,210834888,0,72893203479,Keystone Bank,Normal
14/04/2022,2022,4,Capital Project Account,Refund Received,Credit,0,387543393,73280746872,First Bank,Review
18/04/2022,2022,4,Recurrent Expenditure Account,Revenue Sweep from MDA,Credit,0,493309024,73774055896,UBA,Review
25/04/2022,2022,4,Payroll Account,Grant Receipt,Credit,0,575238403,74349294299,UBA,Review
13/04/2022,2022,4,FAAC Account,Project Payment,Debit,197036478,0,74152257821,UBA,Normal
26/04/2022,2022,4,Treasury Single Account,Loan Repayment,Debit,14940398,0,74137317423,First Bank,Review
09/04/2022,2022,4,Treasury Single Account,Refund Received,Credit,0,324578607,74461896030,GTBank,Review
09/04/2022,2022,4,Payroll Account,Loan Repayment,Debit,124991341,0,74336904689,UBA,Review
03/04/2022,2022,4,Recurrent Expenditure Account,Grant Receipt,Credit,0,212225872,74549130561,UBA,Normal
04/04/2022,2022,4,Payroll Account,Administrative Expense,Debit,109351847,0,74439778714,GTBank,Normal
07/04/2022,2022,4,IGR Collection Account,Refund Received,Credit,0,529893119,74969671833,First Bank,Review
17/04/2022,2022,4,FAAC Account,Transfer to MDA,Debit,288476922,0,74681194911,Access Bank,Review
07/04/2022,2022,4,Payroll Account,IGR Collection Remittance,Credit,0,281906522,74963101433,Zenith Bank,Review
28/04/2022,2022,4,IGR Collection Account,IGR Collection Remittance,Credit,0,587224212,75550325645,Zenith Bank,Review
09/04/2022,2022,4,Recurrent Expenditure Account,Grant Receipt,Credit,0,414113711,75964439356,First Bank,Review
27/04/2022,2022,4,IGR Collection Account,Project Payment,Debit,221816506,0,75742622850,UBA,Normal
01/04/2022,2022,4,FAAC Account,IGR Collection Remittance,Credit,0,590144905,76332767755,GTBank,Review
04/04/2022,2022,4,Recurrent Expenditure Account,Federal Allocation Receipt,Credit,0,218968645,76551736400,GTBank,Normal
21/04/2022,2022,4,Recurrent Expenditure Account,Grant Receipt,Credit,0,421538636,76973275036,GTBank,Review
12/04/2022,2022,4,Capital Project Account,Project Payment,Debit,257151746,0,76716123290,Access Bank,Review
04/04/2022,2022,4,FAAC Account,IGR Collection Remittance,Credit,0,332648204,77048771494,UBA,Review
07/04/2022,2022,4,Treasury Single Account,Grant Receipt,Credit,0,522638025,77571409519,Access Bank,Review
01/04/2022,2022,4,Treasury Single Account,Contractor Payment,Debit,35138141,0,77536271378,UBA,Normal
25/04/2022,2022,4,Payroll Account,Contractor Payment,Debit,197076396,0,77339194982,GTBank,Normal
06/04/2022,2022,4,FAAC Account,Contractor Payment,Debit,175344921,0,77163850061,First Bank,Normal
14/04/2022,2022,4,Treasury Single Account,Project Payment,Debit,344367821,0,76819482240,First Bank,Review
17/04/2022,2022,4,Capital Project Account,Administrative Expense,Debit,65045378,0,76754436862,Keystone Bank,Normal
14/04/2022,2022,4,Capital Project Account,Contractor Payment,Debit,181348662,0,76573088200,Zenith Bank,Normal
15/04/2022,2022,4,Treasury Single Account,Bank Charges,Debit,57561315,0,76515526885,Zenith Bank,Review
26/04/2022,2022,4,Payroll Account,Project Payment,Debit,259850598,0,76255676287,Access Bank,Review
12/04/2022,2022,4,IGR Collection Account,Contractor Payment,Debit,301937855,0,75953738432,Access Bank,Review
25/04/2022,2022,4,Recurrent Expenditure Account,IGR Collection Remittance,Credit,0,449845193,76403583625,UBA,Review
21/04/2022,2022,4,Recurrent Expenditure Account,Project Payment,Debit,215428370,0,76188155255,Access Bank,Normal
12/04/2022,2022,4,IGR Collection Account,IGR Collection Remittance,Credit,0,186987877,76375143132,GTBank,Normal
04/04/2022,2022,4,Recurrent Expenditure Account,Refund Received,Credit,0,373870170,76749013302,UBA,Review
12/04/2022,2022,4,Recurrent Expenditure Account,Loan Repayment,Debit,313735160,0,76435278142,GTBank,Review
18/04/2022,2022,4,Payroll Account,Transfer to MDA,Debit,100740200,0,76334537942,GTBank,Normal
28/04/2022,2022,4,Recurrent Expenditure Account,Loan Repayment,Debit,241156353,0,76093381589,GTBank,Review
10/04/2022,2022,4,Capital Project Account,Revenue Sweep from MDA,Credit,0,565993515,76659375104,Keystone Bank,Review
11/04/2022,2022,4,Payroll Account,Federal Allocation Receipt,Credit,0,495215876,77154590980,GTBank,Review
11/04/2022,2022,4,IGR Collection Account,Bank Charges,Debit,300189599,0,76854401381,GTBank,Review
20/04/2022,2022,4,IGR Collection Account,Revenue Sweep from MDA,Credit,0,530412890,77384814271,GTBank,Review
27/04/2022,2022,4,Capital Project Account,IGR Collection Remittance,Credit,0,417701819,77802516090,Access Bank,Review
24/04/2022,2022,4,Treasury Single Account,Federal Allocation Receipt,Credit,0,464585763,78267101853,UBA,Review
01/04/2022,2022,4,Payroll Account,Refund Received,Credit,0,528533941,78795635794,GTBank,Review
07/04/2022,2022,4,Recurrent Expenditure Account,Transfer to MDA,Debit,38790994,0,78756844800,Access Bank,Normal
24/04/2022,2022,4,Treasury Single Account,Transfer to MDA,Debit,143994224,0,78612850576,UBA,Normal
17/04/2022,2022,4,IGR Collection Account,Grant Receipt,Credit,0,199339854,78812190430,First Bank,Normal
03/04/2022,2022,4,FAAC Account,Federal Allocation Receipt,Credit,0,453524886,79265715316,Keystone Bank,Review
07/04/2022,2022,4,Capital Project Account,Administrative Expense,Debit,312406361,0,78953308955,Zenith Bank,Review
10/04/2022,2022,4,Recurrent Expenditure Account,Federal Allocation Receipt,Credit,0,444100504,79397409459,Keystone Bank,Review
19/05/2022,2022,5,Capital Project Account,Grant Receipt,Credit,0,157285492,79554694951,Keystone Bank,Normal
10/05/2022,2022,5,Recurrent Expenditure Account,Revenue Sweep from MDA,Credit,0,561693044,80116387995,Keystone Bank,Review
26/05/2022,2022,5,Capital Project Account,Payroll Payment,Debit,235239806,0,79881148189,Keystone Bank,Normal
14/05/2022,2022,5,Capital Project Account,Federal Allocation Receipt,Credit,0,59359814,79940508003,First Bank,Normal
15/05/2022,2022,5,Treasury Single Account,Grant Receipt,Credit,0,488410252,80428918255,Access Bank,Review
19/05/2022,2022,5,Capital Project Account,Bank Charges,Debit,230724302,0,80198193953,First Bank,Review
17/05/2022,2022,5,Treasury Single Account,Federal Allocation Receipt,Credit,0,120017436,80318211389,Zenith Bank,Normal
23/05/2022,2022,5,IGR Collection Account,Payroll Payment,Debit,302812622,0,80015398767,Access Bank,Review
14/05/2022,2022,5,Treasury Single Account,Contractor Payment,Debit,143407069,0,79871991698,Access Bank,Normal
28/05/2022,2022,5,Capital Project Account,Loan Repayment,Debit,258966741,0,79613024957,Access Bank,Review
27/05/2022,2022,5,IGR Collection Account,Loan Repayment,Debit,331687431,0,79281337526,Access Bank,Review
28/05/2022,2022,5,Capital Project Account,Bank Charges,Debit,51198482,0,79230139044,Zenith Bank,Review
12/05/2022,2022,5,IGR Collection Account,Grant Receipt,Credit,0,116614378,79346753422,Keystone Bank,Normal
19/05/2022,2022,5,Payroll Account,Project Payment,Debit,229969064,0,79116784358,GTBank,Normal
07/05/2022,2022,5,Capital Project Account,Project Payment,Debit,118569530,0,78998214828,Access Bank,Normal
04/05/2022,2022,5,Treasury Single Account,IGR Collection Remittance,Credit,0,184777845,79182992673,Zenith Bank,Normal
05/05/2022,2022,5,Treasury Single Account,Transfer to MDA,Debit,254988561,0,78928004112,Keystone Bank,Review
03/05/2022,2022,5,Capital Project Account,Administrative Expense,Debit,119146286,0,78808857826,GTBank,Normal
23/05/2022,2022,5,FAAC Account,Transfer to MDA,Debit,164786347,0,78644071479,UBA,Normal
09/05/2022,2022,5,IGR Collection Account,Project Payment,Debit,122801429,0,78521270050,First Bank,Normal
28/05/2022,2022,5,FAAC Account,Federal Allocation Receipt,Credit,0,61091769,78582361819,UBA,Normal
03/05/2022,2022,5,Recurrent Expenditure Account,Refund Received,Credit,0,133276144,78715637963,Access Bank,Normal
02/05/2022,2022,5,IGR Collection Account,IGR Collection Remittance,Credit,0,51576443,78767214406,Keystone Bank,Normal
21/05/2022,2022,5,Treasury Single Account,Revenue Sweep from MDA,Credit,0,159552557,78926766963,UBA,Normal
11/05/2022,2022,5,Recurrent Expenditure Account,Contractor Payment,Debit,122004767,0,78804762196,Zenith Bank,Normal
28/05/2022,2022,5,Capital Project Account,Federal Allocation Receipt,Credit,0,443926278,79248688474,First Bank,Review
22/05/2022,2022,5,FAAC Account,Federal Allocation Receipt,Credit,0,173245362,79421933836,Access Bank,Normal
10/05/2022,2022,5,Treasury Single Account,Bank Charges,Debit,169098556,0,79252835280,Access Bank,Review
17/05/2022,2022,5,Capital Project Account,Project Payment,Debit,43108609,0,79209726671,Zenith Bank,Normal
16/05/2022,2022,5,Recurrent Expenditure Account,Project Payment,Debit,111838478,0,79097888193,GTBank,Normal
14/05/2022,2022,5,Capital Project Account,Payroll Payment,Debit,347673506,0,78750214687,First Bank,Review
19/05/2022,2022,5,Recurrent Expenditure Account,Bank Charges,Debit,31651550,0,78718563137,UBA,Review
22/05/2022,2022,5,IGR Collection Account,Refund Received,Credit,0,466519649,79185082786,Keystone Bank,Review
03/05/2022,2022,5,IGR Collection Account,Transfer to MDA,Debit,30699829,0,79154382957,Access Bank,Normal
02/05/2022,2022,5,Treasury Single Account,Bank Charges,Debit,321321772,0,78833061185,Keystone Bank,Review
13/05/2022,2022,5,Capital Project Account,Revenue Sweep from MDA,Credit,0,122176168,78955237353,GTBank,Normal
17/05/2022,2022,5,Payroll Account,IGR Collection Remittance,Credit,0,510915631,79466152984,UBA,Review
21/05/2022,2022,5,Treasury Single Account,Revenue Sweep from MDA,Credit,0,456838835,79922991819,UBA,Review
04/05/2022,2022,5,Treasury Single Account,Revenue Sweep from MDA,Credit,0,548066887,80471058706,Keystone Bank,Review
01/05/2022,2022,5,Treasury Single Account,Contractor Payment,Debit,326714690,0,80144344016,GTBank,Review
16/05/2022,2022,5,Capital Project Account,IGR Collection Remittance,Credit,0,247305480,80391649496,UBA,Normal
10/05/2022,2022,5,IGR Collection Account,Administrative Expense,Debit,19062728,0,80372586768,Keystone Bank,Normal
14/05/2022,2022,5,Recurrent Expenditure Account,Grant Receipt,Credit,0,289695003,80662281771,First Bank,Review
06/05/2022,2022,5,Treasury Single Account,Contractor Payment,Debit,346482458,0,80315799313,UBA,Review
23/05/2022,2022,5,Payroll Account,Refund Received,Credit,0,524264248,80840063561,First Bank,Review
04/05/2022,2022,5,Capital Project Account,Project Payment,Debit,341009868,0,80499053693,First Bank,Review
05/05/2022,2022,5,Treasury Single Account,Grant Receipt,Credit,0,98609628,80597663321,GTBank,Normal
09/05/2022,2022,5,Capital Project Account,IGR Collection Remittance,Credit,0,164743929,80762407250,Access Bank,Normal
06/05/2022,2022,5,Treasury Single Account,Grant Receipt,Credit,0,59229499,80821636749,GTBank,Normal
13/05/2022,2022,5,FAAC Account,Grant Receipt,Credit,0,378569699,81200206448,Access Bank,Review
28/05/2022,2022,5,IGR Collection Account,Administrative Expense,Debit,172076700,0,81028129748,GTBank,Normal
19/05/2022,2022,5,IGR Collection Account,Federal Allocation Receipt,Credit,0,103644881,81131774629,GTBank,Normal
10/05/2022,2022,5,FAAC Account,Grant Receipt,Credit,0,240357381,81372132010,GTBank,Normal
09/05/2022,2022,5,Recurrent Expenditure Account,Refund Received,Credit,0,386637607,81758769617,UBA,Review
22/05/2022,2022,5,Capital Project Account,IGR Collection Remittance,Credit,0,160220442,81918990059,Zenith Bank,Normal
07/05/2022,2022,5,Capital Project Account,Federal Allocation Receipt,Credit,0,266952064,82185942123,Keystone Bank,Review
13/05/2022,2022,5,Payroll Account,Bank Charges,Debit,64474211,0,82121467912,Keystone Bank,Review
12/05/2022,2022,5,FAAC Account,Refund Received,Credit,0,447449919,82568917831,UBA,Review
26/05/2022,2022,5,Capital Project Account,Project Payment,Debit,14877528,0,82554040303,Access Bank,Normal
20/05/2022,2022,5,FAAC Account,Project Payment,Debit,178979871,0,82375060432,GTBank,Normal
01/05/2022,2022,5,IGR Collection Account,Administrative Expense,Debit,125158194,0,82249902238,Zenith Bank,Normal
09/05/2022,2022,5,Recurrent Expenditure Account,Project Payment,Debit,294582472,0,81955319766,UBA,Review
06/05/2022,2022,5,Treasury Single Account,Revenue Sweep from MDA,Credit,0,67359021,82022678787,Keystone Bank,Normal
03/05/2022,2022,5,Payroll Account,IGR Collection Remittance,Credit,0,177056622,82199735409,Zenith Bank,Normal
22/05/2022,2022,5,FAAC Account,Federal Allocation Receipt,Credit,0,351639225,82551374634,Keystone Bank,Review
05/05/2022,2022,5,Treasury Single Account,Federal Allocation Receipt,Credit,0,311438135,82862812769,Keystone Bank,Review
15/05/2022,2022,5,Recurrent Expenditure Account,Grant Receipt,Credit,0,49329728,82912142497,GTBank,Normal
07/05/2022,2022,5,IGR Collection Account,IGR Collection Remittance,Credit,0,177245230,83089387727,Keystone Bank,Normal
19/05/2022,2022,5,Capital Project Account,IGR Collection Remittance,Credit,0,37736363,83127124090,Keystone Bank,Normal
26/05/2022,2022,5,FAAC Account,Revenue Sweep from MDA,Credit,0,179279915,83306404005,Access Bank,Normal
14/06/2022,2022,6,Recurrent Expenditure Account,Grant Receipt,Credit,0,204196035,83510600040,GTBank,Normal
05/06/2022,2022,6,Capital Project Account,Grant Receipt,Credit,0,447291798,83957891838,GTBank,Review
14/06/2022,2022,6,FAAC Account,Bank Charges,Debit,2031998,0,83955859840,Zenith Bank,Review
08/06/2022,2022,6,Capital Project Account,Revenue Sweep from MDA,Credit,0,146353660,84102213500,Zenith Bank,Normal
04/06/2022,2022,6,Recurrent Expenditure Account,Grant Receipt,Credit,0,367742108,84469955608,Zenith Bank,Review
06/06/2022,2022,6,Capital Project Account,Loan Repayment,Debit,271693773,0,84198261835,Keystone Bank,Review
05/06/2022,2022,6,Payroll Account,Revenue Sweep from MDA,Credit,0,294645110,84492906945,GTBank,Review
18/06/2022,2022,6,Capital Project Account,Revenue Sweep from MDA,Credit,0,484405665,84977312610,GTBank,Review
02/06/2022,2022,6,Capital Project Account,Grant Receipt,Credit,0,177812626,85155125236,Zenith Bank,Normal
21/06/2022,2022,6,Treasury Single Account,Contractor Payment,Debit,19131917,0,85135993319,Keystone Bank,Normal
25/06/2022,2022,6,FAAC Account,Loan Repayment,Debit,284758816,0,84851234503,GTBank,Review
02/06/2022,2022,6,Capital Project Account,Administrative Expense,Debit,243331398,0,84607903105,GTBank,Normal
02/06/2022,2022,6,Treasury Single Account,Federal Allocation Receipt,Credit,0,563462798,85171365903,GTBank,Review
02/06/2022,2022,6,Recurrent Expenditure Account,Refund Received,Credit,0,586540285,85757906188,First Bank,Review
12/06/2022,2022,6,Capital Project Account,Federal Allocation Receipt,Credit,0,35884321,85793790509,Access Bank,Normal
15/06/2022,2022,6,FAAC Account,Revenue Sweep from MDA,Credit,0,6499926,85800290435,Access Bank,Normal
27/06/2022,2022,6,IGR Collection Account,Transfer to MDA,Debit,160889247,0,85639401188,GTBank,Normal
08/06/2022,2022,6,Treasury Single Account,IGR Collection Remittance,Credit,0,52236801,85691637989,Access Bank,Normal
22/06/2022,2022,6,Capital Project Account,Payroll Payment,Debit,186751639,0,85504886350,GTBank,Normal
24/06/2022,2022,6,Payroll Account,Grant Receipt,Credit,0,358902873,85863789223,UBA,Review
27/06/2022,2022,6,Treasury Single Account,Revenue Sweep from MDA,Credit,0,40141577,85903930800,Access Bank,Normal
19/06/2022,2022,6,Capital Project Account,Payroll Payment,Debit,69695307,0,85834235493,First Bank,Normal
07/06/2022,2022,6,IGR Collection Account,Administrative Expense,Debit,182186904,0,85652048589,Access Bank,Normal
10/06/2022,2022,6,FAAC Account,Transfer to MDA,Debit,179209250,0,85472839339,GTBank,Normal
13/06/2022,2022,6,Payroll Account,Project Payment,Debit,35056055,0,85437783284,Keystone Bank,Normal
04/06/2022,2022,6,Treasury Single Account,Transfer to MDA,Debit,172641882,0,85265141402,Access Bank,Normal
22/06/2022,2022,6,Treasury Single Account,Contractor Payment,Debit,178894519,0,85086246883,UBA,Normal
08/06/2022,2022,6,FAAC Account,Federal Allocation Receipt,Credit,0,231713275,85317960158,Zenith Bank,Normal
27/06/2022,2022,6,Capital Project Account,Refund Received,Credit,0,480420971,85798381129,First Bank,Review
28/06/2022,2022,6,Recurrent Expenditure Account,Administrative Expense,Debit,224122768,0,85574258361,Zenith Bank,Normal
20/06/2022,2022,6,FAAC Account,Federal Allocation Receipt,Credit,0,533211705,86107470066,Zenith Bank,Review
08/06/2022,2022,6,FAAC Account,Grant Receipt,Credit,0,177056688,86284526754,Access Bank,Normal
19/06/2022,2022,6,IGR Collection Account,Loan Repayment,Debit,231404236,0,86053122518,GTBank,Review
04/06/2022,2022,6,Capital Project Account,Transfer to MDA,Debit,201269929,0,85851852589,Access Bank,Normal
14/06/2022,2022,6,Treasury Single Account,Refund Received,Credit,0,288958677,86140811266,First Bank,Review
13/06/2022,2022,6,Recurrent Expenditure Account,Contractor Payment,Debit,161424040,0,85979387226,UBA,Normal
05/06/2022,2022,6,FAAC Account,Project Payment,Debit,76032817,0,85903354409,GTBank,Normal
27/06/2022,2022,6,Treasury Single Account,Bank Charges,Debit,340525536,0,85562828873,GTBank,Review
13/06/2022,2022,6,IGR Collection Account,Grant Receipt,Credit,0,37629598,85600458471,UBA,Normal
26/06/2022,2022,6,Capital Project Account,Federal Allocation Receipt,Credit,0,61010512,85661468983,GTBank,Normal
24/06/2022,2022,6,IGR Collection Account,Project Payment,Debit,236391460,0,85425077523,Keystone Bank,Normal
08/06/2022,2022,6,Payroll Account,Federal Allocation Receipt,Credit,0,316780741,85741858264,Access Bank,Review
25/06/2022,2022,6,Payroll Account,Loan Repayment,Debit,185233296,0,85556624968,Zenith Bank,Review
13/06/2022,2022,6,FAAC Account,Contractor Payment,Debit,148708391,0,85407916577,UBA,Normal
08/06/2022,2022,6,Capital Project Account,Administrative Expense,Debit,39701257,0,85368215320,Access Bank,Normal
08/06/2022,2022,6,Recurrent Expenditure Account,Contractor Payment,Debit,250113887,0,85118101433,Keystone Bank,Review
12/06/2022,2022,6,Recurrent Expenditure Account,Administrative Expense,Debit,47728399,0,85070373034,UBA,Normal
23/06/2022,2022,6,IGR Collection Account,Federal Allocation Receipt,Credit,0,132942508,85203315542,GTBank,Normal
02/06/2022,2022,6,Treasury Single Account,Payroll Payment,Debit,342861121,0,84860454421,Zenith Bank,Review
05/06/2022,2022,6,FAAC Account,Grant Receipt,Credit,0,27501467,84887955888,Access Bank,Normal
08/06/2022,2022,6,Capital Project Account,Contractor Payment,Debit,145987706,0,84741968182,Keystone Bank,Normal
02/06/2022,2022,6,Treasury Single Account,Contractor Payment,Debit,227131155,0,84514837027,Access Bank,Normal
28/06/2022,2022,6,Capital Project Account,Federal Allocation Receipt,Credit,0,588429996,85103267023,UBA,Review
07/06/2022,2022,6,Capital Project Account,Revenue Sweep from MDA,Credit,0,437138966,85540405989,UBA,Review
18/06/2022,2022,6,FAAC Account,Bank Charges,Debit,10850121,0,85529555868,First Bank,Review
15/06/2022,2022,6,Payroll Account,Federal Allocation Receipt,Credit,0,180427874,85709983742,GTBank,Normal
21/06/2022,2022,6,Recurrent Expenditure Account,Contractor Payment,Debit,3665507,0,85706318235,GTBank,Normal
24/06/2022,2022,6,IGR Collection Account,IGR Collection Remittance,Credit,0,94699796,85801018031,Access Bank,Normal
03/06/2022,2022,6,Capital Project Account,Administrative Expense,Debit,101161061,0,85699856970,Keystone Bank,Normal
28/06/2022,2022,6,Recurrent Expenditure Account,Administrative Expense,Debit,179545391,0,85520311579,Zenith Bank,Normal
13/06/2022,2022,6,Capital Project Account,Refund Received,Credit,0,73358505,85593670084,First Bank,Normal
04/06/2022,2022,6,Recurrent Expenditure Account,Contractor Payment,Debit,340365050,0,85253305034,Zenith Bank,Review
19/06/2022,2022,6,Treasury Single Account,IGR Collection Remittance,Credit,0,67400342,85320705376,GTBank,Normal
05/06/2022,2022,6,Treasury Single Account,Project Payment,Debit,96012113,0,85224693263,GTBank,Normal
02/06/2022,2022,6,IGR Collection Account,Revenue Sweep from MDA,Credit,0,18771660,85243464923,Keystone Bank,Normal
08/06/2022,2022,6,FAAC Account,Bank Charges,Debit,153153522,0,85090311401,Keystone Bank,Review
24/06/2022,2022,6,Payroll Account,Grant Receipt,Credit,0,22553597,85112864998,UBA,Normal
02/06/2022,2022,6,Payroll Account,Grant Receipt,Credit,0,109217245,85222082243,Access Bank,Normal
14/06/2022,2022,6,Recurrent Expenditure Account,Federal Allocation Receipt,Credit,0,182252877,85404335120,UBA,Normal
28/06/2022,2022,6,Capital Project Account,IGR Collection Remittance,Credit,0,348428382,85752763502,Access Bank,Review
19/07/2022,2022,7,Capital Project Account,Transfer to MDA,Debit,57655482,0,85695108020,Zenith Bank,Normal
17/07/2022,2022,7,Recurrent Expenditure Account,Contractor Payment,Debit,258690147,0,85436417873,First Bank,Review
06/07/2022,2022,7,FAAC Account,IGR Collection Remittance,Credit,0,43789281,85480207154,GTBank,Normal
16/07/2022,2022,7,Payroll Account,Project Payment,Debit,73249701,0,85406957453,GTBank,Normal
17/07/2022,2022,7,IGR Collection Account,Loan Repayment,Debit,185643879,0,85221313574,Keystone Bank,Review
09/07/2022,2022,7,FAAC Account,Transfer to MDA,Debit,37078054,0,85184235520,GTBank,Normal
16/07/2022,2022,7,Payroll Account,Project Payment,Debit,202994490,0,84981241030,Zenith Bank,Normal
26/07/2022,2022,7,Recurrent Expenditure Account,Transfer to MDA,Debit,7498753,0,84973742277,First Bank,Normal
15/07/2022,2022,7,Payroll Account,Grant Receipt,Credit,0,549887300,85523629577,Zenith Bank,Review
02/07/2022,2022,7,FAAC Account,Grant Receipt,Credit,0,230739224,85754368801,Access Bank,Normal
08/07/2022,2022,7,Recurrent Expenditure Account,Administrative Expense,Debit,249879984,0,85504488817,Keystone Bank,Normal
12/07/2022,2022,7,FAAC Account,Grant Receipt,Credit,0,399225561,85903714378,GTBank,Review
22/07/2022,2022,7,Capital Project Account,Bank Charges,Debit,182195820,0,85721518558,Keystone Bank,Review
05/07/2022,2022,7,Capital Project Account,Administrative Expense,Debit,20712255,0,85700806303,Keystone Bank,Normal
06/07/2022,2022,7,Recurrent Expenditure Account,IGR Collection Remittance,Credit,0,334012078,86034818381,Zenith Bank,Review
17/07/2022,2022,7,Treasury Single Account,Transfer to MDA,Debit,12653012,0,86022165369,Zenith Bank,Normal
03/07/2022,2022,7,Recurrent Expenditure Account,Loan Repayment,Debit,64283016,0,85957882353,UBA,Review
19/07/2022,2022,7,IGR Collection Account,Grant Receipt,Credit,0,288944508,86246826861,Zenith Bank,Review
19/07/2022,2022,7,Recurrent Expenditure Account,Grant Receipt,Credit,0,175523104,86422349965,GTBank,Normal
05/07/2022,2022,7,Capital Project Account,Grant Receipt,Credit,0,387709640,86810059605,UBA,Review
03/07/2022,2022,7,Capital Project Account,Administrative Expense,Debit,166838509,0,86643221096,GTBank,Normal
14/07/2022,2022,7,Recurrent Expenditure Account,IGR Collection Remittance,Credit,0,55313733,86698534829,GTBank,Normal
18/07/2022,2022,7,Payroll Account,Contractor Payment,Debit,274847059,0,86423687770,Keystone Bank,Review
22/07/2022,2022,7,FAAC Account,Federal Allocation Receipt,Credit,0,398794870,86822482640,Zenith Bank,Review
21/07/2022,2022,7,Capital Project Account,Revenue Sweep from MDA,Credit,0,111642722,86934125362,Zenith Bank,Normal
12/07/2022,2022,7,IGR Collection Account,Bank Charges,Debit,166202782,0,86767922580,Keystone Bank,Review
05/07/2022,2022,7,Recurrent Expenditure Account,Bank Charges,Debit,36056666,0,86731865914,Access Bank,Review
28/07/2022,2022,7,Capital Project Account,Loan Repayment,Debit,285631491,0,86446234423,Zenith Bank,Review
26/07/2022,2022,7,Capital Project Account,Federal Allocation Receipt,Credit,0,22615845,86468850268,UBA,Normal
27/07/2022,2022,7,FAAC Account,Refund Received,Credit,0,476427894,86945278162,Zenith Bank,Review
26/07/2022,2022,7,IGR Collection Account,Contractor Payment,Debit,269861921,0,86675416241,First Bank,Review
12/07/2022,2022,7,IGR Collection Account,IGR Collection Remittance,Credit,0,210435368,86885851609,Access Bank,Normal
02/07/2022,2022,7,Recurrent Expenditure Account,Federal Allocation Receipt,Credit,0,114561766,87000413375,Keystone Bank,Normal
20/07/2022,2022,7,IGR Collection Account,Revenue Sweep from MDA,Credit,0,511194531,87511607906,GTBank,Review
10/07/2022,2022,7,Recurrent Expenditure Account,Bank Charges,Debit,273219508,0,87238388398,GTBank,Review
12/07/2022,2022,7,Recurrent Expenditure Account,Revenue Sweep from MDA,Credit,0,270668040,87509056438,UBA,Review
23/07/2022,2022,7,Recurrent Expenditure Account,Bank Charges,Debit,289861213,0,87219195225,UBA,Review
26/07/2022,2022,7,Treasury Single Account,Administrative Expense,Debit,240341695,0,86978853530,Keystone Bank,Normal
06/07/2022,2022,7,Treasury Single Account,IGR Collection Remittance,Credit,0,438135896,87416989426,Keystone Bank,Review
02/07/2022,2022,7,FAAC Account,Payroll Payment,Debit,301678459,0,87115310967,UBA,Review
10/07/2022,2022,7,Capital Project Account,IGR Collection Remittance,Credit,0,591183054,87706494021,Keystone Bank,Review
09/07/2022,2022,7,FAAC Account,Loan Repayment,Debit,210296041,0,87496197980,UBA,Review
03/07/2022,2022,7,Payroll Account,Project Payment,Debit,40589125,0,87455608855,Keystone Bank,Normal
08/07/2022,2022,7,Payroll Account,Project Payment,Debit,215783226,0,87239825629,First Bank,Normal
16/07/2022,2022,7,FAAC Account,Project Payment,Debit,202669430,0,87037156199,GTBank,Normal
05/07/2022,2022,7,IGR Collection Account,Project Payment,Debit,14742047,0,87022414152,Zenith Bank,Normal
07/07/2022,2022,7,Capital Project Account,Federal Allocation Receipt,Credit,0,108000602,87130414754,Keystone Bank,Normal
14/07/2022,2022,7,Recurrent Expenditure Account,Project Payment,Debit,221846340,0,86908568414,Keystone Bank,Normal
11/07/2022,2022,7,Capital Project Account,Administrative Expense,Debit,99407884,0,86809160530,Access Bank,Normal
21/07/2022,2022,7,Recurrent Expenditure Account,Payroll Payment,Debit,312482233,0,86496678297,Access Bank,Review
09/07/2022,2022,7,Payroll Account,Federal Allocation Receipt,Credit,0,35564072,86532242369,GTBank,Normal
02/07/2022,2022,7,Treasury Single Account,Payroll Payment,Debit,39330540,0,86492911829,First Bank,Normal
21/07/2022,2022,7,Recurrent Expenditure Account,IGR Collection Remittance,Credit,0,140846155,86633757984,UBA,Normal
09/07/2022,2022,7,IGR Collection Account,Bank Charges,Debit,223033048,0,86410724936,Access Bank,Review
11/07/2022,2022,7,IGR Collection Account,Bank Charges,Debit,225295436,0,86185429500,Access Bank,Review
24/07/2022,2022,7,Capital Project Account,Payroll Payment,Debit,208883906,0,85976545594,GTBank,Normal
24/07/2022,2022,7,Payroll Account,Payroll Payment,Debit,176705616,0,85799839978,First Bank,Normal
20/07/2022,2022,7,Treasury Single Account,Grant Receipt,Credit,0,353328087,86153168065,Keystone Bank,Review
08/07/2022,2022,7,Payroll Account,Federal Allocation Receipt,Credit,0,100333839,86253501904,Zenith Bank,Normal
08/07/2022,2022,7,IGR Collection Account,Bank Charges,Debit,224995330,0,86028506574,GTBank,Review
12/07/2022,2022,7,Treasury Single Account,Project Payment,Debit,14594041,0,86013912533,First Bank,Normal
19/07/2022,2022,7,Payroll Account,IGR Collection Remittance,Credit,0,572961864,86586874397,UBA,Review
16/07/2022,2022,7,Capital Project Account,Project Payment,Debit,151062467,0,86435811930,Keystone Bank,Normal
05/07/2022,2022,7,Recurrent Expenditure Account,Refund Received,Credit,0,16659968,86452471898,Zenith Bank,Normal
09/07/2022,2022,7,Treasury Single Account,Refund Received,Credit,0,595447829,87047919727,Keystone Bank,Review
27/07/2022,2022,7,Treasury Single Account,Bank Charges,Debit,74034558,0,86973885169,Zenith Bank,Review
17/07/2022,2022,7,Treasury Single Account,Administrative Expense,Debit,344525172,0,86629359997,GTBank,Review
01/07/2022,2022,7,Payroll Account,Revenue Sweep from MDA,Credit,0,32587386,86661947383,Access Bank,Normal
15/07/2022,2022,7,IGR Collection Account,Transfer to MDA,Debit,344442283,0,86317505100,UBA,Review
20/07/2022,2022,7,Treasury Single Account,IGR Collection Remittance,Credit,0,186940993,86504446093,Zenith Bank,Normal
14/08/2022,2022,8,FAAC Account,Refund Received,Credit,0,185379915,86689826008,Zenith Bank,Normal
02/08/2022,2022,8,FAAC Account,Contractor Payment,Debit,332766006,0,86357060002,Keystone Bank,Review
21/08/2022,2022,8,Recurrent Expenditure Account,Bank Charges,Debit,52767807,0,86304292195,UBA,Review
17/08/2022,2022,8,IGR Collection Account,Transfer to MDA,Debit,89103939,0,86215188256,Keystone Bank,Normal
10/08/2022,2022,8,Capital Project Account,Revenue Sweep from MDA,Credit,0,388443016,86603631272,UBA,Review
13/08/2022,2022,8,Recurrent Expenditure Account,Loan Repayment,Debit,347991116,0,86255640156,UBA,Review
22/08/2022,2022,8,Recurrent Expenditure Account,Refund Received,Credit,0,418364356,86674004512,Zenith Bank,Review
02/08/2022,2022,8,Treasury Single Account,Payroll Payment,Debit,239341140,0,86434663372,GTBank,Normal
08/08/2022,2022,8,IGR Collection Account,Federal Allocation Receipt,Credit,0,197052375,86631715747,First Bank,Normal
05/08/2022,2022,8,Treasury Single Account,IGR Collection Remittance,Credit,0,193628259,86825344006,Zenith Bank,Normal
06/08/2022,2022,8,FAAC Account,Grant Receipt,Credit,0,17139524,86842483530,Keystone Bank,Normal
13/08/2022,2022,8,FAAC Account,Refund Received,Credit,0,161048424,87003531954,GTBank,Normal
21/08/2022,2022,8,FAAC Account,IGR Collection Remittance,Credit,0,56657179,87060189133,Keystone Bank,Normal
23/08/2022,2022,8,Capital Project Account,Transfer to MDA,Debit,120200696,0,86939988437,UBA,Normal
10/08/2022,2022,8,Treasury Single Account,Federal Allocation Receipt,Credit,0,522225542,87462213979,First Bank,Review
03/08/2022,2022,8,Capital Project Account,IGR Collection Remittance,Credit,0,219943875,87682157854,GTBank,Normal
05/08/2022,2022,8,IGR Collection Account,Administrative Expense,Debit,25752057,0,87656405797,Access Bank,Normal
24/08/2022,2022,8,Payroll Account,IGR Collection Remittance,Credit,0,141712343,87798118140,Zenith Bank,Normal
20/08/2022,2022,8,Payroll Account,Transfer to MDA,Debit,25555054,0,87772563086,UBA,Normal
19/08/2022,2022,8,Capital Project Account,Loan Repayment,Debit,303391139,0,87469171947,UBA,Review
06/08/2022,2022,8,IGR Collection Account,Bank Charges,Debit,277386335,0,87191785612,Zenith Bank,Review
05/08/2022,2022,8,IGR Collection Account,Transfer to MDA,Debit,272484102,0,86919301510,Access Bank,Review
27/08/2022,2022,8,FAAC Account,Administrative Expense,Debit,319931473,0,86599370037,Access Bank,Review
17/08/2022,2022,8,IGR Collection Account,Loan Repayment,Debit,305274030,0,86294096007,UBA,Review
11/08/2022,2022,8,FAAC Account,Bank Charges,Debit,291480196,0,86002615811,GTBank,Review
01/08/2022,2022,8,Payroll Account,IGR Collection Remittance,Credit,0,303032865,86305648676,Keystone Bank,Review
17/08/2022,2022,8,Payroll Account,Bank Charges,Debit,197172578,0,86108476098,UBA,Review
14/08/2022,2022,8,Treasury Single Account,Loan Repayment,Debit,221144316,0,85887331782,Zenith Bank,Review
01/08/2022,2022,8,Payroll Account,Contractor Payment,Debit,158816461,0,85728515321,Access Bank,Normal
15/08/2022,2022,8,Payroll Account,Revenue Sweep from MDA,Credit,0,277292383,86005807704,GTBank,Review
08/08/2022,2022,8,Payroll Account,Project Payment,Debit,335399630,0,85670408074,UBA,Review
14/08/2022,2022,8,Payroll Account,Bank Charges,Debit,49407129,0,85621000945,UBA,Review
17/08/2022,2022,8,Payroll Account,Loan Repayment,Debit,261940794,0,85359060151,GTBank,Review
11/08/2022,2022,8,IGR Collection Account,Refund Received,Credit,0,94409681,85453469832,Keystone Bank,Normal
16/08/2022,2022,8,IGR Collection Account,Revenue Sweep from MDA,Credit,0,222669875,85676139707,UBA,Normal
06/08/2022,2022,8,Treasury Single Account,Bank Charges,Debit,349814329,0,85326325378,First Bank,Review
06/08/2022,2022,8,Capital Project Account,Contractor Payment,Debit,211878774,0,85114446604,Zenith Bank,Normal
05/08/2022,2022,8,FAAC Account,Contractor Payment,Debit,34906023,0,85079540581,Zenith Bank,Normal
27/08/2022,2022,8,FAAC Account,Payroll Payment,Debit,87008096,0,84992532485,Keystone Bank,Normal
17/08/2022,2022,8,Payroll Account,Transfer to MDA,Debit,57856186,0,84934676299,Keystone Bank,Normal
27/08/2022,2022,8,IGR Collection Account,Grant Receipt,Credit,0,252661335,85187337634,Keystone Bank,Review
13/08/2022,2022,8,FAAC Account,Bank Charges,Debit,297577521,0,84889760113,UBA,Review
23/08/2022,2022,8,Payroll Account,Federal Allocation Receipt,Credit,0,423815506,85313575619,Access Bank,Review
20/08/2022,2022,8,FAAC Account,Payroll Payment,Debit,283226535,0,85030349084,GTBank,Review
26/08/2022,2022,8,Capital Project Account,Project Payment,Debit,208292458,0,84822056626,Keystone Bank,Normal
23/08/2022,2022,8,Capital Project Account,Payroll Payment,Debit,337528027,0,84484528599,GTBank,Review
22/08/2022,2022,8,Treasury Single Account,Administrative Expense,Debit,243421107,0,84241107492,Access Bank,Normal
17/08/2022,2022,8,Capital Project Account,Revenue Sweep from MDA,Credit,0,29295735,84270403227,First Bank,Normal
19/08/2022,2022,8,Capital Project Account,Federal Allocation Receipt,Credit,0,460498620,84730901847,UBA,Review
23/08/2022,2022,8,FAAC Account,Federal Allocation Receipt,Credit,0,486812574,85217714421,First Bank,Review
12/08/2022,2022,8,Payroll Account,Administrative Expense,Debit,333994231,0,84883720190,Access Bank,Review
20/08/2022,2022,8,Payroll Account,Loan Repayment,Debit,298292475,0,84585427715,UBA,Review
16/08/2022,2022,8,FAAC Account,Transfer to MDA,Debit,17548273,0,84567879442,UBA,Normal
16/08/2022,2022,8,FAAC Account,Loan Repayment,Debit,164074274,0,84403805168,Zenith Bank,Review
06/08/2022,2022,8,Payroll Account,Bank Charges,Debit,214996578,0,84188808590,UBA,Review
07/08/2022,2022,8,Treasury Single Account,Project Payment,Debit,288335165,0,83900473425,Access Bank,Review
14/08/2022,2022,8,Capital Project Account,Payroll Payment,Debit,35705117,0,83864768308,Zenith Bank,Normal
19/08/2022,2022,8,Treasury Single Account,Administrative Expense,Debit,48155206,0,83816613102,GTBank,Normal
05/08/2022,2022,8,Payroll Account,Refund Received,Credit,0,474338654,84290951756,UBA,Review
06/08/2022,2022,8,Recurrent Expenditure Account,IGR Collection Remittance,Credit,0,504602995,84795554751,Zenith Bank,Review
09/08/2022,2022,8,IGR Collection Account,Transfer to MDA,Debit,125569508,0,84669985243,Access Bank,Normal
03/08/2022,2022,8,Payroll Account,IGR Collection Remittance,Credit,0,14158882,84684144125,Access Bank,Normal
03/08/2022,2022,8,IGR Collection Account,IGR Collection Remittance,Credit,0,339171565,85023315690,First Bank,Review
22/08/2022,2022,8,IGR Collection Account,Loan Repayment,Debit,109811146,0,84913504544,Zenith Bank,Review
07/08/2022,2022,8,IGR Collection Account,Revenue Sweep from MDA,Credit,0,509376257,85422880801,Keystone Bank,Review
28/08/2022,2022,8,FAAC Account,Project Payment,Debit,293169196,0,85129711605,Access Bank,Review
14/08/2022,2022,8,Capital Project Account,Federal Allocation Receipt,Credit,0,513630878,85643342483,UBA,Review
02/08/2022,2022,8,IGR Collection Account,Payroll Payment,Debit,345259117,0,85298083366,Access Bank,Review
07/08/2022,2022,8,IGR Collection Account,Payroll Payment,Debit,58224050,0,85239859316,Keystone Bank,Normal
04/08/2022,2022,8,Payroll Account,Grant Receipt,Credit,0,304968235,85544827551,Access Bank,Review
17/09/2022,2022,9,Recurrent Expenditure Account,Payroll Payment,Debit,200984106,0,85343843445,Zenith Bank,Normal
09/09/2022,2022,9,FAAC Account,Loan Repayment,Debit,341324279,0,85002519166,Access Bank,Review
27/09/2022,2022,9,Payroll Account,Revenue Sweep from MDA,Credit,0,95589072,85098108238,GTBank,Normal
05/09/2022,2022,9,Capital Project Account,Grant Receipt,Credit,0,440856875,85538965113,UBA,Review
07/09/2022,2022,9,Payroll Account,Bank Charges,Debit,334989144,0,85203975969,Access Bank,Review
05/09/2022,2022,9,Treasury Single Account,Transfer to MDA,Debit,167988312,0,85035987657,GTBank,Normal
13/09/2022,2022,9,FAAC Account,Loan Repayment,Debit,292988036,0,84742999621,GTBank,Review
04/09/2022,2022,9,Recurrent Expenditure Account,Revenue Sweep from MDA,Credit,0,164898983,84907898604,UBA,Normal
11/09/2022,2022,9,Capital Project Account,Grant Receipt,Credit,0,257787338,85165685942,First Bank,Review
04/09/2022,2022,9,Recurrent Expenditure Account,IGR Collection Remittance,Credit,0,545119085,85710805027,GTBank,Review
26/09/2022,2022,9,FAAC Account,Contractor Payment,Debit,263232547,0,85447572480,UBA,Review
10/09/2022,2022,9,Capital Project Account,Refund Received,Credit,0,126665139,85574237619,GTBank,Normal
16/09/2022,2022,9,Capital Project Account,Federal Allocation Receipt,Credit,0,362277391,85936515010,Keystone Bank,Review
03/09/2022,2022,9,Capital Project Account,Contractor Payment,Debit,89802763,0,85846712247,GTBank,Normal
03/09/2022,2022,9,FAAC Account,Revenue Sweep from MDA,Credit,0,560547918,86407260165,First Bank,Review
03/09/2022,2022,9,Treasury Single Account,IGR Collection Remittance,Credit,0,333759250,86741019415,Access Bank,Review
12/09/2022,2022,9,Payroll Account,IGR Collection Remittance,Credit,0,273706899,87014726314,Zenith Bank,Review
02/09/2022,2022,9,Recurrent Expenditure Account,Grant Receipt,Credit,0,282456366,87297182680,First Bank,Review
28/09/2022,2022,9,FAAC Account,Federal Allocation Receipt,Credit,0,32956082,87330138762,Access Bank,Normal
14/09/2022,2022,9,FAAC Account,Payroll Payment,Debit,102860033,0,87227278729,Zenith Bank,Normal
18/09/2022,2022,9,IGR Collection Account,Revenue Sweep from MDA,Credit,0,369362039,87596640768,Zenith Bank,Review
27/09/2022,2022,9,FAAC Account,Loan Repayment,Debit,166309355,0,87430331413,UBA,Review
17/09/2022,2022,9,Treasury Single Account,Contractor Payment,Debit,308631002,0,87121700411,Keystone Bank,Review
24/09/2022,2022,9,IGR Collection Account,IGR Collection Remittance,Credit,0,384952730,87506653141,Zenith Bank,Review
24/09/2022,2022,9,FAAC Account,Administrative Expense,Debit,188153694,0,87318499447,Keystone Bank,Normal
26/09/2022,2022,9,Recurrent Expenditure Account,Revenue Sweep from MDA,Credit,0,17998758,87336498205,Zenith Bank,Normal
15/09/2022,2022,9,Payroll Account,Bank Charges,Debit,220154249,0,87116343956,First Bank,Review
25/09/2022,2022,9,Recurrent Expenditure Account,Bank Charges,Debit,116840237,0,86999503719,UBA,Review
02/09/2022,2022,9,IGR Collection Account,Payroll Payment,Debit,99020604,0,86900483115,Zenith Bank,Normal
23/09/2022,2022,9,Treasury Single Account,Loan Repayment,Debit,138762732,0,86761720383,Zenith Bank,Review
23/09/2022,2022,9,IGR Collection Account,Grant Receipt,Credit,0,574572168,87336292551,Keystone Bank,Review
26/09/2022,2022,9,Recurrent Expenditure Account,Federal Allocation Receipt,Credit,0,393820018,87730112569,GTBank,Review
05/09/2022,2022,9,Treasury Single Account,Administrative Expense,Debit,98860863,0,87631251706,GTBank,Normal
05/09/2022,2022,9,Payroll Account,Bank Charges,Debit,280090838,0,87351160868,Zenith Bank,Review
13/09/2022,2022,9,Capital Project Account,Transfer to MDA,Debit,159104153,0,87192056715,UBA,Normal
07/09/2022,2022,9,Treasury Single Account,Federal Allocation Receipt,Credit,0,519631856,87711688571,UBA,Review
19/09/2022,2022,9,FAAC Account,Project Payment,Debit,123711305,0,87587977266,GTBank,Normal
04/09/2022,2022,9,Treasury Single Account,IGR Collection Remittance,Credit,0,130445739,87718423005,GTBank,Normal
19/09/2022,2022,9,Treasury Single Account,Administrative Expense,Debit,175028114,0,87543394891,First Bank,Normal
05/09/2022,2022,9,FAAC Account,Refund Received,Credit,0,483203982,88026598873,Zenith Bank,Review
17/09/2022,2022,9,Recurrent Expenditure Account,IGR Collection Remittance,Credit,0,111014150,88137613023,First Bank,Normal
05/09/2022,2022,9,Recurrent Expenditure Account,IGR Collection Remittance,Credit,0,173045103,88310658126,Keystone Bank,Normal
12/09/2022,2022,9,Treasury Single Account,Grant Receipt,Credit,0,177811802,88488469928,GTBank,Normal
17/09/2022,2022,9,FAAC Account,IGR Collection Remittance,Credit,0,126672919,88615142847,Keystone Bank,Normal
02/09/2022,2022,9,Treasury Single Account,Transfer to MDA,Debit,227790065,0,88387352782,Keystone Bank,Normal
10/09/2022,2022,9,Recurrent Expenditure Account,Grant Receipt,Credit,0,254466367,88641819149,Zenith Bank,Review
23/09/2022,2022,9,Recurrent Expenditure Account,Federal Allocation Receipt,Credit,0,337015003,88978834152,Keystone Bank,Review
16/09/2022,2022,9,Recurrent Expenditure Account,Transfer to MDA,Debit,158306446,0,88820527706,Keystone Bank,Normal
03/09/2022,2022,9,IGR Collection Account,IGR Collection Remittance,Credit,0,271351833,89091879539,UBA,Review
16/09/2022,2022,9,IGR Collection Account,Refund Received,Credit,0,73208516,89165088055,First Bank,Normal
17/09/2022,2022,9,Payroll Account,Contractor Payment,Debit,321141545,0,88843946510,Zenith Bank,Review
03/09/2022,2022,9,Capital Project Account,Refund Received,Credit,0,578289411,89422235921,Zenith Bank,Review
13/09/2022,2022,9,Treasury Single Account,Contractor Payment,Debit,162486607,0,89259749314,Keystone Bank,Normal
18/09/2022,2022,9,Recurrent Expenditure Account,Transfer to MDA,Debit,9602396,0,89250146918,Keystone Bank,Normal
21/09/2022,2022,9,Capital Project Account,Federal Allocation Receipt,Credit,0,594188019,89844334937,Access Bank,Review
09/09/2022,2022,9,Payroll Account,Contractor Payment,Debit,84447471,0,89759887466,Access Bank,Normal
16/09/2022,2022,9,FAAC Account,Grant Receipt,Credit,0,281715930,90041603396,Keystone Bank,Review
04/09/2022,2022,9,FAAC Account,Bank Charges,Debit,133362295,0,89908241101,First Bank,Review
21/09/2022,2022,9,Treasury Single Account,Refund Received,Credit,0,395127072,90303368173,GTBank,Review
16/09/2022,2022,9,Recurrent Expenditure Account,Refund Received,Credit,0,348835666,90652203839,Zenith Bank,Review
23/09/2022,2022,9,FAAC Account,IGR Collection Remittance,Credit,0,112280340,90764484179,Zenith Bank,Normal
09/09/2022,2022,9,Treasury Single Account,Loan Repayment,Debit,341602753,0,90422881426,Zenith Bank,Review
13/09/2022,2022,9,Payroll Account,Administrative Expense,Debit,14879123,0,90408002303,GTBank,Normal
14/09/2022,2022,9,Payroll Account,Bank Charges,Debit,84831710,0,90323170593,First Bank,Review
07/09/2022,2022,9,IGR Collection Account,Contractor Payment,Debit,147652763,0,90175517830,Keystone Bank,Normal
08/09/2022,2022,9,Payroll Account,Administrative Expense,Debit,308797114,0,89866720716,UBA,Review
14/09/2022,2022,9,IGR Collection Account,Loan Repayment,Debit,307039676,0,89559681040,UBA,Review
27/09/2022,2022,9,FAAC Account,Project Payment,Debit,156793825,0,89402887215,UBA,Normal
02/09/2022,2022,9,Recurrent Expenditure Account,Refund Received,Credit,0,391074084,89793961299,First Bank,Review
07/09/2022,2022,9,Treasury Single Account,Revenue Sweep from MDA,Credit,0,302196228,90096157527,UBA,Review
17/10/2022,2022,10,Capital Project Account,Bank Charges,Debit,199576449,0,89896581078,GTBank,Review
16/10/2022,2022,10,Treasury Single Account,Project Payment,Debit,283562672,0,89613018406,Access Bank,Review
11/10/2022,2022,10,Capital Project Account,IGR Collection Remittance,Credit,0,291338223,89904356629,Keystone Bank,Review
12/10/2022,2022,10,Payroll Account,Contractor Payment,Debit,8523113,0,89895833516,Access Bank,Normal
16/10/2022,2022,10,Treasury Single Account,Bank Charges,Debit,4374158,0,89891459358,Keystone Bank,Review
25/10/2022,2022,10,Treasury Single Account,IGR Collection Remittance,Credit,0,303707218,90195166576,First Bank,Review
19/10/2022,2022,10,FAAC Account,IGR Collection Remittance,Credit,0,386977310,90582143886,First Bank,Review
18/10/2022,2022,10,Payroll Account,Grant Receipt,Credit,0,205816694,90787960580,First Bank,Normal
25/10/2022,2022,10,Capital Project Account,Grant Receipt,Credit,0,511663911,91299624491,First Bank,Review
02/10/2022,2022,10,FAAC Account,IGR Collection Remittance,Credit,0,79908710,91379533201,UBA,Normal
24/10/2022,2022,10,IGR Collection Account,Grant Receipt,Credit,0,67266693,91446799894,Zenith Bank,Normal
17/10/2022,2022,10,FAAC Account,Revenue Sweep from MDA,Credit,0,332844858,91779644752,GTBank,Review
23/10/2022,2022,10,FAAC Account,Transfer to MDA,Debit,96685035,0,91682959717,First Bank,Normal
21/10/2022,2022,10,IGR Collection Account,Grant Receipt,Credit,0,187430399,91870390116,Access Bank,Normal
09/10/2022,2022,10,IGR Collection Account,Contractor Payment,Debit,32344991,0,91838045125,GTBank,Normal
12/10/2022,2022,10,Capital Project Account,Grant Receipt,Credit,0,545241236,92383286361,Keystone Bank,Review
04/10/2022,2022,10,FAAC Account,Payroll Payment,Debit,100607724,0,92282678637,Zenith Bank,Normal
07/10/2022,2022,10,Payroll Account,Payroll Payment,Debit,229565828,0,92053112809,Zenith Bank,Normal
20/10/2022,2022,10,Recurrent Expenditure Account,Loan Repayment,Debit,34958568,0,92018154241,Keystone Bank,Review
09/10/2022,2022,10,FAAC Account,Revenue Sweep from MDA,Credit,0,464836050,92482990291,Keystone Bank,Review
24/10/2022,2022,10,Payroll Account,Contractor Payment,Debit,326123310,0,92156866981,UBA,Review
23/10/2022,2022,10,Capital Project Account,Transfer to MDA,Debit,68474210,0,92088392771,Access Bank,Normal
18/10/2022,2022,10,Recurrent Expenditure Account,Project Payment,Debit,330267742,0,91758125029,UBA,Review
23/10/2022,2022,10,FAAC Account,Revenue Sweep from MDA,Credit,0,510472266,92268597295,Zenith Bank,Review
19/10/2022,2022,10,Treasury Single Account,Contractor Payment,Debit,210187145,0,92058410150,Zenith Bank,Normal
28/10/2022,2022,10,Payroll Account,Federal Allocation Receipt,Credit,0,170892277,92229302427,First Bank,Normal
07/10/2022,2022,10,IGR Collection Account,IGR Collection Remittance,Credit,0,339505666,92568808093,Keystone Bank,Review
04/10/2022,2022,10,IGR Collection Account,Contractor Payment,Debit,140734995,0,92428073098,Keystone Bank,Normal
07/10/2022,2022,10,Treasury Single Account,Payroll Payment,Debit,140477567,0,92287595531,First Bank,Normal
13/10/2022,2022,10,IGR Collection Account,Payroll Payment,Debit,97979445,0,92189616086,UBA,Normal
28/10/2022,2022,10,FAAC Account,Project Payment,Debit,321896796,0,91867719290,UBA,Review
23/10/2022,2022,10,Payroll Account,Loan Repayment,Debit,276116529,0,91591602761,UBA,Review
27/10/2022,2022,10,FAAC Account,Administrative Expense,Debit,331121009,0,91260481752,UBA,Review
26/10/2022,2022,10,Treasury Single Account,Contractor Payment,Debit,149807578,0,91110674174,Zenith Bank,Normal
20/10/2022,2022,10,Recurrent Expenditure Account,Contractor Payment,Debit,18218684,0,91092455490,GTBank,Normal
01/10/2022,2022,10,Payroll Account,Refund Received,Credit,0,534618260,91627073750,Zenith Bank,Review
27/10/2022,2022,10,FAAC Account,Loan Repayment,Debit,321495494,0,91305578256,UBA,Review
11/10/2022,2022,10,Payroll Account,Administrative Expense,Debit,186165530,0,91119412726,UBA,Normal
27/10/2022,2022,10,Treasury Single Account,Payroll Payment,Debit,100044051,0,91019368675,Zenith Bank,Normal
13/10/2022,2022,10,Recurrent Expenditure Account,Transfer to MDA,Debit,332777374,0,90686591301,Access Bank,Review
07/10/2022,2022,10,Capital Project Account,Grant Receipt,Credit,0,396147656,91082738957,Access Bank,Review
17/10/2022,2022,10,Treasury Single Account,IGR Collection Remittance,Credit,0,70080113,91152819070,Keystone Bank,Normal
07/10/2022,2022,10,IGR Collection Account,Administrative Expense,Debit,300643978,0,90852175092,Access Bank,Review
18/10/2022,2022,10,FAAC Account,IGR Collection Remittance,Credit,0,374085733,91226260825,GTBank,Review
27/10/2022,2022,10,Recurrent Expenditure Account,Grant Receipt,Credit,0,501473487,91727734312,First Bank,Review
16/10/2022,2022,10,FAAC Account,Bank Charges,Debit,33303843,0,91694430469,UBA,Review
02/10/2022,2022,10,Capital Project Account,Payroll Payment,Debit,102887857,0,91591542612,Zenith Bank,Normal
25/10/2022,2022,10,Capital Project Account,Federal Allocation Receipt,Credit,0,11988344,91603530956,Keystone Bank,Normal
26/10/2022,2022,10,Treasury Single Account,Refund Received,Credit,0,80280100,91683811056,Keystone Bank,Normal
15/10/2022,2022,10,FAAC Account,Administrative Expense,Debit,347018832,0,91336792224,Access Bank,Review
01/10/2022,2022,10,FAAC Account,Project Payment,Debit,339579134,0,90997213090,UBA,Review
19/10/2022,2022,10,IGR Collection Account,Grant Receipt,Credit,0,311521303,91308734393,Access Bank,Review
03/10/2022,2022,10,IGR Collection Account,IGR Collection Remittance,Credit,0,578170107,91886904500,First Bank,Review
04/10/2022,2022,10,IGR Collection Account,Contractor Payment,Debit,300641266,0,91586263234,GTBank,Review
06/10/2022,2022,10,Treasury Single Account,Project Payment,Debit,103080536,0,91483182698,Access Bank,Normal
03/10/2022,2022,10,Capital Project Account,Loan Repayment,Debit,136816324,0,91346366374,UBA,Review
10/10/2022,2022,10,Treasury Single Account,Administrative Expense,Debit,40323156,0,91306043218,Keystone Bank,Normal
26/10/2022,2022,10,Recurrent Expenditure Account,Refund Received,Credit,0,358906664,91664949882,GTBank,Review
15/10/2022,2022,10,FAAC Account,IGR Collection Remittance,Credit,0,389787616,92054737498,Keystone Bank,Review
27/10/2022,2022,10,Recurrent Expenditure Account,Contractor Payment,Debit,26383605,0,92028353893,Access Bank,Normal
18/10/2022,2022,10,Capital Project Account,Project Payment,Debit,14109709,0,92014244184,First Bank,Normal
06/10/2022,2022,10,IGR Collection Account,Grant Receipt,Credit,0,380188994,92394433178,Zenith Bank,Review
16/10/2022,2022,10,Recurrent Expenditure Account,Grant Receipt,Credit,0,91163091,92485596269,UBA,Normal
15/10/2022,2022,10,FAAC Account,Grant Receipt,Credit,0,513602103,92999198372,UBA,Review
27/10/2022,2022,10,FAAC Account,Transfer to MDA,Debit,248396433,0,92750801939,First Bank,Normal
18/10/2022,2022,10,Payroll Account,Refund Received,Credit,0,597465162,93348267101,Zenith Bank,Review
15/10/2022,2022,10,FAAC Account,Refund Received,Credit,0,161076663,93509343764,UBA,Normal
21/10/2022,2022,10,Capital Project Account,Grant Receipt,Credit,0,295262046,93804605810,First Bank,Review
07/10/2022,2022,10,IGR Collection Account,Administrative Expense,Debit,240286829,0,93564318981,Keystone Bank,Normal
19/10/2022,2022,10,FAAC Account,Payroll Payment,Debit,208118716,0,93356200265,UBA,Normal
09/11/2022,2022,11,Recurrent Expenditure Account,Refund Received,Credit,0,437738641,93793938906,First Bank,Review
19/11/2022,2022,11,Treasury Single Account,Federal Allocation Receipt,Credit,0,570425883,94364364789,UBA,Review
14/11/2022,2022,11,Payroll Account,Revenue Sweep from MDA,Credit,0,169349470,94533714259,UBA,Normal
27/11/2022,2022,11,FAAC Account,Transfer to MDA,Debit,53867135,0,94479847124,Access Bank,Normal
11/11/2022,2022,11,Treasury Single Account,IGR Collection Remittance,Credit,0,367218899,94847066023,First Bank,Review
26/11/2022,2022,11,Capital Project Account,Loan Repayment,Debit,224500649,0,94622565374,UBA,Review
13/11/2022,2022,11,Treasury Single Account,IGR Collection Remittance,Credit,0,46010407,94668575781,Access Bank,Normal
16/11/2022,2022,11,Recurrent Expenditure Account,Refund Received,Credit,0,19201638,94687777419,Keystone Bank,Normal
04/11/2022,2022,11,IGR Collection Account,Federal Allocation Receipt,Credit,0,46697823,94734475242,First Bank,Normal
14/11/2022,2022,11,Payroll Account,Revenue Sweep from MDA,Credit,0,182951356,94917426598,Access Bank,Normal
18/11/2022,2022,11,FAAC Account,Project Payment,Debit,234439677,0,94682986921,UBA,Normal
06/11/2022,2022,11,Treasury Single Account,IGR Collection Remittance,Credit,0,322410875,95005397796,Keystone Bank,Review
17/11/2022,2022,11,Recurrent Expenditure Account,IGR Collection Remittance,Credit,0,40804325,95046202121,GTBank,Normal
03/11/2022,2022,11,Recurrent Expenditure Account,Refund Received,Credit,0,445586169,95491788290,Zenith Bank,Review
21/11/2022,2022,11,Capital Project Account,Loan Repayment,Debit,122827732,0,95368960558,Zenith Bank,Review
09/11/2022,2022,11,Capital Project Account,Payroll Payment,Debit,302860167,0,95066100391,Keystone Bank,Review
05/11/2022,2022,11,Recurrent Expenditure Account,Refund Received,Credit,0,436143101,95502243492,UBA,Review
19/11/2022,2022,11,Capital Project Account,Refund Received,Credit,0,285683190,95787926682,UBA,Review
10/11/2022,2022,11,Payroll Account,Contractor Payment,Debit,190940807,0,95596985875,GTBank,Normal
16/11/2022,2022,11,Recurrent Expenditure Account,IGR Collection Remittance,Credit,0,316068866,95913054741,GTBank,Review
12/11/2022,2022,11,IGR Collection Account,Loan Repayment,Debit,110198998,0,95802855743,First Bank,Review
20/11/2022,2022,11,IGR Collection Account,Refund Received,Credit,0,231489051,96034344794,Zenith Bank,Normal
14/11/2022,2022,11,IGR Collection Account,Transfer to MDA,Debit,317507137,0,95716837657,Keystone Bank,Review
05/11/2022,2022,11,Capital Project Account,Federal Allocation Receipt,Credit,0,443099185,96159936842,UBA,Review
27/11/2022,2022,11,FAAC Account,IGR Collection Remittance,Credit,0,162987873,96322924715,Zenith Bank,Normal
11/11/2022,2022,11,IGR Collection Account,IGR Collection Remittance,Credit,0,151692104,96474616819,First Bank,Normal
24/11/2022,2022,11,Payroll Account,Bank Charges,Debit,176083173,0,96298533646,Zenith Bank,Review
10/11/2022,2022,11,Payroll Account,Contractor Payment,Debit,104825035,0,96193708611,Keystone Bank,Normal
21/11/2022,2022,11,Treasury Single Account,Transfer to MDA,Debit,68542115,0,96125166496,GTBank,Normal
17/11/2022,2022,11,Recurrent Expenditure Account,Revenue Sweep from MDA,Credit,0,302172418,96427338914,Access Bank,Review
15/11/2022,2022,11,Treasury Single Account,Payroll Payment,Debit,220583509,0,96206755405,Zenith Bank,Normal
13/11/2022,2022,11,Recurrent Expenditure Account,Federal Allocation Receipt,Credit,0,167685896,96374441301,UBA,Normal
03/11/2022,2022,11,Treasury Single Account,Project Payment,Debit,67938483,0,96306502818,Zenith Bank,Normal
09/11/2022,2022,11,IGR Collection Account,Payroll Payment,Debit,30570780,0,96275932038,GTBank,Normal
08/11/2022,2022,11,Payroll Account,Administrative Expense,Debit,158594365,0,96117337673,UBA,Normal
12/11/2022,2022,11,IGR Collection Account,Administrative Expense,Debit,30567421,0,96086770252,UBA,Normal
05/11/2022,2022,11,IGR Collection Account,Refund Received,Credit,0,100064118,96186834370,First Bank,Normal
18/11/2022,2022,11,FAAC Account,Loan Repayment,Debit,25926751,0,96160907619,Keystone Bank,Review
18/11/2022,2022,11,FAAC Account,IGR Collection Remittance,Credit,0,278204585,96439112204,Keystone Bank,Review
19/11/2022,2022,11,Recurrent Expenditure Account,Revenue Sweep from MDA,Credit,0,538138500,96977250704,UBA,Review
01/11/2022,2022,11,FAAC Account,Grant Receipt,Credit,0,530483136,97507733840,GTBank,Review
24/11/2022,2022,11,Treasury Single Account,Administrative Expense,Debit,32746413,0,97474987427,Zenith Bank,Normal
09/11/2022,2022,11,FAAC Account,Administrative Expense,Debit,279226494,0,97195760933,Keystone Bank,Review
14/11/2022,2022,11,Capital Project Account,IGR Collection Remittance,Credit,0,306673958,97502434891,GTBank,Review
19/11/2022,2022,11,Recurrent Expenditure Account,Payroll Payment,Debit,239927089,0,97262507802,Access Bank,Normal
12/11/2022,2022,11,FAAC Account,Revenue Sweep from MDA,Credit,0,53030378,97315538180,UBA,Normal
24/11/2022,2022,11,IGR Collection Account,Revenue Sweep from MDA,Credit,0,431660665,97747198845,UBA,Review
16/11/2022,2022,11,IGR Collection Account,Contractor Payment,Debit,256458252,0,97490740593,GTBank,Review
09/11/2022,2022,11,Capital Project Account,Contractor Payment,Debit,128347649,0,97362392944,First Bank,Normal
25/11/2022,2022,11,Payroll Account,Contractor Payment,Debit,149586674,0,97212806270,Access Bank,Normal
16/11/2022,2022,11,FAAC Account,Loan Repayment,Debit,214845924,0,96997960346,Zenith Bank,Review
08/11/2022,2022,11,Capital Project Account,Refund Received,Credit,0,199182410,97197142756,Keystone Bank,Normal
12/11/2022,2022,11,Payroll Account,Contractor Payment,Debit,102753956,0,97094388800,UBA,Normal
18/11/2022,2022,11,Payroll Account,Loan Repayment,Debit,97762664,0,96996626136,Access Bank,Review
11/11/2022,2022,11,IGR Collection Account,Project Payment,Debit,70397984,0,96926228152,UBA,Normal
04/11/2022,2022,11,IGR Collection Account,Refund Received,Credit,0,188203046,97114431198,GTBank,Normal
18/11/2022,2022,11,FAAC Account,Loan Repayment,Debit,306959085,0,96807472113,Keystone Bank,Review
20/11/2022,2022,11,IGR Collection Account,Federal Allocation Receipt,Credit,0,264074344,97071546457,Keystone Bank,Review
04/11/2022,2022,11,Payroll Account,Payroll Payment,Debit,320367437,0,96751179020,First Bank,Review
05/11/2022,2022,11,IGR Collection Account,IGR Collection Remittance,Credit,0,286172552,97037351572,Zenith Bank,Review
04/11/2022,2022,11,Treasury Single Account,Loan Repayment,Debit,43456037,0,96993895535,Keystone Bank,Review
09/11/2022,2022,11,Payroll Account,Administrative Expense,Debit,70965452,0,96922930083,Keystone Bank,Normal
12/11/2022,2022,11,IGR Collection Account,Refund Received,Credit,0,455400596,97378330679,First Bank,Review
21/11/2022,2022,11,Treasury Single Account,Transfer to MDA,Debit,293800559,0,97084530120,Access Bank,Review
18/11/2022,2022,11,Capital Project Account,Refund Received,Credit,0,345245728,97429775848,Keystone Bank,Review
07/11/2022,2022,11,Capital Project Account,Refund Received,Credit,0,348730730,97778506578,Zenith Bank,Review
01/11/2022,2022,11,IGR Collection Account,Loan Repayment,Debit,303257905,0,97475248673,GTBank,Review
28/11/2022,2022,11,FAAC Account,Project Payment,Debit,168520799,0,97306727874,Access Bank,Normal
25/11/2022,2022,11,Recurrent Expenditure Account,Refund Received,Credit,0,84128325,97390856199,Zenith Bank,Normal
11/11/2022,2022,11,IGR Collection Account,Administrative Expense,Debit,50532325,0,97340323874,UBA,Normal
02/12/2022,2022,12,IGR Collection Account,Contractor Payment,Debit,64666715,0,97275657159,UBA,Normal
02/12/2022,2022,12,Recurrent Expenditure Account,Project Payment,Debit,65058255,0,97210598904,First Bank,Normal
15/12/2022,2022,12,IGR Collection Account,Refund Received,Credit,0,207964513,97418563417,GTBank,Normal
15/12/2022,2022,12,Treasury Single Account,Refund Received,Credit,0,500858778,97919422195,GTBank,Review
21/12/2022,2022,12,Recurrent Expenditure Account,Federal Allocation Receipt,Credit,0,11380685,97930802880,GTBank,Normal
13/12/2022,2022,12,Payroll Account,Administrative Expense,Debit,158394169,0,97772408711,Access Bank,Normal
08/12/2022,2022,12,Payroll Account,IGR Collection Remittance,Credit,0,521601446,98294010157,UBA,Review
26/12/2022,2022,12,Recurrent Expenditure Account,Loan Repayment,Debit,254876757,0,98039133400,Access Bank,Review
15/12/2022,2022,12,Recurrent Expenditure Account,Contractor Payment,Debit,288284300,0,97750849100,Keystone Bank,Review
09/12/2022,2022,12,Payroll Account,Federal Allocation Receipt,Credit,0,323810309,98074659409,Keystone Bank,Review
28/12/2022,2022,12,IGR Collection Account,Grant Receipt,Credit,0,110547166,98185206575,Keystone Bank,Normal
28/12/2022,2022,12,Recurrent Expenditure Account,Federal Allocation Receipt,Credit,0,206266551,98391473126,First Bank,Normal
07/12/2022,2022,12,Treasury Single Account,Administrative Expense,Debit,230927372,0,98160545754,First Bank,Normal
02/12/2022,2022,12,Capital Project Account,Grant Receipt,Credit,0,357635013,98518180767,Zenith Bank,Review
28/12/2022,2022,12,IGR Collection Account,Loan Repayment,Debit,119402394,0,98398778373,Zenith Bank,Review
18/12/2022,2022,12,Treasury Single Account,Grant Receipt,Credit,0,387768978,98786547351,Access Bank,Review
10/12/2022,2022,12,Recurrent Expenditure Account,Contractor Payment,Debit,188813326,0,98597734025,Zenith Bank,Normal
06/12/2022,2022,12,Treasury Single Account,IGR Collection Remittance,Credit,0,260664270,98858398295,GTBank,Review
25/12/2022,2022,12,Treasury Single Account,Refund Received,Credit,0,82685410,98941083705,GTBank,Normal
01/12/2022,2022,12,FAAC Account,Grant Receipt,Credit,0,10184747,98951268452,GTBank,Normal
19/12/2022,2022,12,Payroll Account,Grant Receipt,Credit,0,230837322,99182105774,GTBank,Normal
11/12/2022,2022,12,IGR Collection Account,Refund Received,Credit,0,99949238,99282055012,First Bank,Normal
08/12/2022,2022,12,Payroll Account,Grant Receipt,Credit,0,332530728,99614585740,First Bank,Review
14/12/2022,2022,12,Recurrent Expenditure Account,Loan Repayment,Debit,87884260,0,99526701480,Zenith Bank,Review
26/12/2022,2022,12,IGR Collection Account,Federal Allocation Receipt,Credit,0,505143944,1.00032E+11,UBA,Review
27/12/2022,2022,12,Treasury Single Account,IGR Collection Remittance,Credit,0,118166856,1.0015E+11,GTBank,Normal
04/12/2022,2022,12,Treasury Single Account,Refund Received,Credit,0,46172711,1.00196E+11,Zenith Bank,Normal
24/12/2022,2022,12,Payroll Account,Grant Receipt,Credit,0,25341051,1.00222E+11,Zenith Bank,Normal
07/12/2022,2022,12,Capital Project Account,Administrative Expense,Debit,52773603,0,1.00169E+11,UBA,Normal
22/12/2022,2022,12,FAAC Account,Revenue Sweep from MDA,Credit,0,546677210,1.00715E+11,Access Bank,Review
03/12/2022,2022,12,Payroll Account,Transfer to MDA,Debit,171277946,0,1.00544E+11,UBA,Normal
07/12/2022,2022,12,IGR Collection Account,Contractor Payment,Debit,275576022,0,1.00269E+11,GTBank,Review
11/12/2022,2022,12,FAAC Account,Grant Receipt,Credit,0,427464923,1.00696E+11,Access Bank,Review
18/12/2022,2022,12,IGR Collection Account,Project Payment,Debit,123745579,0,1.00572E+11,First Bank,Normal
17/12/2022,2022,12,Recurrent Expenditure Account,Federal Allocation Receipt,Credit,0,114945661,1.00687E+11,GTBank,Normal
23/12/2022,2022,12,IGR Collection Account,Grant Receipt,Credit,0,373465808,1.01061E+11,Access Bank,Review
22/12/2022,2022,12,FAAC Account,IGR Collection Remittance,Credit,0,395115994,1.01456E+11,GTBank,Review
04/12/2022,2022,12,FAAC Account,Loan Repayment,Debit,120450938,0,1.01335E+11,Zenith Bank,Review
12/12/2022,2022,12,Payroll Account,Administrative Expense,Debit,78447911,0,1.01257E+11,Keystone Bank,Normal
23/12/2022,2022,12,Recurrent Expenditure Account,Grant Receipt,Credit,0,112646303,1.0137E+11,Keystone Bank,Normal
03/12/2022,2022,12,Recurrent Expenditure Account,Administrative Expense,Debit,283192335,0,1.01086E+11,GTBank,Review
24/12/2022,2022,12,Payroll Account,Administrative Expense,Debit,173909238,0,1.00912E+11,Keystone Bank,Normal
12/12/2022,2022,12,Payroll Account,Grant Receipt,Credit,0,304147480,1.01217E+11,First Bank,Review
06/12/2022,2022,12,Capital Project Account,Contractor Payment,Debit,334417186,0,1.00882E+11,Zenith Bank,Review
19/12/2022,2022,12,Capital Project Account,Federal Allocation Receipt,Credit,0,169118899,1.01051E+11,GTBank,Normal
11/12/2022,2022,12,IGR Collection Account,Transfer to MDA,Debit,302346542,0,1.00749E+11,UBA,Review
13/12/2022,2022,12,Capital Project Account,Bank Charges,Debit,220286052,0,1.00529E+11,First Bank,Review
13/12/2022,2022,12,IGR Collection Account,Transfer to MDA,Debit,191160096,0,1.00338E+11,UBA,Normal
16/12/2022,2022,12,FAAC Account,Bank Charges,Debit,166589293,0,1.00171E+11,Access Bank,Review
13/12/2022,2022,12,Recurrent Expenditure Account,Grant Receipt,Credit,0,40245791,1.00211E+11,Access Bank,Normal
13/12/2022,2022,12,Capital Project Account,Loan Repayment,Debit,231961019,0,99979220351,Keystone Bank,Review
10/12/2022,2022,12,FAAC Account,Project Payment,Debit,155083841,0,99824136510,GTBank,Normal
01/12/2022,2022,12,FAAC Account,Administrative Expense,Debit,249256534,0,99574879976,UBA,Normal
18/12/2022,2022,12,IGR Collection Account,Federal Allocation Receipt,Credit,0,226676683,99801556659,Access Bank,Normal
09/12/2022,2022,12,Treasury Single Account,Refund Received,Credit,0,538930371,1.0034E+11,Access Bank,Review
10/12/2022,2022,12,FAAC Account,IGR Collection Remittance,Credit,0,354582864,1.00695E+11,GTBank,Review
06/12/2022,2022,12,FAAC Account,Bank Charges,Debit,161259576,0,1.00534E+11,GTBank,Review
20/12/2022,2022,12,Capital Project Account,Revenue Sweep from MDA,Credit,0,429410023,1.00963E+11,UBA,Review
28/12/2022,2022,12,Recurrent Expenditure Account,Bank Charges,Debit,173524087,0,1.0079E+11,UBA,Review
26/12/2022,2022,12,Payroll Account,Project Payment,Debit,213015931,0,1.00577E+11,GTBank,Normal
10/12/2022,2022,12,Capital Project Account,Loan Repayment,Debit,226951966,0,1.0035E+11,Zenith Bank,Review
23/12/2022,2022,12,Treasury Single Account,Revenue Sweep from MDA,Credit,0,15761201,1.00365E+11,Zenith Bank,Normal
14/12/2022,2022,12,Treasury Single Account,Bank Charges,Debit,164657527,0,1.00201E+11,Access Bank,Review
28/12/2022,2022,12,Treasury Single Account,IGR Collection Remittance,Credit,0,260931291,1.00462E+11,First Bank,Review
04/12/2022,2022,12,Recurrent Expenditure Account,IGR Collection Remittance,Credit,0,583554735,1.01045E+11,First Bank,Review
25/12/2022,2022,12,Capital Project Account,Contractor Payment,Debit,10764401,0,1.01035E+11,Zenith Bank,Normal
25/12/2022,2022,12,Payroll Account,Bank Charges,Debit,141087834,0,1.00893E+11,GTBank,Review
11/12/2022,2022,12,Recurrent Expenditure Account,Administrative Expense,Debit,149310397,0,1.00744E+11,Access Bank,Normal
02/12/2022,2022,12,IGR Collection Account,Revenue Sweep from MDA,Credit,0,316611341,1.01061E+11,UBA,Review
25/12/2022,2022,12,Capital Project Account,Grant Receipt,Credit,0,285273111,1.01346E+11,First Bank,Review
01/01/2023,2023,1,Recurrent Expenditure Account,Loan Repayment,Debit,174357009,0,1.01172E+11,GTBank,Review
16/01/2023,2023,1,Treasury Single Account,Payroll Payment,Debit,118869280,0,1.01053E+11,Keystone Bank,Normal
19/01/2023,2023,1,IGR Collection Account,Bank Charges,Debit,23463022,0,1.01029E+11,Zenith Bank,Review
19/01/2023,2023,1,IGR Collection Account,Federal Allocation Receipt,Credit,0,363274510,1.01393E+11,First Bank,Review
27/01/2023,2023,1,FAAC Account,Refund Received,Credit,0,242142694,1.01635E+11,UBA,Normal
05/01/2023,2023,1,Capital Project Account,Grant Receipt,Credit,0,366841188,1.02002E+11,Access Bank,Review
26/01/2023,2023,1,Capital Project Account,Grant Receipt,Credit,0,349987624,1.02352E+11,First Bank,Review
12/01/2023,2023,1,Treasury Single Account,Loan Repayment,Debit,49307136,0,1.02302E+11,First Bank,Review
10/01/2023,2023,1,IGR Collection Account,Payroll Payment,Debit,177800137,0,1.02124E+11,First Bank,Normal
14/01/2023,2023,1,Treasury Single Account,Payroll Payment,Debit,304292329,0,1.0182E+11,Zenith Bank,Review
12/01/2023,2023,1,IGR Collection Account,Loan Repayment,Debit,139643150,0,1.01681E+11,Zenith Bank,Review
25/01/2023,2023,1,IGR Collection Account,Administrative Expense,Debit,242592393,0,1.01438E+11,Zenith Bank,Normal
28/01/2023,2023,1,Payroll Account,Project Payment,Debit,344420292,0,1.01094E+11,GTBank,Review
15/01/2023,2023,1,Recurrent Expenditure Account,Grant Receipt,Credit,0,300056768,1.01394E+11,Zenith Bank,Review
25/01/2023,2023,1,Treasury Single Account,Grant Receipt,Credit,0,494407933,1.01888E+11,First Bank,Review
18/01/2023,2023,1,Capital Project Account,IGR Collection Remittance,Credit,0,352137249,1.0224E+11,GTBank,Review
04/01/2023,2023,1,Recurrent Expenditure Account,Federal Allocation Receipt,Credit,0,461962809,1.02702E+11,UBA,Review
27/01/2023,2023,1,Treasury Single Account,IGR Collection Remittance,Credit,0,494656907,1.03197E+11,Keystone Bank,Review
18/01/2023,2023,1,Capital Project Account,Revenue Sweep from MDA,Credit,0,329714731,1.03526E+11,Access Bank,Review
09/01/2023,2023,1,IGR Collection Account,IGR Collection Remittance,Credit,0,585225233,1.04112E+11,Zenith Bank,Review
06/01/2023,2023,1,Treasury Single Account,Contractor Payment,Debit,261045645,0,1.03851E+11,Access Bank,Review
08/01/2023,2023,1,Payroll Account,Project Payment,Debit,335437044,0,1.03515E+11,UBA,Review
25/01/2023,2023,1,IGR Collection Account,Payroll Payment,Debit,37937338,0,1.03477E+11,First Bank,Normal
08/01/2023,2023,1,Recurrent Expenditure Account,Refund Received,Credit,0,104573828,1.03582E+11,Keystone Bank,Normal
16/01/2023,2023,1,IGR Collection Account,IGR Collection Remittance,Credit,0,173575314,1.03755E+11,First Bank,Normal
06/01/2023,2023,1,FAAC Account,Grant Receipt,Credit,0,156123373,1.03912E+11,GTBank,Normal
02/01/2023,2023,1,Treasury Single Account,Federal Allocation Receipt,Credit,0,568968248,1.04481E+11,Access Bank,Review
22/01/2023,2023,1,Capital Project Account,Administrative Expense,Debit,45189064,0,1.04435E+11,UBA,Normal
04/01/2023,2023,1,Payroll Account,Contractor Payment,Debit,331182438,0,1.04104E+11,First Bank,Review
14/01/2023,2023,1,IGR Collection Account,Transfer to MDA,Debit,63490697,0,1.04041E+11,GTBank,Normal
03/01/2023,2023,1,Treasury Single Account,Federal Allocation Receipt,Credit,0,576655945,1.04617E+11,Keystone Bank,Review
14/01/2023,2023,1,Capital Project Account,Grant Receipt,Credit,0,586440422,1.05204E+11,UBA,Review
05/01/2023,2023,1,Capital Project Account,Refund Received,Credit,0,557779049,1.05762E+11,Zenith Bank,Review
04/01/2023,2023,1,FAAC Account,Federal Allocation Receipt,Credit,0,522145276,1.06284E+11,Zenith Bank,Review
13/01/2023,2023,1,IGR Collection Account,Payroll Payment,Debit,172182338,0,1.06111E+11,Zenith Bank,Normal
05/01/2023,2023,1,Payroll Account,Bank Charges,Debit,111311687,0,1.06E+11,GTBank,Review
22/01/2023,2023,1,Treasury Single Account,IGR Collection Remittance,Credit,0,279070185,1.06279E+11,GTBank,Review
13/01/2023,2023,1,IGR Collection Account,Federal Allocation Receipt,Credit,0,485936070,1.06765E+11,First Bank,Review
13/01/2023,2023,1,Recurrent Expenditure Account,Revenue Sweep from MDA,Credit,0,474935046,1.0724E+11,Keystone Bank,Review
18/01/2023,2023,1,Payroll Account,Refund Received,Credit,0,387625805,1.07628E+11,Zenith Bank,Review
25/01/2023,2023,1,IGR Collection Account,Loan Repayment,Debit,126279249,0,1.07501E+11,First Bank,Review
26/01/2023,2023,1,Payroll Account,Refund Received,Credit,0,141219743,1.07643E+11,Keystone Bank,Normal
10/01/2023,2023,1,Recurrent Expenditure Account,Revenue Sweep from MDA,Credit,0,120886553,1.07764E+11,Keystone Bank,Normal
02/01/2023,2023,1,FAAC Account,Federal Allocation Receipt,Credit,0,46687368,1.0781E+11,Access Bank,Normal
19/01/2023,2023,1,Recurrent Expenditure Account,IGR Collection Remittance,Credit,0,584199926,1.08394E+11,GTBank,Review
05/01/2023,2023,1,Recurrent Expenditure Account,Project Payment,Debit,149757630,0,1.08245E+11,Access Bank,Normal
18/01/2023,2023,1,Treasury Single Account,Contractor Payment,Debit,7742250,0,1.08237E+11,Keystone Bank,Normal
19/01/2023,2023,1,Capital Project Account,Federal Allocation Receipt,Credit,0,489808274,1.08727E+11,First Bank,Review
21/01/2023,2023,1,Recurrent Expenditure Account,Payroll Payment,Debit,125626695,0,1.08601E+11,GTBank,Normal
14/01/2023,2023,1,Recurrent Expenditure Account,Bank Charges,Debit,26357464,0,1.08575E+11,Access Bank,Review
14/01/2023,2023,1,IGR Collection Account,Grant Receipt,Credit,0,591439165,1.09166E+11,Zenith Bank,Review
12/01/2023,2023,1,Treasury Single Account,Federal Allocation Receipt,Credit,0,288692930,1.09455E+11,First Bank,Review
08/01/2023,2023,1,Capital Project Account,Bank Charges,Debit,166386263,0,1.09289E+11,GTBank,Review
19/01/2023,2023,1,Recurrent Expenditure Account,Revenue Sweep from MDA,Credit,0,404631775,1.09693E+11,Access Bank,Review
13/01/2023,2023,1,IGR Collection Account,Grant Receipt,Credit,0,435425299,1.10129E+11,Keystone Bank,Review
06/01/2023,2023,1,Payroll Account,Bank Charges,Debit,283756056,0,1.09845E+11,Zenith Bank,Review
03/01/2023,2023,1,IGR Collection Account,Refund Received,Credit,0,347098027,1.10192E+11,Keystone Bank,Review
13/01/2023,2023,1,IGR Collection Account,Refund Received,Credit,0,301330931,1.10493E+11,First Bank,Review
26/01/2023,2023,1,Payroll Account,Grant Receipt,Credit,0,84556571,1.10578E+11,First Bank,Normal
26/01/2023,2023,1,FAAC Account,Grant Receipt,Credit,0,254142869,1.10832E+11,Zenith Bank,Review
03/01/2023,2023,1,FAAC Account,Refund Received,Credit,0,518724770,1.11351E+11,UBA,Review
06/01/2023,2023,1,FAAC Account,Revenue Sweep from MDA,Credit,0,167254280,1.11518E+11,Zenith Bank,Normal
11/01/2023,2023,1,Treasury Single Account,Federal Allocation Receipt,Credit,0,303871825,1.11822E+11,Zenith Bank,Review
02/01/2023,2023,1,IGR Collection Account,Refund Received,Credit,0,457235326,1.12279E+11,GTBank,Review
16/01/2023,2023,1,Capital Project Account,Loan Repayment,Debit,35535616,0,1.12244E+11,Access Bank,Review
23/01/2023,2023,1,Treasury Single Account,Contractor Payment,Debit,273397131,0,1.1197E+11,Access Bank,Review
04/01/2023,2023,1,Capital Project Account,Project Payment,Debit,32454004,0,1.11938E+11,UBA,Normal
22/01/2023,2023,1,FAAC Account,Administrative Expense,Debit,290692458,0,1.11647E+11,Access Bank,Review
05/01/2023,2023,1,Capital Project Account,Transfer to MDA,Debit,146091300,0,1.11501E+11,UBA,Normal
08/01/2023,2023,1,Capital Project Account,Federal Allocation Receipt,Credit,0,475394284,1.11976E+11,Keystone Bank,Review
25/02/2023,2023,2,FAAC Account,Federal Allocation Receipt,Credit,0,91062736,1.12067E+11,Zenith Bank,Normal
07/02/2023,2023,2,Recurrent Expenditure Account,Refund Received,Credit,0,346880290,1.12414E+11,First Bank,Review
08/02/2023,2023,2,IGR Collection Account,Revenue Sweep from MDA,Credit,0,214718620,1.12629E+11,UBA,Normal
09/02/2023,2023,2,Capital Project Account,IGR Collection Remittance,Credit,0,193535417,1.12822E+11,Keystone Bank,Normal
24/02/2023,2023,2,Recurrent Expenditure Account,Grant Receipt,Credit,0,378921271,1.13201E+11,Zenith Bank,Review
12/02/2023,2023,2,Recurrent Expenditure Account,Revenue Sweep from MDA,Credit,0,405282651,1.13607E+11,UBA,Review
11/02/2023,2023,2,Capital Project Account,IGR Collection Remittance,Credit,0,42220830,1.13649E+11,Zenith Bank,Normal
03/02/2023,2023,2,FAAC Account,Grant Receipt,Credit,0,565080111,1.14214E+11,UBA,Review
08/02/2023,2023,2,Treasury Single Account,Federal Allocation Receipt,Credit,0,95318403,1.14309E+11,GTBank,Normal
02/02/2023,2023,2,IGR Collection Account,Bank Charges,Debit,86533271,0,1.14223E+11,First Bank,Review
13/02/2023,2023,2,Treasury Single Account,IGR Collection Remittance,Credit,0,240735019,1.14464E+11,Access Bank,Normal
26/02/2023,2023,2,IGR Collection Account,Refund Received,Credit,0,65017768,1.14529E+11,Keystone Bank,Normal
12/02/2023,2023,2,FAAC Account,Transfer to MDA,Debit,119597326,0,1.14409E+11,UBA,Normal
03/02/2023,2023,2,Treasury Single Account,Refund Received,Credit,0,250208515,1.14659E+11,UBA,Review
23/02/2023,2023,2,Payroll Account,Federal Allocation Receipt,Credit,0,374858813,1.15034E+11,Keystone Bank,Review
11/02/2023,2023,2,Capital Project Account,Administrative Expense,Debit,78620181,0,1.14955E+11,First Bank,Normal
11/02/2023,2023,2,Capital Project Account,IGR Collection Remittance,Credit,0,5470709,1.14961E+11,Access Bank,Normal
09/02/2023,2023,2,Payroll Account,Refund Received,Credit,0,329238072,1.1529E+11,UBA,Review
28/02/2023,2023,2,Treasury Single Account,Transfer to MDA,Debit,160538028,0,1.1513E+11,Zenith Bank,Normal
01/02/2023,2023,2,Capital Project Account,Federal Allocation Receipt,Credit,0,224525914,1.15354E+11,First Bank,Normal
01/02/2023,2023,2,Treasury Single Account,Bank Charges,Debit,16039083,0,1.15338E+11,Zenith Bank,Review
03/02/2023,2023,2,FAAC Account,Revenue Sweep from MDA,Credit,0,528958643,1.15867E+11,First Bank,Review
27/02/2023,2023,2,Treasury Single Account,Refund Received,Credit,0,273522571,1.16141E+11,First Bank,Review
27/02/2023,2023,2,Treasury Single Account,Refund Received,Credit,0,354394636,1.16495E+11,Access Bank,Review
10/02/2023,2023,2,FAAC Account,Transfer to MDA,Debit,255636957,0,1.16239E+11,GTBank,Review
09/02/2023,2023,2,Capital Project Account,IGR Collection Remittance,Credit,0,524043826,1.16763E+11,GTBank,Review
07/02/2023,2023,2,FAAC Account,Grant Receipt,Credit,0,244747742,1.17008E+11,UBA,Normal
03/02/2023,2023,2,FAAC Account,IGR Collection Remittance,Credit,0,339047396,1.17347E+11,Keystone Bank,Review
20/02/2023,2023,2,Payroll Account,IGR Collection Remittance,Credit,0,104039249,1.17451E+11,GTBank,Normal
24/02/2023,2023,2,IGR Collection Account,Revenue Sweep from MDA,Credit,0,163767560,1.17615E+11,UBA,Normal
23/02/2023,2023,2,Treasury Single Account,Grant Receipt,Credit,0,377113350,1.17992E+11,GTBank,Review
03/02/2023,2023,2,Recurrent Expenditure Account,Payroll Payment,Debit,343122916,0,1.17649E+11,Access Bank,Review
12/02/2023,2023,2,IGR Collection Account,Contractor Payment,Debit,328486368,0,1.1732E+11,First Bank,Review
24/02/2023,2023,2,Capital Project Account,Administrative Expense,Debit,328151602,0,1.16992E+11,Access Bank,Review
06/02/2023,2023,2,IGR Collection Account,Contractor Payment,Debit,313678799,0,1.16679E+11,Access Bank,Review
10/02/2023,2023,2,Capital Project Account,Payroll Payment,Debit,14879882,0,1.16664E+11,Zenith Bank,Normal
05/02/2023,2023,2,Payroll Account,Refund Received,Credit,0,344777227,1.17008E+11,Access Bank,Review
17/02/2023,2023,2,FAAC Account,Federal Allocation Receipt,Credit,0,179440718,1.17188E+11,First Bank,Normal
11/02/2023,2023,2,Payroll Account,Bank Charges,Debit,42570827,0,1.17145E+11,Keystone Bank,Review
19/02/2023,2023,2,Recurrent Expenditure Account,IGR Collection Remittance,Credit,0,212055217,1.17357E+11,GTBank,Normal
18/02/2023,2023,2,Payroll Account,Transfer to MDA,Debit,253640145,0,1.17104E+11,GTBank,Review
17/02/2023,2023,2,Capital Project Account,Payroll Payment,Debit,199350600,0,1.16904E+11,GTBank,Normal
08/02/2023,2023,2,Capital Project Account,Bank Charges,Debit,349776357,0,1.16555E+11,Zenith Bank,Review
05/02/2023,2023,2,Treasury Single Account,Transfer to MDA,Debit,153411243,0,1.16401E+11,UBA,Normal
15/02/2023,2023,2,Treasury Single Account,Grant Receipt,Credit,0,317509712,1.16719E+11,First Bank,Review
16/02/2023,2023,2,IGR Collection Account,Revenue Sweep from MDA,Credit,0,19381609,1.16738E+11,GTBank,Normal
17/02/2023,2023,2,IGR Collection Account,Federal Allocation Receipt,Credit,0,432214495,1.1717E+11,GTBank,Review
23/02/2023,2023,2,Payroll Account,Revenue Sweep from MDA,Credit,0,77184724,1.17248E+11,Access Bank,Normal
04/02/2023,2023,2,Treasury Single Account,IGR Collection Remittance,Credit,0,310311596,1.17558E+11,GTBank,Review
05/02/2023,2023,2,IGR Collection Account,Payroll Payment,Debit,250776999,0,1.17307E+11,UBA,Review
15/02/2023,2023,2,Payroll Account,Refund Received,Credit,0,381023984,1.17688E+11,Access Bank,Review
08/02/2023,2023,2,Capital Project Account,Federal Allocation Receipt,Credit,0,378265512,1.18066E+11,Zenith Bank,Review
06/02/2023,2023,2,Recurrent Expenditure Account,Grant Receipt,Credit,0,365488365,1.18432E+11,GTBank,Review
26/02/2023,2023,2,Recurrent Expenditure Account,Bank Charges,Debit,258223009,0,1.18174E+11,Zenith Bank,Review
20/02/2023,2023,2,Recurrent Expenditure Account,Bank Charges,Debit,272404228,0,1.17901E+11,Keystone Bank,Review
07/02/2023,2023,2,Capital Project Account,Revenue Sweep from MDA,Credit,0,115028058,1.18016E+11,Access Bank,Normal
27/02/2023,2023,2,Payroll Account,Loan Repayment,Debit,237488007,0,1.17779E+11,GTBank,Review
02/02/2023,2023,2,Recurrent Expenditure Account,Administrative Expense,Debit,339654739,0,1.17439E+11,GTBank,Review
17/02/2023,2023,2,Capital Project Account,Loan Repayment,Debit,260667086,0,1.17178E+11,First Bank,Review
21/02/2023,2023,2,Capital Project Account,Grant Receipt,Credit,0,245398204,1.17424E+11,UBA,Normal
28/02/2023,2023,2,IGR Collection Account,Bank Charges,Debit,128174835,0,1.17296E+11,First Bank,Review
09/02/2023,2023,2,Capital Project Account,Federal Allocation Receipt,Credit,0,119239522,1.17415E+11,GTBank,Normal
14/02/2023,2023,2,Recurrent Expenditure Account,Grant Receipt,Credit,0,133064209,1.17548E+11,GTBank,Normal
16/02/2023,2023,2,Payroll Account,Bank Charges,Debit,238729398,0,1.17309E+11,UBA,Review
13/02/2023,2023,2,Capital Project Account,Grant Receipt,Credit,0,126151099,1.17435E+11,UBA,Normal
06/02/2023,2023,2,FAAC Account,Grant Receipt,Credit,0,574145291,1.1801E+11,Access Bank,Review
22/02/2023,2023,2,Treasury Single Account,Revenue Sweep from MDA,Credit,0,502145741,1.18512E+11,UBA,Review
07/02/2023,2023,2,Recurrent Expenditure Account,Transfer to MDA,Debit,234847318,0,1.18277E+11,Zenith Bank,Normal
04/02/2023,2023,2,Payroll Account,Federal Allocation Receipt,Credit,0,44592415,1.18321E+11,GTBank,Normal
03/02/2023,2023,2,Recurrent Expenditure Account,IGR Collection Remittance,Credit,0,347150173,1.18669E+11,UBA,Review
09/03/2023,2023,3,Recurrent Expenditure Account,Transfer to MDA,Debit,12861130,0,1.18656E+11,GTBank,Normal
10/03/2023,2023,3,Capital Project Account,Payroll Payment,Debit,56284319,0,1.18599E+11,UBA,Normal
08/03/2023,2023,3,Treasury Single Account,Project Payment,Debit,56375703,0,1.18543E+11,Access Bank,Normal
06/03/2023,2023,3,Payroll Account,Grant Receipt,Credit,0,512309126,1.19055E+11,Zenith Bank,Review
12/03/2023,2023,3,Capital Project Account,Revenue Sweep from MDA,Credit,0,34655320,1.1909E+11,Zenith Bank,Normal
18/03/2023,2023,3,FAAC Account,Project Payment,Debit,298534790,0,1.18791E+11,GTBank,Review
21/03/2023,2023,3,IGR Collection Account,IGR Collection Remittance,Credit,0,143270899,1.18935E+11,Access Bank,Normal
08/03/2023,2023,3,Treasury Single Account,Contractor Payment,Debit,268656832,0,1.18666E+11,Access Bank,Review
17/03/2023,2023,3,Recurrent Expenditure Account,Refund Received,Credit,0,152307818,1.18818E+11,Access Bank,Normal
15/03/2023,2023,3,Treasury Single Account,Refund Received,Credit,0,457441867,1.19276E+11,UBA,Review
24/03/2023,2023,3,Recurrent Expenditure Account,Contractor Payment,Debit,139139493,0,1.19137E+11,Keystone Bank,Normal
26/03/2023,2023,3,IGR Collection Account,Revenue Sweep from MDA,Credit,0,71879304,1.19209E+11,First Bank,Normal
01/03/2023,2023,3,Recurrent Expenditure Account,Federal Allocation Receipt,Credit,0,313255170,1.19522E+11,Keystone Bank,Review
04/03/2023,2023,3,Capital Project Account,Transfer to MDA,Debit,71305314,0,1.19451E+11,UBA,Normal
18/03/2023,2023,3,Recurrent Expenditure Account,Grant Receipt,Credit,0,166352159,1.19617E+11,Access Bank,Normal
17/03/2023,2023,3,IGR Collection Account,Project Payment,Debit,163585731,0,1.19453E+11,Keystone Bank,Normal
10/03/2023,2023,3,Payroll Account,Payroll Payment,Debit,49965919,0,1.19403E+11,First Bank,Normal
06/03/2023,2023,3,Treasury Single Account,Transfer to MDA,Debit,195450030,0,1.19208E+11,Zenith Bank,Normal
02/03/2023,2023,3,Capital Project Account,Revenue Sweep from MDA,Credit,0,276840821,1.19485E+11,Zenith Bank,Review
15/03/2023,2023,3,Treasury Single Account,Grant Receipt,Credit,0,83589300,1.19568E+11,Access Bank,Normal
13/03/2023,2023,3,Payroll Account,Refund Received,Credit,0,574881078,1.20143E+11,Access Bank,Review
02/03/2023,2023,3,Recurrent Expenditure Account,Refund Received,Credit,0,70990274,1.20214E+11,Keystone Bank,Normal
17/03/2023,2023,3,FAAC Account,Project Payment,Debit,30118164,0,1.20184E+11,Keystone Bank,Normal
19/03/2023,2023,3,Payroll Account,Transfer to MDA,Debit,37134656,0,1.20147E+11,Keystone Bank,Normal
07/03/2023,2023,3,Recurrent Expenditure Account,Revenue Sweep from MDA,Credit,0,223310335,1.2037E+11,Zenith Bank,Normal
01/03/2023,2023,3,FAAC Account,Refund Received,Credit,0,374949662,1.20745E+11,UBA,Review
15/03/2023,2023,3,Capital Project Account,Loan Repayment,Debit,50136797,0,1.20695E+11,Access Bank,Review
18/03/2023,2023,3,Capital Project Account,Refund Received,Credit,0,347640223,1.21043E+11,GTBank,Review
25/03/2023,2023,3,Payroll Account,Contractor Payment,Debit,332532717,0,1.2071E+11,UBA,Review
24/03/2023,2023,3,FAAC Account,Loan Repayment,Debit,209825485,0,1.205E+11,Keystone Bank,Review
27/03/2023,2023,3,Recurrent Expenditure Account,IGR Collection Remittance,Credit,0,330803644,1.20831E+11,Zenith Bank,Review
10/03/2023,2023,3,Recurrent Expenditure Account,Grant Receipt,Credit,0,359990384,1.21191E+11,Keystone Bank,Review
17/03/2023,2023,3,IGR Collection Account,Administrative Expense,Debit,290617678,0,1.20901E+11,First Bank,Review
09/03/2023,2023,3,Recurrent Expenditure Account,Administrative Expense,Debit,25230712,0,1.20875E+11,GTBank,Normal
05/03/2023,2023,3,Treasury Single Account,Bank Charges,Debit,180400802,0,1.20695E+11,GTBank,Review
27/03/2023,2023,3,FAAC Account,Federal Allocation Receipt,Credit,0,228174398,1.20923E+11,Keystone Bank,Normal
20/03/2023,2023,3,IGR Collection Account,Contractor Payment,Debit,318199845,0,1.20605E+11,UBA,Review
18/03/2023,2023,3,Recurrent Expenditure Account,Refund Received,Credit,0,421208940,1.21026E+11,GTBank,Review
18/03/2023,2023,3,IGR Collection Account,Project Payment,Debit,101960008,0,1.20924E+11,UBA,Normal
10/03/2023,2023,3,IGR Collection Account,Payroll Payment,Debit,168111878,0,1.20756E+11,Keystone Bank,Normal
06/03/2023,2023,3,Recurrent Expenditure Account,Grant Receipt,Credit,0,75927500,1.20832E+11,Zenith Bank,Normal
21/03/2023,2023,3,Treasury Single Account,Transfer to MDA,Debit,282471891,0,1.20549E+11,Access Bank,Review
18/03/2023,2023,3,IGR Collection Account,Transfer to MDA,Debit,304553568,0,1.20245E+11,Access Bank,Review
03/03/2023,2023,3,FAAC Account,IGR Collection Remittance,Credit,0,462251764,1.20707E+11,Access Bank,Review
27/03/2023,2023,3,FAAC Account,IGR Collection Remittance,Credit,0,125082962,1.20832E+11,GTBank,Normal
13/03/2023,2023,3,Recurrent Expenditure Account,Payroll Payment,Debit,291470773,0,1.20541E+11,Access Bank,Review
25/03/2023,2023,3,FAAC Account,Payroll Payment,Debit,253108548,0,1.20288E+11,GTBank,Review
27/03/2023,2023,3,FAAC Account,Revenue Sweep from MDA,Credit,0,150970478,1.20439E+11,First Bank,Normal
07/03/2023,2023,3,Payroll Account,Transfer to MDA,Debit,86138364,0,1.20352E+11,Zenith Bank,Normal
07/03/2023,2023,3,Capital Project Account,Loan Repayment,Debit,189258205,0,1.20163E+11,Keystone Bank,Review
09/03/2023,2023,3,FAAC Account,Federal Allocation Receipt,Credit,0,42003713,1.20205E+11,Zenith Bank,Normal
01/03/2023,2023,3,Payroll Account,IGR Collection Remittance,Credit,0,505178551,1.2071E+11,Access Bank,Review
09/03/2023,2023,3,Capital Project Account,IGR Collection Remittance,Credit,0,584753468,1.21295E+11,Zenith Bank,Review
21/03/2023,2023,3,FAAC Account,IGR Collection Remittance,Credit,0,427702583,1.21723E+11,Access Bank,Review
09/03/2023,2023,3,Recurrent Expenditure Account,Contractor Payment,Debit,39173379,0,1.21684E+11,Zenith Bank,Normal
28/03/2023,2023,3,Treasury Single Account,Revenue Sweep from MDA,Credit,0,474921165,1.22159E+11,Zenith Bank,Review
05/03/2023,2023,3,IGR Collection Account,Bank Charges,Debit,329375980,0,1.21829E+11,UBA,Review
25/03/2023,2023,3,IGR Collection Account,IGR Collection Remittance,Credit,0,131386383,1.21961E+11,First Bank,Normal
04/03/2023,2023,3,Recurrent Expenditure Account,Project Payment,Debit,192103935,0,1.21769E+11,UBA,Normal
20/03/2023,2023,3,Recurrent Expenditure Account,Revenue Sweep from MDA,Credit,0,290940467,1.22059E+11,UBA,Review
15/03/2023,2023,3,Payroll Account,Project Payment,Debit,12586056,0,1.22047E+11,First Bank,Normal
10/03/2023,2023,3,Treasury Single Account,IGR Collection Remittance,Credit,0,198439093,1.22245E+11,Access Bank,Normal
04/03/2023,2023,3,Recurrent Expenditure Account,Project Payment,Debit,257830675,0,1.21987E+11,First Bank,Review
15/03/2023,2023,3,Capital Project Account,Project Payment,Debit,257632182,0,1.2173E+11,Access Bank,Review
02/03/2023,2023,3,FAAC Account,Bank Charges,Debit,254921286,0,1.21475E+11,Keystone Bank,Review
05/03/2023,2023,3,Treasury Single Account,Contractor Payment,Debit,69581169,0,1.21405E+11,UBA,Normal
22/03/2023,2023,3,Capital Project Account,Revenue Sweep from MDA,Credit,0,334338301,1.2174E+11,GTBank,Review
15/03/2023,2023,3,FAAC Account,Bank Charges,Debit,12261673,0,1.21727E+11,Keystone Bank,Review
26/03/2023,2023,3,Recurrent Expenditure Account,Project Payment,Debit,118928473,0,1.21608E+11,GTBank,Normal
04/03/2023,2023,3,IGR Collection Account,IGR Collection Remittance,Credit,0,20523205,1.21629E+11,First Bank,Normal
18/04/2023,2023,4,IGR Collection Account,IGR Collection Remittance,Credit,0,33635414,1.21663E+11,Keystone Bank,Normal
27/04/2023,2023,4,IGR Collection Account,Transfer to MDA,Debit,201717421,0,1.21461E+11,Access Bank,Normal
05/04/2023,2023,4,Capital Project Account,IGR Collection Remittance,Credit,0,148434379,1.21609E+11,UBA,Normal
06/04/2023,2023,4,Treasury Single Account,Grant Receipt,Credit,0,252313234,1.21862E+11,Access Bank,Review
12/04/2023,2023,4,Recurrent Expenditure Account,Project Payment,Debit,188733733,0,1.21673E+11,Keystone Bank,Normal
04/04/2023,2023,4,Capital Project Account,IGR Collection Remittance,Credit,0,464835765,1.22138E+11,GTBank,Review
04/04/2023,2023,4,IGR Collection Account,Administrative Expense,Debit,282530246,0,1.21855E+11,Keystone Bank,Review
16/04/2023,2023,4,IGR Collection Account,Refund Received,Credit,0,538747920,1.22394E+11,UBA,Review
10/04/2023,2023,4,Recurrent Expenditure Account,Federal Allocation Receipt,Credit,0,504699712,1.22899E+11,Zenith Bank,Review
27/04/2023,2023,4,Payroll Account,Revenue Sweep from MDA,Credit,0,184460844,1.23083E+11,Access Bank,Normal
17/04/2023,2023,4,Recurrent Expenditure Account,IGR Collection Remittance,Credit,0,120076683,1.23203E+11,Keystone Bank,Normal
14/04/2023,2023,4,IGR Collection Account,Grant Receipt,Credit,0,376769586,1.2358E+11,UBA,Review
18/04/2023,2023,4,IGR Collection Account,Federal Allocation Receipt,Credit,0,413688166,1.23994E+11,GTBank,Review
25/04/2023,2023,4,Capital Project Account,Grant Receipt,Credit,0,8579031,1.24002E+11,GTBank,Normal
04/04/2023,2023,4,Recurrent Expenditure Account,Contractor Payment,Debit,318736625,0,1.23684E+11,Keystone Bank,Review
16/04/2023,2023,4,IGR Collection Account,Transfer to MDA,Debit,180351805,0,1.23503E+11,Zenith Bank,Normal
05/04/2023,2023,4,Treasury Single Account,Loan Repayment,Debit,61356162,0,1.23442E+11,Zenith Bank,Review
01/04/2023,2023,4,Treasury Single Account,Federal Allocation Receipt,Credit,0,543612463,1.23985E+11,First Bank,Review
16/04/2023,2023,4,FAAC Account,Administrative Expense,Debit,70597302,0,1.23915E+11,UBA,Normal
24/04/2023,2023,4,IGR Collection Account,Refund Received,Credit,0,512984493,1.24428E+11,GTBank,Review
03/04/2023,2023,4,Treasury Single Account,Project Payment,Debit,194248806,0,1.24234E+11,UBA,Normal
12/04/2023,2023,4,FAAC Account,Federal Allocation Receipt,Credit,0,486007905,1.2472E+11,GTBank,Review
02/04/2023,2023,4,Capital Project Account,IGR Collection Remittance,Credit,0,427593629,1.25147E+11,GTBank,Review
14/04/2023,2023,4,Treasury Single Account,Administrative Expense,Debit,239269847,0,1.24908E+11,Access Bank,Normal
17/04/2023,2023,4,Payroll Account,Contractor Payment,Debit,70319123,0,1.24838E+11,GTBank,Normal
18/04/2023,2023,4,Payroll Account,Refund Received,Credit,0,13247286,1.24851E+11,GTBank,Normal
15/04/2023,2023,4,Payroll Account,IGR Collection Remittance,Credit,0,276705476,1.25128E+11,First Bank,Review
13/04/2023,2023,4,Recurrent Expenditure Account,Payroll Payment,Debit,219691523,0,1.24908E+11,First Bank,Normal
03/04/2023,2023,4,FAAC Account,Contractor Payment,Debit,82066750,0,1.24826E+11,First Bank,Normal
18/04/2023,2023,4,Payroll Account,Federal Allocation Receipt,Credit,0,587592396,1.25413E+11,GTBank,Review
24/04/2023,2023,4,IGR Collection Account,Federal Allocation Receipt,Credit,0,294837620,1.25708E+11,Zenith Bank,Review
05/04/2023,2023,4,Payroll Account,Payroll Payment,Debit,129840143,0,1.25578E+11,Access Bank,Normal
19/04/2023,2023,4,Recurrent Expenditure Account,Grant Receipt,Credit,0,410665319,1.25989E+11,GTBank,Review
11/04/2023,2023,4,Treasury Single Account,Federal Allocation Receipt,Credit,0,525104967,1.26514E+11,UBA,Review
27/04/2023,2023,4,Capital Project Account,Loan Repayment,Debit,346611301,0,1.26168E+11,UBA,Review
22/04/2023,2023,4,Payroll Account,Refund Received,Credit,0,480068886,1.26648E+11,GTBank,Review
05/04/2023,2023,4,Payroll Account,Administrative Expense,Debit,57829443,0,1.2659E+11,GTBank,Normal
25/04/2023,2023,4,Treasury Single Account,Federal Allocation Receipt,Credit,0,550715721,1.2714E+11,GTBank,Review
06/04/2023,2023,4,IGR Collection Account,IGR Collection Remittance,Credit,0,430480221,1.27571E+11,Keystone Bank,Review
21/04/2023,2023,4,Payroll Account,Project Payment,Debit,33400887,0,1.27538E+11,UBA,Normal
20/04/2023,2023,4,Payroll Account,Contractor Payment,Debit,294657236,0,1.27243E+11,First Bank,Review
20/04/2023,2023,4,Recurrent Expenditure Account,Grant Receipt,Credit,0,350394334,1.27593E+11,Zenith Bank,Review
27/04/2023,2023,4,FAAC Account,IGR Collection Remittance,Credit,0,537225714,1.28131E+11,UBA,Review
04/04/2023,2023,4,Treasury Single Account,Contractor Payment,Debit,5797202,0,1.28125E+11,Zenith Bank,Normal
28/04/2023,2023,4,Treasury Single Account,Federal Allocation Receipt,Credit,0,249620583,1.28374E+11,Keystone Bank,Normal
01/04/2023,2023,4,Capital Project Account,Transfer to MDA,Debit,64756351,0,1.2831E+11,Keystone Bank,Normal
26/04/2023,2023,4,Recurrent Expenditure Account,Administrative Expense,Debit,309191455,0,1.28E+11,GTBank,Review
11/04/2023,2023,4,FAAC Account,Grant Receipt,Credit,0,551629493,1.28552E+11,GTBank,Review
14/04/2023,2023,4,FAAC Account,Revenue Sweep from MDA,Credit,0,273839758,1.28826E+11,First Bank,Review
25/04/2023,2023,4,Recurrent Expenditure Account,Project Payment,Debit,275469554,0,1.2855E+11,UBA,Review
02/04/2023,2023,4,Capital Project Account,Grant Receipt,Credit,0,479881955,1.2903E+11,Access Bank,Review
20/04/2023,2023,4,IGR Collection Account,Bank Charges,Debit,262775482,0,1.28768E+11,First Bank,Review
16/04/2023,2023,4,FAAC Account,Revenue Sweep from MDA,Credit,0,59466935,1.28827E+11,GTBank,Normal
02/04/2023,2023,4,FAAC Account,Grant Receipt,Credit,0,139506409,1.28966E+11,Zenith Bank,Normal
25/04/2023,2023,4,Treasury Single Account,Revenue Sweep from MDA,Credit,0,328057582,1.29295E+11,GTBank,Review
02/04/2023,2023,4,FAAC Account,Grant Receipt,Credit,0,102495189,1.29397E+11,GTBank,Normal
06/04/2023,2023,4,Treasury Single Account,IGR Collection Remittance,Credit,0,24860773,1.29422E+11,First Bank,Normal
05/04/2023,2023,4,FAAC Account,Administrative Expense,Debit,213056564,0,1.29209E+11,Access Bank,Normal
25/04/2023,2023,4,Recurrent Expenditure Account,Grant Receipt,Credit,0,293073810,1.29502E+11,GTBank,Review
10/04/2023,2023,4,Capital Project Account,Transfer to MDA,Debit,7471825,0,1.29494E+11,Keystone Bank,Normal
21/04/2023,2023,4,IGR Collection Account,Transfer to MDA,Debit,186128892,0,1.29308E+11,GTBank,Normal
10/04/2023,2023,4,IGR Collection Account,IGR Collection Remittance,Credit,0,286282891,1.29595E+11,UBA,Review
06/04/2023,2023,4,IGR Collection Account,IGR Collection Remittance,Credit,0,148824114,1.29743E+11,First Bank,Normal
27/04/2023,2023,4,Recurrent Expenditure Account,Revenue Sweep from MDA,Credit,0,480093673,1.30224E+11,Keystone Bank,Review
14/04/2023,2023,4,FAAC Account,Revenue Sweep from MDA,Credit,0,197982672,1.30421E+11,Keystone Bank,Normal
22/04/2023,2023,4,Payroll Account,Transfer to MDA,Debit,39464808,0,1.30382E+11,Access Bank,Normal
08/04/2023,2023,4,Treasury Single Account,Payroll Payment,Debit,49463282,0,1.30333E+11,GTBank,Normal
25/04/2023,2023,4,Payroll Account,Federal Allocation Receipt,Credit,0,190911055,1.30523E+11,Access Bank,Normal
13/04/2023,2023,4,FAAC Account,Loan Repayment,Debit,208112471,0,1.30315E+11,Keystone Bank,Review
04/04/2023,2023,4,Recurrent Expenditure Account,Administrative Expense,Debit,19715726,0,1.30296E+11,UBA,Normal
15/05/2023,2023,5,Capital Project Account,Refund Received,Credit,0,572396251,1.30868E+11,First Bank,Review
12/05/2023,2023,5,Payroll Account,Payroll Payment,Debit,43875744,0,1.30824E+11,Keystone Bank,Normal
06/05/2023,2023,5,Recurrent Expenditure Account,Transfer to MDA,Debit,291388246,0,1.30533E+11,First Bank,Review
02/05/2023,2023,5,Treasury Single Account,Refund Received,Credit,0,110907105,1.30644E+11,Keystone Bank,Normal
26/05/2023,2023,5,FAAC Account,Grant Receipt,Credit,0,149195389,1.30793E+11,Zenith Bank,Normal
02/05/2023,2023,5,Payroll Account,Grant Receipt,Credit,0,31353474,1.30824E+11,Zenith Bank,Normal
15/05/2023,2023,5,Capital Project Account,Transfer to MDA,Debit,62883816,0,1.30761E+11,Access Bank,Normal
02/05/2023,2023,5,FAAC Account,Payroll Payment,Debit,208895756,0,1.30552E+11,Zenith Bank,Normal
02/05/2023,2023,5,Treasury Single Account,Loan Repayment,Debit,168205896,0,1.30384E+11,Zenith Bank,Review
15/05/2023,2023,5,Treasury Single Account,Refund Received,Credit,0,44553215,1.30429E+11,GTBank,Normal
07/05/2023,2023,5,Capital Project Account,Payroll Payment,Debit,232168106,0,1.30197E+11,UBA,Normal
22/05/2023,2023,5,Recurrent Expenditure Account,Revenue Sweep from MDA,Credit,0,15637066,1.30212E+11,Keystone Bank,Normal
08/05/2023,2023,5,Capital Project Account,Contractor Payment,Debit,263929866,0,1.29948E+11,Zenith Bank,Review
09/05/2023,2023,5,Treasury Single Account,Project Payment,Debit,224137310,0,1.29724E+11,Access Bank,Normal
23/05/2023,2023,5,Capital Project Account,Administrative Expense,Debit,346069443,0,1.29378E+11,UBA,Review
14/05/2023,2023,5,IGR Collection Account,Loan Repayment,Debit,247283808,0,1.29131E+11,First Bank,Review
23/05/2023,2023,5,Capital Project Account,Bank Charges,Debit,148271016,0,1.28983E+11,Zenith Bank,Review
24/05/2023,2023,5,FAAC Account,IGR Collection Remittance,Credit,0,163810846,1.29146E+11,First Bank,Normal
12/05/2023,2023,5,IGR Collection Account,IGR Collection Remittance,Credit,0,409109045,1.29555E+11,Access Bank,Review
28/05/2023,2023,5,Recurrent Expenditure Account,Transfer to MDA,Debit,177097828,0,1.29378E+11,GTBank,Normal
16/05/2023,2023,5,Treasury Single Account,Revenue Sweep from MDA,Credit,0,440534368,1.29819E+11,Access Bank,Review
22/05/2023,2023,5,Recurrent Expenditure Account,Refund Received,Credit,0,405848344,1.30225E+11,UBA,Review
12/05/2023,2023,5,Capital Project Account,Transfer to MDA,Debit,333786469,0,1.29891E+11,GTBank,Review
11/05/2023,2023,5,Treasury Single Account,Payroll Payment,Debit,283264444,0,1.29608E+11,Keystone Bank,Review
04/05/2023,2023,5,Payroll Account,Federal Allocation Receipt,Credit,0,205333364,1.29813E+11,First Bank,Normal
19/05/2023,2023,5,Treasury Single Account,Revenue Sweep from MDA,Credit,0,280761635,1.30094E+11,UBA,Review
06/05/2023,2023,5,Payroll Account,IGR Collection Remittance,Credit,0,323888644,1.30418E+11,Zenith Bank,Review
14/05/2023,2023,5,Payroll Account,Transfer to MDA,Debit,115679049,0,1.30302E+11,Keystone Bank,Normal
08/05/2023,2023,5,FAAC Account,Grant Receipt,Credit,0,166898955,1.30469E+11,GTBank,Normal
19/05/2023,2023,5,IGR Collection Account,IGR Collection Remittance,Credit,0,480889585,1.3095E+11,GTBank,Review
08/05/2023,2023,5,Recurrent Expenditure Account,Payroll Payment,Debit,211946534,0,1.30738E+11,UBA,Normal
04/05/2023,2023,5,FAAC Account,Project Payment,Debit,141131433,0,1.30597E+11,Keystone Bank,Normal
02/05/2023,2023,5,IGR Collection Account,Transfer to MDA,Debit,139114893,0,1.30458E+11,First Bank,Normal
24/05/2023,2023,5,Capital Project Account,Grant Receipt,Credit,0,522904424,1.30981E+11,Zenith Bank,Review
08/05/2023,2023,5,IGR Collection Account,Project Payment,Debit,298604742,0,1.30682E+11,Access Bank,Review
13/05/2023,2023,5,Payroll Account,Federal Allocation Receipt,Credit,0,542131675,1.31224E+11,Access Bank,Review
12/05/2023,2023,5,Payroll Account,IGR Collection Remittance,Credit,0,194874585,1.31419E+11,Access Bank,Normal
07/05/2023,2023,5,Treasury Single Account,Refund Received,Credit,0,551455248,1.3197E+11,Keystone Bank,Review
22/05/2023,2023,5,Capital Project Account,Federal Allocation Receipt,Credit,0,412612219,1.32383E+11,Zenith Bank,Review
03/05/2023,2023,5,Recurrent Expenditure Account,Federal Allocation Receipt,Credit,0,426775363,1.3281E+11,Zenith Bank,Review
19/05/2023,2023,5,FAAC Account,Administrative Expense,Debit,252560101,0,1.32557E+11,GTBank,Review
13/05/2023,2023,5,Payroll Account,Bank Charges,Debit,76199739,0,1.32481E+11,GTBank,Review
22/05/2023,2023,5,Capital Project Account,Federal Allocation Receipt,Credit,0,187760443,1.32669E+11,Access Bank,Normal
24/05/2023,2023,5,Capital Project Account,Payroll Payment,Debit,305747518,0,1.32363E+11,Keystone Bank,Review
01/05/2023,2023,5,Treasury Single Account,Contractor Payment,Debit,247494531,0,1.32116E+11,Access Bank,Normal
01/05/2023,2023,5,Payroll Account,Federal Allocation Receipt,Credit,0,160454153,1.32276E+11,Zenith Bank,Normal
27/05/2023,2023,5,Payroll Account,Revenue Sweep from MDA,Credit,0,455951062,1.32732E+11,GTBank,Review
28/05/2023,2023,5,Capital Project Account,Grant Receipt,Credit,0,279167122,1.33011E+11,Keystone Bank,Review
20/05/2023,2023,5,Treasury Single Account,Loan Repayment,Debit,36800505,0,1.32974E+11,Zenith Bank,Review
01/05/2023,2023,5,Recurrent Expenditure Account,Revenue Sweep from MDA,Credit,0,203288733,1.33178E+11,Zenith Bank,Normal
15/05/2023,2023,5,IGR Collection Account,Administrative Expense,Debit,23042465,0,1.33155E+11,Keystone Bank,Normal
12/05/2023,2023,5,Recurrent Expenditure Account,Federal Allocation Receipt,Credit,0,129991904,1.33285E+11,Keystone Bank,Normal
01/05/2023,2023,5,Recurrent Expenditure Account,Contractor Payment,Debit,167513643,0,1.33117E+11,GTBank,Normal
19/05/2023,2023,5,Recurrent Expenditure Account,Federal Allocation Receipt,Credit,0,580363023,1.33697E+11,GTBank,Review
18/05/2023,2023,5,Capital Project Account,Federal Allocation Receipt,Credit,0,375869694,1.34073E+11,Keystone Bank,Review
06/05/2023,2023,5,Capital Project Account,IGR Collection Remittance,Credit,0,108774708,1.34182E+11,Access Bank,Normal
01/05/2023,2023,5,Recurrent Expenditure Account,Federal Allocation Receipt,Credit,0,497436470,1.34679E+11,Keystone Bank,Review
17/05/2023,2023,5,Treasury Single Account,Project Payment,Debit,286669678,0,1.34393E+11,First Bank,Review
23/05/2023,2023,5,Payroll Account,Revenue Sweep from MDA,Credit,0,193977584,1.34587E+11,First Bank,Normal
19/05/2023,2023,5,Capital Project Account,Refund Received,Credit,0,205696942,1.34792E+11,Keystone Bank,Normal
08/05/2023,2023,5,Payroll Account,IGR Collection Remittance,Credit,0,77059840,1.3487E+11,GTBank,Normal
06/05/2023,2023,5,Treasury Single Account,Administrative Expense,Debit,49561590,0,1.3482E+11,UBA,Normal
06/05/2023,2023,5,IGR Collection Account,Administrative Expense,Debit,116733287,0,1.34703E+11,Access Bank,Normal
08/05/2023,2023,5,FAAC Account,Loan Repayment,Debit,263304434,0,1.3444E+11,Keystone Bank,Review
12/05/2023,2023,5,Payroll Account,Administrative Expense,Debit,161268190,0,1.34279E+11,Keystone Bank,Normal
27/05/2023,2023,5,Payroll Account,IGR Collection Remittance,Credit,0,155201172,1.34434E+11,Zenith Bank,Normal
04/05/2023,2023,5,Recurrent Expenditure Account,Federal Allocation Receipt,Credit,0,573762717,1.35008E+11,Zenith Bank,Review
04/05/2023,2023,5,FAAC Account,Transfer to MDA,Debit,80233333,0,1.34927E+11,Keystone Bank,Normal
10/05/2023,2023,5,Payroll Account,Transfer to MDA,Debit,39460354,0,1.34888E+11,Access Bank,Normal
06/05/2023,2023,5,Recurrent Expenditure Account,Contractor Payment,Debit,247508657,0,1.3464E+11,First Bank,Normal
22/06/2023,2023,6,FAAC Account,Federal Allocation Receipt,Credit,0,386298741,1.35027E+11,Keystone Bank,Review
11/06/2023,2023,6,Treasury Single Account,Refund Received,Credit,0,81605730,1.35108E+11,UBA,Normal
09/06/2023,2023,6,Capital Project Account,Loan Repayment,Debit,83701613,0,1.35025E+11,GTBank,Review
25/06/2023,2023,6,Recurrent Expenditure Account,Administrative Expense,Debit,50024493,0,1.34975E+11,GTBank,Normal
25/06/2023,2023,6,Treasury Single Account,Refund Received,Credit,0,173185576,1.35148E+11,Access Bank,Normal
16/06/2023,2023,6,Payroll Account,Grant Receipt,Credit,0,234933522,1.35383E+11,Access Bank,Normal
22/06/2023,2023,6,FAAC Account,Payroll Payment,Debit,224233293,0,1.35159E+11,Access Bank,Normal
28/06/2023,2023,6,Recurrent Expenditure Account,Grant Receipt,Credit,0,202488281,1.35361E+11,GTBank,Normal
25/06/2023,2023,6,Recurrent Expenditure Account,Federal Allocation Receipt,Credit,0,533684146,1.35895E+11,Zenith Bank,Review
06/06/2023,2023,6,Capital Project Account,Grant Receipt,Credit,0,532228189,1.36427E+11,GTBank,Review
20/06/2023,2023,6,Capital Project Account,Payroll Payment,Debit,252213140,0,1.36175E+11,UBA,Review
15/06/2023,2023,6,FAAC Account,Project Payment,Debit,40747318,0,1.36134E+11,UBA,Normal
07/06/2023,2023,6,Recurrent Expenditure Account,Federal Allocation Receipt,Credit,0,329434420,1.36463E+11,GTBank,Review
23/06/2023,2023,6,IGR Collection Account,IGR Collection Remittance,Credit,0,545491764,1.37009E+11,Keystone Bank,Review
16/06/2023,2023,6,Treasury Single Account,Bank Charges,Debit,94549741,0,1.36914E+11,Access Bank,Review
15/06/2023,2023,6,Treasury Single Account,Payroll Payment,Debit,139062832,0,1.36775E+11,GTBank,Normal
06/06/2023,2023,6,FAAC Account,Revenue Sweep from MDA,Credit,0,49969859,1.36825E+11,Zenith Bank,Normal
25/06/2023,2023,6,Capital Project Account,Revenue Sweep from MDA,Credit,0,325122208,1.3715E+11,GTBank,Review
08/06/2023,2023,6,Capital Project Account,Bank Charges,Debit,160745007,0,1.3699E+11,Keystone Bank,Review
20/06/2023,2023,6,Capital Project Account,Grant Receipt,Credit,0,139174583,1.37129E+11,First Bank,Normal
14/06/2023,2023,6,IGR Collection Account,Loan Repayment,Debit,135014342,0,1.36994E+11,Zenith Bank,Review
18/06/2023,2023,6,FAAC Account,Federal Allocation Receipt,Credit,0,359021789,1.37353E+11,UBA,Review
02/06/2023,2023,6,IGR Collection Account,Administrative Expense,Debit,247162566,0,1.37106E+11,Zenith Bank,Normal
01/06/2023,2023,6,Capital Project Account,Revenue Sweep from MDA,Credit,0,389787969,1.37495E+11,UBA,Review
02/06/2023,2023,6,Payroll Account,Contractor Payment,Debit,52701724,0,1.37443E+11,First Bank,Normal
14/06/2023,2023,6,FAAC Account,Payroll Payment,Debit,262898700,0,1.3718E+11,Zenith Bank,Review
20/06/2023,2023,6,Payroll Account,Administrative Expense,Debit,257416907,0,1.36922E+11,Keystone Bank,Review
02/06/2023,2023,6,FAAC Account,Refund Received,Credit,0,125815588,1.37048E+11,Keystone Bank,Normal
25/06/2023,2023,6,Recurrent Expenditure Account,Refund Received,Credit,0,486503500,1.37535E+11,Access Bank,Review
03/06/2023,2023,6,Payroll Account,Revenue Sweep from MDA,Credit,0,479818150,1.38015E+11,First Bank,Review
06/06/2023,2023,6,Treasury Single Account,Contractor Payment,Debit,314367128,0,1.377E+11,GTBank,Review
26/06/2023,2023,6,Payroll Account,Grant Receipt,Credit,0,386662406,1.38087E+11,UBA,Review
13/06/2023,2023,6,Treasury Single Account,Loan Repayment,Debit,243816356,0,1.37843E+11,GTBank,Review
03/06/2023,2023,6,Recurrent Expenditure Account,IGR Collection Remittance,Credit,0,267892092,1.38111E+11,Access Bank,Review
11/06/2023,2023,6,Capital Project Account,Refund Received,Credit,0,543149444,1.38654E+11,First Bank,Review
17/06/2023,2023,6,Recurrent Expenditure Account,Revenue Sweep from MDA,Credit,0,400607686,1.39055E+11,Keystone Bank,Review
02/06/2023,2023,6,IGR Collection Account,Federal Allocation Receipt,Credit,0,586669552,1.39641E+11,UBA,Review
01/06/2023,2023,6,FAAC Account,Federal Allocation Receipt,Credit,0,562641429,1.40204E+11,Keystone Bank,Review
23/06/2023,2023,6,Treasury Single Account,Revenue Sweep from MDA,Credit,0,424205137,1.40628E+11,Zenith Bank,Review
18/06/2023,2023,6,IGR Collection Account,Loan Repayment,Debit,348966978,0,1.40279E+11,Keystone Bank,Review
22/06/2023,2023,6,Treasury Single Account,IGR Collection Remittance,Credit,0,120175629,1.40399E+11,Access Bank,Normal
24/06/2023,2023,6,IGR Collection Account,Administrative Expense,Debit,259487857,0,1.4014E+11,First Bank,Review
11/06/2023,2023,6,Treasury Single Account,Revenue Sweep from MDA,Credit,0,486613795,1.40627E+11,First Bank,Review
22/06/2023,2023,6,Treasury Single Account,Transfer to MDA,Debit,346105056,0,1.4028E+11,UBA,Review
13/06/2023,2023,6,Capital Project Account,Bank Charges,Debit,5968544,0,1.40274E+11,Zenith Bank,Review
08/06/2023,2023,6,Treasury Single Account,Federal Allocation Receipt,Credit,0,299478973,1.40574E+11,Zenith Bank,Review
08/06/2023,2023,6,IGR Collection Account,Grant Receipt,Credit,0,402259655,1.40976E+11,First Bank,Review
23/06/2023,2023,6,Capital Project Account,Payroll Payment,Debit,295992195,0,1.4068E+11,First Bank,Review
12/06/2023,2023,6,Recurrent Expenditure Account,Revenue Sweep from MDA,Credit,0,346053093,1.41026E+11,UBA,Review
21/06/2023,2023,6,Payroll Account,Payroll Payment,Debit,346278561,0,1.4068E+11,First Bank,Review
12/06/2023,2023,6,Treasury Single Account,Project Payment,Debit,176359630,0,1.40504E+11,Access Bank,Normal
17/06/2023,2023,6,Payroll Account,Refund Received,Credit,0,223036476,1.40727E+11,Keystone Bank,Normal
23/06/2023,2023,6,Capital Project Account,Payroll Payment,Debit,333285558,0,1.40393E+11,Zenith Bank,Review
08/06/2023,2023,6,Recurrent Expenditure Account,IGR Collection Remittance,Credit,0,181447018,1.40575E+11,Keystone Bank,Normal
08/06/2023,2023,6,Treasury Single Account,IGR Collection Remittance,Credit,0,371670647,1.40946E+11,Keystone Bank,Review
20/06/2023,2023,6,Capital Project Account,Refund Received,Credit,0,367935375,1.41314E+11,GTBank,Review
17/06/2023,2023,6,IGR Collection Account,Revenue Sweep from MDA,Credit,0,233533847,1.41548E+11,Keystone Bank,Normal
02/06/2023,2023,6,IGR Collection Account,IGR Collection Remittance,Credit,0,108730881,1.41657E+11,Keystone Bank,Normal
16/06/2023,2023,6,FAAC Account,Grant Receipt,Credit,0,494257777,1.42151E+11,Keystone Bank,Review
06/06/2023,2023,6,IGR Collection Account,Contractor Payment,Debit,312745700,0,1.41838E+11,Keystone Bank,Review
18/06/2023,2023,6,Recurrent Expenditure Account,Administrative Expense,Debit,179583670,0,1.41659E+11,GTBank,Normal
27/06/2023,2023,6,Payroll Account,IGR Collection Remittance,Credit,0,314044545,1.41973E+11,Access Bank,Review
25/06/2023,2023,6,IGR Collection Account,Administrative Expense,Debit,59810695,0,1.41913E+11,Zenith Bank,Normal
01/06/2023,2023,6,Recurrent Expenditure Account,Payroll Payment,Debit,29079416,0,1.41884E+11,Keystone Bank,Normal
18/06/2023,2023,6,IGR Collection Account,Revenue Sweep from MDA,Credit,0,594855428,1.42479E+11,Zenith Bank,Review
18/06/2023,2023,6,IGR Collection Account,IGR Collection Remittance,Credit,0,186184304,1.42665E+11,UBA,Normal
15/06/2023,2023,6,Capital Project Account,Revenue Sweep from MDA,Credit,0,498777908,1.43164E+11,Keystone Bank,Review
25/06/2023,2023,6,Payroll Account,Federal Allocation Receipt,Credit,0,512069014,1.43676E+11,First Bank,Review
03/06/2023,2023,6,Payroll Account,Contractor Payment,Debit,135120749,0,1.43541E+11,First Bank,Normal
13/06/2023,2023,6,Recurrent Expenditure Account,Federal Allocation Receipt,Credit,0,211670942,1.43752E+11,UBA,Normal
25/07/2023,2023,7,Treasury Single Account,IGR Collection Remittance,Credit,0,509178544,1.44261E+11,First Bank,Review
05/07/2023,2023,7,FAAC Account,Project Payment,Debit,155738166,0,1.44106E+11,Zenith Bank,Normal
09/07/2023,2023,7,FAAC Account,Transfer to MDA,Debit,53198503,0,1.44052E+11,UBA,Normal
16/07/2023,2023,7,FAAC Account,Refund Received,Credit,0,256964887,1.44309E+11,GTBank,Review
09/07/2023,2023,7,FAAC Account,Contractor Payment,Debit,169830324,0,1.4414E+11,GTBank,Normal
08/07/2023,2023,7,Recurrent Expenditure Account,Federal Allocation Receipt,Credit,0,35757052,1.44175E+11,First Bank,Normal
13/07/2023,2023,7,IGR Collection Account,Administrative Expense,Debit,301204102,0,1.43874E+11,Zenith Bank,Review
21/07/2023,2023,7,Recurrent Expenditure Account,Administrative Expense,Debit,63463917,0,1.43811E+11,Access Bank,Normal
10/07/2023,2023,7,Treasury Single Account,Administrative Expense,Debit,334712705,0,1.43476E+11,First Bank,Review
17/07/2023,2023,7,Payroll Account,IGR Collection Remittance,Credit,0,495237569,1.43971E+11,Access Bank,Review
23/07/2023,2023,7,Payroll Account,Payroll Payment,Debit,140762061,0,1.4383E+11,GTBank,Normal
21/07/2023,2023,7,FAAC Account,Bank Charges,Debit,280257533,0,1.4355E+11,Keystone Bank,Review
01/07/2023,2023,7,Payroll Account,Bank Charges,Debit,195326877,0,1.43355E+11,Access Bank,Review
12/07/2023,2023,7,Treasury Single Account,Bank Charges,Debit,173559923,0,1.43181E+11,Zenith Bank,Review
07/07/2023,2023,7,Capital Project Account,Federal Allocation Receipt,Credit,0,558286360,1.4374E+11,Keystone Bank,Review
15/07/2023,2023,7,IGR Collection Account,Federal Allocation Receipt,Credit,0,462179646,1.44202E+11,UBA,Review
25/07/2023,2023,7,Recurrent Expenditure Account,Contractor Payment,Debit,230742427,0,1.43971E+11,First Bank,Normal
14/07/2023,2023,7,Recurrent Expenditure Account,Federal Allocation Receipt,Credit,0,370069522,1.44341E+11,Keystone Bank,Review
20/07/2023,2023,7,Recurrent Expenditure Account,Grant Receipt,Credit,0,316501289,1.44658E+11,GTBank,Review
27/07/2023,2023,7,IGR Collection Account,Bank Charges,Debit,89315858,0,1.44568E+11,GTBank,Review
10/07/2023,2023,7,FAAC Account,IGR Collection Remittance,Credit,0,162780400,1.44731E+11,Access Bank,Normal
06/07/2023,2023,7,Capital Project Account,Grant Receipt,Credit,0,79691350,1.44811E+11,GTBank,Normal
05/07/2023,2023,7,FAAC Account,Refund Received,Credit,0,164398695,1.44975E+11,UBA,Normal
02/07/2023,2023,7,Capital Project Account,IGR Collection Remittance,Credit,0,382279245,1.45357E+11,Access Bank,Review
24/07/2023,2023,7,FAAC Account,IGR Collection Remittance,Credit,0,353464904,1.45711E+11,Zenith Bank,Review
14/07/2023,2023,7,Capital Project Account,Project Payment,Debit,243926343,0,1.45467E+11,First Bank,Normal
11/07/2023,2023,7,Recurrent Expenditure Account,Transfer to MDA,Debit,205318292,0,1.45262E+11,Keystone Bank,Normal
05/07/2023,2023,7,FAAC Account,Grant Receipt,Credit,0,224774525,1.45486E+11,GTBank,Normal
05/07/2023,2023,7,Payroll Account,Federal Allocation Receipt,Credit,0,330012260,1.45816E+11,Keystone Bank,Review
21/07/2023,2023,7,Treasury Single Account,Refund Received,Credit,0,457921255,1.46274E+11,Access Bank,Review
20/07/2023,2023,7,FAAC Account,Bank Charges,Debit,119253399,0,1.46155E+11,GTBank,Review
15/07/2023,2023,7,IGR Collection Account,Project Payment,Debit,335111626,0,1.4582E+11,UBA,Review
08/07/2023,2023,7,Recurrent Expenditure Account,Payroll Payment,Debit,344414496,0,1.45476E+11,UBA,Review
07/07/2023,2023,7,FAAC Account,Payroll Payment,Debit,130530739,0,1.45345E+11,First Bank,Normal
19/07/2023,2023,7,IGR Collection Account,Project Payment,Debit,261761757,0,1.45083E+11,First Bank,Review
04/07/2023,2023,7,IGR Collection Account,Grant Receipt,Credit,0,154682260,1.45238E+11,Access Bank,Normal
02/07/2023,2023,7,Payroll Account,Loan Repayment,Debit,45184148,0,1.45193E+11,First Bank,Review
05/07/2023,2023,7,Capital Project Account,Transfer to MDA,Debit,78474399,0,1.45114E+11,Zenith Bank,Normal
03/07/2023,2023,7,Recurrent Expenditure Account,Refund Received,Credit,0,547285776,1.45662E+11,GTBank,Review
27/07/2023,2023,7,IGR Collection Account,Refund Received,Credit,0,488512748,1.4615E+11,UBA,Review
20/07/2023,2023,7,Capital Project Account,Federal Allocation Receipt,Credit,0,151920507,1.46302E+11,First Bank,Normal
04/07/2023,2023,7,FAAC Account,Refund Received,Credit,0,16909542,1.46319E+11,Keystone Bank,Normal
20/07/2023,2023,7,Treasury Single Account,Federal Allocation Receipt,Credit,0,313297896,1.46632E+11,Keystone Bank,Review
11/07/2023,2023,7,Capital Project Account,Federal Allocation Receipt,Credit,0,500702276,1.47133E+11,First Bank,Review
28/07/2023,2023,7,Treasury Single Account,Contractor Payment,Debit,112875548,0,1.4702E+11,UBA,Normal
12/07/2023,2023,7,Capital Project Account,Grant Receipt,Credit,0,518850147,1.47539E+11,UBA,Review
05/07/2023,2023,7,IGR Collection Account,Administrative Expense,Debit,181085506,0,1.47358E+11,First Bank,Normal
19/07/2023,2023,7,FAAC Account,Refund Received,Credit,0,196733546,1.47555E+11,Access Bank,Normal
02/07/2023,2023,7,IGR Collection Account,Contractor Payment,Debit,125324092,0,1.47429E+11,Zenith Bank,Normal
15/07/2023,2023,7,Capital Project Account,Payroll Payment,Debit,149997577,0,1.47279E+11,Zenith Bank,Normal
09/07/2023,2023,7,FAAC Account,Revenue Sweep from MDA,Credit,0,424180334,1.47703E+11,UBA,Review
26/07/2023,2023,7,Capital Project Account,Transfer to MDA,Debit,305725284,0,1.47398E+11,First Bank,Review
25/07/2023,2023,7,Treasury Single Account,IGR Collection Remittance,Credit,0,322063452,1.4772E+11,Access Bank,Review
03/07/2023,2023,7,Payroll Account,Loan Repayment,Debit,273929103,0,1.47446E+11,Keystone Bank,Review
15/07/2023,2023,7,Recurrent Expenditure Account,Grant Receipt,Credit,0,481598271,1.47927E+11,UBA,Review
02/07/2023,2023,7,Recurrent Expenditure Account,Contractor Payment,Debit,100752097,0,1.47827E+11,First Bank,Normal
15/07/2023,2023,7,Capital Project Account,Administrative Expense,Debit,305431655,0,1.47521E+11,GTBank,Review
23/07/2023,2023,7,Recurrent Expenditure Account,Grant Receipt,Credit,0,279228697,1.478E+11,Access Bank,Review
09/07/2023,2023,7,Treasury Single Account,Bank Charges,Debit,228731688,0,1.47572E+11,First Bank,Review
09/07/2023,2023,7,Treasury Single Account,Grant Receipt,Credit,0,445087968,1.48017E+11,Keystone Bank,Review
02/07/2023,2023,7,FAAC Account,Revenue Sweep from MDA,Credit,0,325698378,1.48342E+11,Access Bank,Review
14/07/2023,2023,7,Treasury Single Account,Administrative Expense,Debit,231056121,0,1.48111E+11,Access Bank,Normal
08/07/2023,2023,7,FAAC Account,Payroll Payment,Debit,23465327,0,1.48088E+11,UBA,Normal
18/07/2023,2023,7,Treasury Single Account,Federal Allocation Receipt,Credit,0,430809180,1.48519E+11,GTBank,Review
17/07/2023,2023,7,IGR Collection Account,Contractor Payment,Debit,107881555,0,1.48411E+11,First Bank,Normal
20/07/2023,2023,7,IGR Collection Account,Transfer to MDA,Debit,147645416,0,1.48263E+11,UBA,Normal
11/07/2023,2023,7,Capital Project Account,Payroll Payment,Debit,186203945,0,1.48077E+11,First Bank,Normal
28/07/2023,2023,7,Treasury Single Account,Administrative Expense,Debit,176804488,0,1.479E+11,Access Bank,Normal
15/07/2023,2023,7,Payroll Account,Loan Repayment,Debit,79754650,0,1.4782E+11,Keystone Bank,Review
22/07/2023,2023,7,FAAC Account,IGR Collection Remittance,Credit,0,166800283,1.47987E+11,GTBank,Normal
01/08/2023,2023,8,Payroll Account,Payroll Payment,Debit,279562069,0,1.47708E+11,First Bank,Review
18/08/2023,2023,8,Capital Project Account,Grant Receipt,Credit,0,213189432,1.47921E+11,Zenith Bank,Normal
03/08/2023,2023,8,Capital Project Account,Contractor Payment,Debit,254002906,0,1.47667E+11,UBA,Review
18/08/2023,2023,8,Treasury Single Account,Grant Receipt,Credit,0,277064396,1.47944E+11,Zenith Bank,Review
25/08/2023,2023,8,Capital Project Account,Revenue Sweep from MDA,Credit,0,46515133,1.4799E+11,Access Bank,Normal
28/08/2023,2023,8,Treasury Single Account,Transfer to MDA,Debit,247335592,0,1.47743E+11,First Bank,Normal
01/08/2023,2023,8,Recurrent Expenditure Account,Refund Received,Credit,0,530710510,1.48274E+11,GTBank,Review
16/08/2023,2023,8,Recurrent Expenditure Account,Grant Receipt,Credit,0,591074201,1.48865E+11,Keystone Bank,Review
04/08/2023,2023,8,IGR Collection Account,Revenue Sweep from MDA,Credit,0,362282764,1.49227E+11,GTBank,Review
09/08/2023,2023,8,Payroll Account,Revenue Sweep from MDA,Credit,0,515766201,1.49743E+11,First Bank,Review
03/08/2023,2023,8,Treasury Single Account,Administrative Expense,Debit,189163503,0,1.49554E+11,Zenith Bank,Normal
18/08/2023,2023,8,Treasury Single Account,Federal Allocation Receipt,Credit,0,244926894,1.49799E+11,GTBank,Normal
27/08/2023,2023,8,IGR Collection Account,Transfer to MDA,Debit,57990067,0,1.49741E+11,First Bank,Normal
25/08/2023,2023,8,Treasury Single Account,Bank Charges,Debit,135451823,0,1.49605E+11,Keystone Bank,Review
14/08/2023,2023,8,Payroll Account,Administrative Expense,Debit,176759080,0,1.49429E+11,GTBank,Normal
26/08/2023,2023,8,Treasury Single Account,Grant Receipt,Credit,0,469953310,1.49899E+11,Zenith Bank,Review
07/08/2023,2023,8,Recurrent Expenditure Account,Revenue Sweep from MDA,Credit,0,237068420,1.50136E+11,First Bank,Normal
04/08/2023,2023,8,Treasury Single Account,Bank Charges,Debit,118924731,0,1.50017E+11,Keystone Bank,Review
08/08/2023,2023,8,Payroll Account,Refund Received,Credit,0,69981543,1.50087E+11,First Bank,Normal
28/08/2023,2023,8,Treasury Single Account,Bank Charges,Debit,321394394,0,1.49765E+11,UBA,Review
06/08/2023,2023,8,IGR Collection Account,Revenue Sweep from MDA,Credit,0,292940388,1.50058E+11,UBA,Review
25/08/2023,2023,8,Treasury Single Account,Payroll Payment,Debit,305309716,0,1.49753E+11,Zenith Bank,Review
15/08/2023,2023,8,Payroll Account,Payroll Payment,Debit,240236189,0,1.49513E+11,First Bank,Normal
25/08/2023,2023,8,Recurrent Expenditure Account,Administrative Expense,Debit,124698035,0,1.49388E+11,Access Bank,Normal
22/08/2023,2023,8,FAAC Account,Bank Charges,Debit,141616971,0,1.49246E+11,GTBank,Review
27/08/2023,2023,8,Payroll Account,Payroll Payment,Debit,189234667,0,1.49057E+11,UBA,Normal
08/08/2023,2023,8,Recurrent Expenditure Account,Bank Charges,Debit,264395488,0,1.48793E+11,GTBank,Review
04/08/2023,2023,8,Payroll Account,Federal Allocation Receipt,Credit,0,565957454,1.49359E+11,GTBank,Review
09/08/2023,2023,8,Treasury Single Account,Administrative Expense,Debit,143378469,0,1.49215E+11,Zenith Bank,Normal
25/08/2023,2023,8,Capital Project Account,Administrative Expense,Debit,189015138,0,1.49026E+11,Keystone Bank,Normal
19/08/2023,2023,8,Treasury Single Account,Loan Repayment,Debit,245075836,0,1.48781E+11,Keystone Bank,Review
06/08/2023,2023,8,IGR Collection Account,Contractor Payment,Debit,164820081,0,1.48616E+11,Keystone Bank,Normal
11/08/2023,2023,8,Recurrent Expenditure Account,Loan Repayment,Debit,151635914,0,1.48465E+11,Access Bank,Review
19/08/2023,2023,8,IGR Collection Account,Federal Allocation Receipt,Credit,0,472307829,1.48937E+11,UBA,Review
04/08/2023,2023,8,Capital Project Account,Federal Allocation Receipt,Credit,0,121070576,1.49058E+11,UBA,Normal
25/08/2023,2023,8,Recurrent Expenditure Account,Transfer to MDA,Debit,129824004,0,1.48928E+11,UBA,Normal
15/08/2023,2023,8,Payroll Account,Bank Charges,Debit,106060833,0,1.48822E+11,UBA,Review
21/08/2023,2023,8,Capital Project Account,Contractor Payment,Debit,15911807,0,1.48806E+11,First Bank,Normal
16/08/2023,2023,8,Capital Project Account,Grant Receipt,Credit,0,107334028,1.48914E+11,Keystone Bank,Normal
22/08/2023,2023,8,Treasury Single Account,Grant Receipt,Credit,0,374509106,1.49288E+11,Keystone Bank,Review
18/08/2023,2023,8,FAAC Account,Loan Repayment,Debit,321996493,0,1.48966E+11,UBA,Review
25/08/2023,2023,8,Treasury Single Account,Federal Allocation Receipt,Credit,0,538075026,1.49504E+11,Keystone Bank,Review
13/08/2023,2023,8,FAAC Account,Bank Charges,Debit,47728015,0,1.49456E+11,GTBank,Review
22/08/2023,2023,8,Capital Project Account,Revenue Sweep from MDA,Credit,0,315616123,1.49772E+11,First Bank,Review
16/08/2023,2023,8,Capital Project Account,Refund Received,Credit,0,459662101,1.50232E+11,GTBank,Review
10/08/2023,2023,8,Capital Project Account,Refund Received,Credit,0,434728433,1.50667E+11,Keystone Bank,Review
23/08/2023,2023,8,IGR Collection Account,Revenue Sweep from MDA,Credit,0,136139071,1.50803E+11,Access Bank,Normal
14/08/2023,2023,8,Recurrent Expenditure Account,Refund Received,Credit,0,339310911,1.51142E+11,Keystone Bank,Review
25/08/2023,2023,8,Capital Project Account,Payroll Payment,Debit,84489248,0,1.51057E+11,UBA,Normal
26/08/2023,2023,8,FAAC Account,IGR Collection Remittance,Credit,0,300712609,1.51358E+11,Zenith Bank,Review
12/08/2023,2023,8,Capital Project Account,Refund Received,Credit,0,7907679,1.51366E+11,GTBank,Normal
23/08/2023,2023,8,Recurrent Expenditure Account,Grant Receipt,Credit,0,550862870,1.51917E+11,First Bank,Review
22/08/2023,2023,8,Treasury Single Account,IGR Collection Remittance,Credit,0,151066532,1.52068E+11,Access Bank,Normal
15/08/2023,2023,8,Treasury Single Account,Project Payment,Debit,136892468,0,1.51931E+11,Keystone Bank,Normal
22/08/2023,2023,8,FAAC Account,Grant Receipt,Credit,0,53529684,1.51985E+11,Access Bank,Normal
02/08/2023,2023,8,Payroll Account,Payroll Payment,Debit,125905315,0,1.51859E+11,First Bank,Normal
18/08/2023,2023,8,FAAC Account,Federal Allocation Receipt,Credit,0,450458634,1.52309E+11,Keystone Bank,Review
15/08/2023,2023,8,IGR Collection Account,Federal Allocation Receipt,Credit,0,251761178,1.52561E+11,Keystone Bank,Review
13/08/2023,2023,8,Payroll Account,Refund Received,Credit,0,260941044,1.52822E+11,First Bank,Review
05/08/2023,2023,8,Capital Project Account,Transfer to MDA,Debit,188010056,0,1.52634E+11,UBA,Normal
09/08/2023,2023,8,Recurrent Expenditure Account,Revenue Sweep from MDA,Credit,0,460554248,1.53094E+11,Access Bank,Review
17/08/2023,2023,8,Payroll Account,Contractor Payment,Debit,207688283,0,1.52887E+11,Zenith Bank,Normal
04/08/2023,2023,8,Recurrent Expenditure Account,Loan Repayment,Debit,288514508,0,1.52598E+11,GTBank,Review
09/08/2023,2023,8,Recurrent Expenditure Account,Revenue Sweep from MDA,Credit,0,370612026,1.52969E+11,Access Bank,Review
11/08/2023,2023,8,Capital Project Account,Federal Allocation Receipt,Credit,0,420038782,1.53389E+11,Access Bank,Review
22/08/2023,2023,8,Treasury Single Account,Contractor Payment,Debit,92116692,0,1.53297E+11,Keystone Bank,Normal
26/08/2023,2023,8,Treasury Single Account,Revenue Sweep from MDA,Credit,0,315323559,1.53612E+11,GTBank,Review
09/08/2023,2023,8,Capital Project Account,IGR Collection Remittance,Credit,0,224342870,1.53836E+11,Access Bank,Normal
14/08/2023,2023,8,FAAC Account,Transfer to MDA,Debit,152428627,0,1.53684E+11,Access Bank,Normal
15/08/2023,2023,8,Treasury Single Account,Federal Allocation Receipt,Credit,0,340971629,1.54025E+11,Access Bank,Review
24/09/2023,2023,9,Treasury Single Account,Administrative Expense,Debit,259539086,0,1.53765E+11,UBA,Review
23/09/2023,2023,9,Treasury Single Account,IGR Collection Remittance,Credit,0,41685547,1.53807E+11,GTBank,Normal
16/09/2023,2023,9,Capital Project Account,Loan Repayment,Debit,33025144,0,1.53774E+11,UBA,Review
19/09/2023,2023,9,IGR Collection Account,Transfer to MDA,Debit,251597216,0,1.53523E+11,Access Bank,Review
14/09/2023,2023,9,Treasury Single Account,Bank Charges,Debit,100302483,0,1.53422E+11,Keystone Bank,Review
01/09/2023,2023,9,Recurrent Expenditure Account,Federal Allocation Receipt,Credit,0,96220639,1.53518E+11,Zenith Bank,Normal
19/09/2023,2023,9,Payroll Account,Grant Receipt,Credit,0,100871266,1.53619E+11,UBA,Normal
20/09/2023,2023,9,Recurrent Expenditure Account,Project Payment,Debit,88064942,0,1.53531E+11,First Bank,Normal
02/09/2023,2023,9,Payroll Account,Loan Repayment,Debit,276938505,0,1.53254E+11,UBA,Review
25/09/2023,2023,9,IGR Collection Account,Federal Allocation Receipt,Credit,0,456363205,1.53711E+11,Zenith Bank,Review
20/09/2023,2023,9,Capital Project Account,Payroll Payment,Debit,219984229,0,1.53491E+11,First Bank,Normal
06/09/2023,2023,9,Capital Project Account,Revenue Sweep from MDA,Credit,0,96595048,1.53587E+11,Keystone Bank,Normal
27/09/2023,2023,9,Payroll Account,Bank Charges,Debit,145153200,0,1.53442E+11,Access Bank,Review
23/09/2023,2023,9,Payroll Account,IGR Collection Remittance,Credit,0,556054787,1.53998E+11,UBA,Review
23/09/2023,2023,9,Recurrent Expenditure Account,Refund Received,Credit,0,490368693,1.54489E+11,Keystone Bank,Review
27/09/2023,2023,9,Treasury Single Account,Federal Allocation Receipt,Credit,0,51807535,1.5454E+11,Access Bank,Normal
10/09/2023,2023,9,Payroll Account,Bank Charges,Debit,210735030,0,1.5433E+11,First Bank,Review
12/09/2023,2023,9,Capital Project Account,IGR Collection Remittance,Credit,0,194599171,1.54524E+11,Keystone Bank,Normal
15/09/2023,2023,9,IGR Collection Account,Project Payment,Debit,297675617,0,1.54227E+11,Keystone Bank,Review
26/09/2023,2023,9,Treasury Single Account,Grant Receipt,Credit,0,318259618,1.54545E+11,UBA,Review
12/09/2023,2023,9,FAAC Account,Revenue Sweep from MDA,Credit,0,398639662,1.54943E+11,First Bank,Review
08/09/2023,2023,9,Payroll Account,Administrative Expense,Debit,58862050,0,1.54885E+11,GTBank,Normal
07/09/2023,2023,9,Recurrent Expenditure Account,IGR Collection Remittance,Credit,0,570785594,1.55455E+11,Keystone Bank,Review
25/09/2023,2023,9,Treasury Single Account,Grant Receipt,Credit,0,358211690,1.55814E+11,Zenith Bank,Review
23/09/2023,2023,9,Capital Project Account,IGR Collection Remittance,Credit,0,452758548,1.56266E+11,Zenith Bank,Review
19/09/2023,2023,9,Treasury Single Account,Project Payment,Debit,224269482,0,1.56042E+11,Access Bank,Normal
21/09/2023,2023,9,Capital Project Account,Federal Allocation Receipt,Credit,0,541327968,1.56583E+11,First Bank,Review
22/09/2023,2023,9,Capital Project Account,Transfer to MDA,Debit,21252054,0,1.56562E+11,First Bank,Normal
01/09/2023,2023,9,IGR Collection Account,Transfer to MDA,Debit,70762281,0,1.56491E+11,Keystone Bank,Normal
21/09/2023,2023,9,FAAC Account,Grant Receipt,Credit,0,466894182,1.56958E+11,Zenith Bank,Review
10/09/2023,2023,9,IGR Collection Account,Revenue Sweep from MDA,Credit,0,425778085,1.57384E+11,Zenith Bank,Review
26/09/2023,2023,9,Payroll Account,Bank Charges,Debit,153783019,0,1.5723E+11,Zenith Bank,Review
21/09/2023,2023,9,Treasury Single Account,Contractor Payment,Debit,52521178,0,1.57178E+11,GTBank,Normal
14/09/2023,2023,9,Payroll Account,IGR Collection Remittance,Credit,0,510054044,1.57688E+11,Keystone Bank,Review
14/09/2023,2023,9,Treasury Single Account,Administrative Expense,Debit,335921443,0,1.57352E+11,Access Bank,Review
06/09/2023,2023,9,Treasury Single Account,Federal Allocation Receipt,Credit,0,241901443,1.57594E+11,Access Bank,Normal
05/09/2023,2023,9,Recurrent Expenditure Account,Bank Charges,Debit,186353539,0,1.57407E+11,Zenith Bank,Review
06/09/2023,2023,9,IGR Collection Account,Contractor Payment,Debit,134225251,0,1.57273E+11,First Bank,Normal
16/09/2023,2023,9,Capital Project Account,IGR Collection Remittance,Credit,0,165021445,1.57438E+11,GTBank,Normal
21/09/2023,2023,9,Treasury Single Account,Refund Received,Credit,0,580273907,1.58019E+11,Access Bank,Review
15/09/2023,2023,9,FAAC Account,Contractor Payment,Debit,14528554,0,1.58004E+11,First Bank,Normal
14/09/2023,2023,9,IGR Collection Account,Transfer to MDA,Debit,113834424,0,1.5789E+11,Zenith Bank,Normal
03/09/2023,2023,9,Treasury Single Account,Refund Received,Credit,0,583200588,1.58473E+11,Keystone Bank,Review
09/09/2023,2023,9,Treasury Single Account,Revenue Sweep from MDA,Credit,0,32510453,1.58506E+11,Access Bank,Normal
28/09/2023,2023,9,IGR Collection Account,Payroll Payment,Debit,225875152,0,1.5828E+11,Zenith Bank,Normal
13/09/2023,2023,9,IGR Collection Account,Revenue Sweep from MDA,Credit,0,18156001,1.58298E+11,GTBank,Normal
16/09/2023,2023,9,Capital Project Account,Project Payment,Debit,229650762,0,1.58068E+11,Keystone Bank,Normal
01/09/2023,2023,9,Recurrent Expenditure Account,Project Payment,Debit,122937441,0,1.57946E+11,Keystone Bank,Normal
13/09/2023,2023,9,Capital Project Account,Grant Receipt,Credit,0,216140010,1.58162E+11,Keystone Bank,Normal
16/09/2023,2023,9,FAAC Account,Federal Allocation Receipt,Credit,0,66814120,1.58228E+11,Access Bank,Normal
21/09/2023,2023,9,Payroll Account,Administrative Expense,Debit,314984724,0,1.57914E+11,First Bank,Review
16/09/2023,2023,9,Treasury Single Account,Revenue Sweep from MDA,Credit,0,271443500,1.58185E+11,GTBank,Review
18/09/2023,2023,9,Treasury Single Account,Loan Repayment,Debit,179165676,0,1.58006E+11,GTBank,Review
16/09/2023,2023,9,Capital Project Account,Refund Received,Credit,0,159098032,1.58165E+11,UBA,Normal
06/09/2023,2023,9,Payroll Account,Federal Allocation Receipt,Credit,0,343878868,1.58509E+11,Keystone Bank,Review
17/09/2023,2023,9,Capital Project Account,Project Payment,Debit,114136388,0,1.58395E+11,First Bank,Normal
19/09/2023,2023,9,Payroll Account,Federal Allocation Receipt,Credit,0,125725407,1.5852E+11,Zenith Bank,Normal
11/09/2023,2023,9,Payroll Account,Payroll Payment,Debit,140545140,0,1.5838E+11,Access Bank,Normal
04/09/2023,2023,9,IGR Collection Account,Loan Repayment,Debit,307259991,0,1.58073E+11,Zenith Bank,Review
22/09/2023,2023,9,FAAC Account,Project Payment,Debit,331267852,0,1.57741E+11,Access Bank,Review
19/09/2023,2023,9,IGR Collection Account,Revenue Sweep from MDA,Credit,0,260127014,1.58001E+11,GTBank,Review
16/09/2023,2023,9,FAAC Account,IGR Collection Remittance,Credit,0,292034851,1.58293E+11,Zenith Bank,Review
18/09/2023,2023,9,FAAC Account,Payroll Payment,Debit,314787888,0,1.57979E+11,Zenith Bank,Review
15/09/2023,2023,9,Payroll Account,Refund Received,Credit,0,124899391,1.58104E+11,UBA,Normal
04/09/2023,2023,9,Treasury Single Account,Transfer to MDA,Debit,7086710,0,1.58096E+11,Access Bank,Normal
23/09/2023,2023,9,FAAC Account,Grant Receipt,Credit,0,83228305,1.5818E+11,Access Bank,Normal
13/09/2023,2023,9,Recurrent Expenditure Account,Project Payment,Debit,115620756,0,1.58064E+11,UBA,Normal
02/09/2023,2023,9,IGR Collection Account,Grant Receipt,Credit,0,511155663,1.58575E+11,Access Bank,Review
24/09/2023,2023,9,Payroll Account,Revenue Sweep from MDA,Credit,0,140906687,1.58716E+11,Access Bank,Normal
16/09/2023,2023,9,Treasury Single Account,Transfer to MDA,Debit,333385596,0,1.58383E+11,GTBank,Review
08/10/2023,2023,10,Payroll Account,Payroll Payment,Debit,317260100,0,1.58065E+11,First Bank,Review
02/10/2023,2023,10,Treasury Single Account,Federal Allocation Receipt,Credit,0,347815596,1.58413E+11,Access Bank,Review
02/10/2023,2023,10,Recurrent Expenditure Account,Transfer to MDA,Debit,184553956,0,1.58229E+11,UBA,Normal
24/10/2023,2023,10,Recurrent Expenditure Account,Payroll Payment,Debit,97444986,0,1.58131E+11,Access Bank,Normal
28/10/2023,2023,10,IGR Collection Account,Administrative Expense,Debit,10394608,0,1.58121E+11,GTBank,Normal
09/10/2023,2023,10,Capital Project Account,Contractor Payment,Debit,59692689,0,1.58061E+11,Zenith Bank,Normal
13/10/2023,2023,10,Payroll Account,IGR Collection Remittance,Credit,0,567787050,1.58629E+11,UBA,Review
18/10/2023,2023,10,Recurrent Expenditure Account,Transfer to MDA,Debit,147303246,0,1.58482E+11,Keystone Bank,Normal
27/10/2023,2023,10,Capital Project Account,Bank Charges,Debit,35193172,0,1.58447E+11,Zenith Bank,Review
15/10/2023,2023,10,Treasury Single Account,Administrative Expense,Debit,102312913,0,1.58344E+11,Keystone Bank,Normal
24/10/2023,2023,10,Capital Project Account,Payroll Payment,Debit,80437390,0,1.58264E+11,GTBank,Normal
11/10/2023,2023,10,IGR Collection Account,Bank Charges,Debit,23237816,0,1.58241E+11,GTBank,Review
27/10/2023,2023,10,FAAC Account,Grant Receipt,Credit,0,201278108,1.58442E+11,Access Bank,Normal
09/10/2023,2023,10,FAAC Account,Grant Receipt,Credit,0,291013617,1.58733E+11,Zenith Bank,Review
12/10/2023,2023,10,Recurrent Expenditure Account,Transfer to MDA,Debit,28392080,0,1.58704E+11,Keystone Bank,Normal
22/10/2023,2023,10,Payroll Account,Revenue Sweep from MDA,Credit,0,381276292,1.59086E+11,Access Bank,Review
06/10/2023,2023,10,IGR Collection Account,Bank Charges,Debit,23668079,0,1.59062E+11,GTBank,Review
26/10/2023,2023,10,Recurrent Expenditure Account,Transfer to MDA,Debit,135773923,0,1.58926E+11,Keystone Bank,Normal
07/10/2023,2023,10,Capital Project Account,Grant Receipt,Credit,0,90296946,1.59017E+11,Keystone Bank,Normal
23/10/2023,2023,10,Recurrent Expenditure Account,Bank Charges,Debit,76886549,0,1.5894E+11,First Bank,Review
25/10/2023,2023,10,IGR Collection Account,Federal Allocation Receipt,Credit,0,369227594,1.59309E+11,First Bank,Review
09/10/2023,2023,10,Treasury Single Account,Administrative Expense,Debit,310487494,0,1.58998E+11,Zenith Bank,Review
09/10/2023,2023,10,Payroll Account,Project Payment,Debit,135567838,0,1.58863E+11,UBA,Normal
10/10/2023,2023,10,FAAC Account,Loan Repayment,Debit,218500506,0,1.58644E+11,Zenith Bank,Review
14/10/2023,2023,10,Capital Project Account,Grant Receipt,Credit,0,395262496,1.5904E+11,UBA,Review
14/10/2023,2023,10,Treasury Single Account,Federal Allocation Receipt,Credit,0,539301436,1.59579E+11,GTBank,Review
12/10/2023,2023,10,Payroll Account,Bank Charges,Debit,302418872,0,1.59276E+11,UBA,Review
15/10/2023,2023,10,Treasury Single Account,Transfer to MDA,Debit,148631307,0,1.59128E+11,Keystone Bank,Normal
25/10/2023,2023,10,Capital Project Account,Payroll Payment,Debit,181164808,0,1.58947E+11,UBA,Normal
14/10/2023,2023,10,Recurrent Expenditure Account,Project Payment,Debit,67281931,0,1.58879E+11,Zenith Bank,Normal
09/10/2023,2023,10,Recurrent Expenditure Account,Loan Repayment,Debit,299864409,0,1.5858E+11,First Bank,Review
13/10/2023,2023,10,Payroll Account,Project Payment,Debit,280661314,0,1.58299E+11,First Bank,Review
02/10/2023,2023,10,IGR Collection Account,Payroll Payment,Debit,176327098,0,1.58123E+11,Access Bank,Normal
22/10/2023,2023,10,Recurrent Expenditure Account,Loan Repayment,Debit,260228175,0,1.57862E+11,GTBank,Review
13/10/2023,2023,10,Treasury Single Account,Loan Repayment,Debit,72704874,0,1.5779E+11,Access Bank,Review
22/10/2023,2023,10,Capital Project Account,Payroll Payment,Debit,265214031,0,1.57524E+11,GTBank,Review
17/10/2023,2023,10,Capital Project Account,Revenue Sweep from MDA,Credit,0,254152412,1.57779E+11,Keystone Bank,Review
26/10/2023,2023,10,IGR Collection Account,Transfer to MDA,Debit,339446206,0,1.57439E+11,UBA,Review
13/10/2023,2023,10,IGR Collection Account,Grant Receipt,Credit,0,437048636,1.57876E+11,Keystone Bank,Review
18/10/2023,2023,10,FAAC Account,Refund Received,Credit,0,503104660,1.58379E+11,First Bank,Review
14/10/2023,2023,10,FAAC Account,Contractor Payment,Debit,203302001,0,1.58176E+11,GTBank,Normal
01/10/2023,2023,10,Treasury Single Account,Contractor Payment,Debit,251358528,0,1.57925E+11,UBA,Review
12/10/2023,2023,10,Treasury Single Account,Revenue Sweep from MDA,Credit,0,108316495,1.58033E+11,First Bank,Normal
22/10/2023,2023,10,IGR Collection Account,IGR Collection Remittance,Credit,0,297947291,1.58331E+11,GTBank,Review
12/10/2023,2023,10,Recurrent Expenditure Account,Project Payment,Debit,299189840,0,1.58032E+11,Access Bank,Review
16/10/2023,2023,10,Treasury Single Account,Bank Charges,Debit,134663527,0,1.57897E+11,UBA,Review
21/10/2023,2023,10,FAAC Account,Loan Repayment,Debit,231825625,0,1.57665E+11,Zenith Bank,Review
05/10/2023,2023,10,Capital Project Account,Project Payment,Debit,57564967,0,1.57608E+11,Keystone Bank,Normal
25/10/2023,2023,10,Capital Project Account,Contractor Payment,Debit,334865485,0,1.57273E+11,Zenith Bank,Review
06/10/2023,2023,10,Recurrent Expenditure Account,Contractor Payment,Debit,5271435,0,1.57267E+11,GTBank,Normal
03/10/2023,2023,10,Recurrent Expenditure Account,Administrative Expense,Debit,287399147,0,1.5698E+11,Keystone Bank,Review
12/10/2023,2023,10,IGR Collection Account,Administrative Expense,Debit,255493719,0,1.56725E+11,Keystone Bank,Review
02/10/2023,2023,10,FAAC Account,Refund Received,Credit,0,568785706,1.57293E+11,Access Bank,Review
14/10/2023,2023,10,Capital Project Account,Bank Charges,Debit,321571245,0,1.56972E+11,Zenith Bank,Review
28/10/2023,2023,10,Treasury Single Account,IGR Collection Remittance,Credit,0,289419623,1.57261E+11,First Bank,Review
13/10/2023,2023,10,Capital Project Account,Federal Allocation Receipt,Credit,0,19606442,1.57281E+11,First Bank,Normal
18/10/2023,2023,10,Capital Project Account,Revenue Sweep from MDA,Credit,0,510167397,1.57791E+11,GTBank,Review
18/10/2023,2023,10,FAAC Account,Transfer to MDA,Debit,135446531,0,1.57656E+11,First Bank,Normal
08/10/2023,2023,10,FAAC Account,Revenue Sweep from MDA,Credit,0,572055436,1.58228E+11,Zenith Bank,Review
16/10/2023,2023,10,FAAC Account,Project Payment,Debit,14244935,0,1.58213E+11,Access Bank,Normal
11/10/2023,2023,10,IGR Collection Account,IGR Collection Remittance,Credit,0,177230665,1.58391E+11,UBA,Normal
01/10/2023,2023,10,IGR Collection Account,Loan Repayment,Debit,95427568,0,1.58295E+11,Zenith Bank,Review
13/10/2023,2023,10,FAAC Account,Administrative Expense,Debit,52617488,0,1.58243E+11,First Bank,Normal
17/10/2023,2023,10,Treasury Single Account,Grant Receipt,Credit,0,463086050,1.58706E+11,Keystone Bank,Review
01/10/2023,2023,10,Capital Project Account,Payroll Payment,Debit,115438975,0,1.5859E+11,GTBank,Normal
22/10/2023,2023,10,FAAC Account,Project Payment,Debit,64644044,0,1.58526E+11,Keystone Bank,Normal
05/10/2023,2023,10,FAAC Account,Bank Charges,Debit,42890419,0,1.58483E+11,First Bank,Review
01/10/2023,2023,10,IGR Collection Account,Revenue Sweep from MDA,Credit,0,53170022,1.58536E+11,UBA,Normal
24/10/2023,2023,10,Treasury Single Account,Project Payment,Debit,276430993,0,1.58259E+11,Keystone Bank,Review
11/10/2023,2023,10,FAAC Account,Grant Receipt,Credit,0,407838089,1.58667E+11,UBA,Review
03/11/2023,2023,11,Payroll Account,Refund Received,Credit,0,547596039,1.59215E+11,GTBank,Review
10/11/2023,2023,11,Recurrent Expenditure Account,Grant Receipt,Credit,0,285765269,1.59501E+11,GTBank,Review
08/11/2023,2023,11,IGR Collection Account,Revenue Sweep from MDA,Credit,0,365020166,1.59866E+11,UBA,Review
28/11/2023,2023,11,IGR Collection Account,Payroll Payment,Debit,330774307,0,1.59535E+11,Zenith Bank,Review
08/11/2023,2023,11,FAAC Account,IGR Collection Remittance,Credit,0,539909308,1.60075E+11,Zenith Bank,Review
26/11/2023,2023,11,Treasury Single Account,Project Payment,Debit,172017419,0,1.59903E+11,UBA,Normal
07/11/2023,2023,11,FAAC Account,Refund Received,Credit,0,15017980,1.59918E+11,UBA,Normal
28/11/2023,2023,11,Recurrent Expenditure Account,Project Payment,Debit,110383729,0,1.59807E+11,UBA,Normal
10/11/2023,2023,11,IGR Collection Account,Grant Receipt,Credit,0,430853460,1.60238E+11,First Bank,Review
17/11/2023,2023,11,FAAC Account,Contractor Payment,Debit,110994501,0,1.60127E+11,GTBank,Normal
11/11/2023,2023,11,Payroll Account,Refund Received,Credit,0,50267157,1.60178E+11,Keystone Bank,Normal
27/11/2023,2023,11,FAAC Account,Transfer to MDA,Debit,192862011,0,1.59985E+11,First Bank,Normal
27/11/2023,2023,11,Capital Project Account,Grant Receipt,Credit,0,319654838,1.60304E+11,Zenith Bank,Review
26/11/2023,2023,11,FAAC Account,Loan Repayment,Debit,91187732,0,1.60213E+11,First Bank,Review
21/11/2023,2023,11,Payroll Account,Project Payment,Debit,66322585,0,1.60147E+11,UBA,Normal
10/11/2023,2023,11,FAAC Account,IGR Collection Remittance,Credit,0,197388083,1.60344E+11,GTBank,Normal
08/11/2023,2023,11,Treasury Single Account,IGR Collection Remittance,Credit,0,518109656,1.60862E+11,Access Bank,Review
27/11/2023,2023,11,Recurrent Expenditure Account,Grant Receipt,Credit,0,436713306,1.61299E+11,UBA,Review
19/11/2023,2023,11,IGR Collection Account,Revenue Sweep from MDA,Credit,0,377790575,1.61677E+11,Zenith Bank,Review
21/11/2023,2023,11,IGR Collection Account,Grant Receipt,Credit,0,128609652,1.61805E+11,Zenith Bank,Normal
19/11/2023,2023,11,Recurrent Expenditure Account,Project Payment,Debit,62413665,0,1.61743E+11,Zenith Bank,Normal
04/11/2023,2023,11,Payroll Account,Federal Allocation Receipt,Credit,0,266665870,1.6201E+11,Zenith Bank,Review
19/11/2023,2023,11,FAAC Account,Grant Receipt,Credit,0,535500601,1.62545E+11,UBA,Review
28/11/2023,2023,11,Recurrent Expenditure Account,Project Payment,Debit,320778477,0,1.62224E+11,First Bank,Review
19/11/2023,2023,11,Treasury Single Account,Project Payment,Debit,60387112,0,1.62164E+11,Access Bank,Normal
02/11/2023,2023,11,Payroll Account,Refund Received,Credit,0,215432353,1.62379E+11,First Bank,Normal
26/11/2023,2023,11,IGR Collection Account,Refund Received,Credit,0,409935813,1.62789E+11,UBA,Review
27/11/2023,2023,11,FAAC Account,Project Payment,Debit,24522706,0,1.62765E+11,First Bank,Normal
25/11/2023,2023,11,Capital Project Account,Transfer to MDA,Debit,345477470,0,1.62419E+11,Access Bank,Review
25/11/2023,2023,11,IGR Collection Account,IGR Collection Remittance,Credit,0,138097815,1.62557E+11,First Bank,Normal
21/11/2023,2023,11,Capital Project Account,Project Payment,Debit,317856255,0,1.6224E+11,Access Bank,Review
20/11/2023,2023,11,Recurrent Expenditure Account,Federal Allocation Receipt,Credit,0,521472227,1.62761E+11,GTBank,Review
22/11/2023,2023,11,Payroll Account,Contractor Payment,Debit,268011293,0,1.62493E+11,Access Bank,Review
06/11/2023,2023,11,Payroll Account,Transfer to MDA,Debit,149258856,0,1.62344E+11,GTBank,Normal
23/11/2023,2023,11,FAAC Account,Bank Charges,Debit,23224866,0,1.62321E+11,Zenith Bank,Review
17/11/2023,2023,11,Payroll Account,Contractor Payment,Debit,265830528,0,1.62055E+11,Access Bank,Review
12/11/2023,2023,11,FAAC Account,Revenue Sweep from MDA,Credit,0,348447697,1.62403E+11,Zenith Bank,Review
28/11/2023,2023,11,Recurrent Expenditure Account,Revenue Sweep from MDA,Credit,0,254829320,1.62658E+11,Zenith Bank,Review
11/11/2023,2023,11,Recurrent Expenditure Account,Federal Allocation Receipt,Credit,0,331772190,1.6299E+11,Keystone Bank,Review
15/11/2023,2023,11,Recurrent Expenditure Account,Revenue Sweep from MDA,Credit,0,332261717,1.63322E+11,Keystone Bank,Review
25/11/2023,2023,11,Treasury Single Account,Administrative Expense,Debit,38184378,0,1.63284E+11,First Bank,Normal
02/11/2023,2023,11,Capital Project Account,Revenue Sweep from MDA,Credit,0,94763960,1.63379E+11,First Bank,Normal
03/11/2023,2023,11,FAAC Account,Payroll Payment,Debit,264272780,0,1.63114E+11,Access Bank,Review
26/11/2023,2023,11,IGR Collection Account,Contractor Payment,Debit,7550972,0,1.63107E+11,Zenith Bank,Normal
04/11/2023,2023,11,FAAC Account,Federal Allocation Receipt,Credit,0,573577585,1.6368E+11,First Bank,Review
21/11/2023,2023,11,Treasury Single Account,Loan Repayment,Debit,164778455,0,1.63516E+11,First Bank,Review
12/11/2023,2023,11,FAAC Account,Payroll Payment,Debit,183712706,0,1.63332E+11,Keystone Bank,Normal
02/11/2023,2023,11,Payroll Account,Revenue Sweep from MDA,Credit,0,379889511,1.63712E+11,First Bank,Review
11/11/2023,2023,11,Recurrent Expenditure Account,Refund Received,Credit,0,374181062,1.64086E+11,Keystone Bank,Review
19/11/2023,2023,11,IGR Collection Account,Transfer to MDA,Debit,205631001,0,1.6388E+11,Keystone Bank,Normal
03/11/2023,2023,11,Treasury Single Account,Administrative Expense,Debit,21845677,0,1.63858E+11,GTBank,Normal
09/11/2023,2023,11,Payroll Account,Refund Received,Credit,0,216494968,1.64075E+11,Zenith Bank,Normal
28/11/2023,2023,11,Capital Project Account,Refund Received,Credit,0,462672562,1.64538E+11,UBA,Review
17/11/2023,2023,11,Treasury Single Account,Contractor Payment,Debit,17884255,0,1.6452E+11,UBA,Normal
21/11/2023,2023,11,Treasury Single Account,Transfer to MDA,Debit,280918277,0,1.64239E+11,Zenith Bank,Review
08/11/2023,2023,11,Payroll Account,Contractor Payment,Debit,75005371,0,1.64164E+11,UBA,Normal
26/11/2023,2023,11,Capital Project Account,Administrative Expense,Debit,289890759,0,1.63874E+11,GTBank,Review
24/11/2023,2023,11,Recurrent Expenditure Account,Project Payment,Debit,118084489,0,1.63756E+11,Keystone Bank,Normal
02/11/2023,2023,11,FAAC Account,Contractor Payment,Debit,51778589,0,1.63704E+11,First Bank,Normal
17/11/2023,2023,11,IGR Collection Account,Payroll Payment,Debit,99031923,0,1.63605E+11,Zenith Bank,Normal
18/11/2023,2023,11,Treasury Single Account,Contractor Payment,Debit,201474166,0,1.63404E+11,UBA,Normal
20/11/2023,2023,11,Treasury Single Account,Grant Receipt,Credit,0,566280029,1.6397E+11,GTBank,Review
23/11/2023,2023,11,IGR Collection Account,IGR Collection Remittance,Credit,0,313473364,1.64283E+11,Keystone Bank,Review
15/11/2023,2023,11,IGR Collection Account,Bank Charges,Debit,211562474,0,1.64072E+11,Zenith Bank,Review
24/11/2023,2023,11,FAAC Account,Revenue Sweep from MDA,Credit,0,110723307,1.64183E+11,Zenith Bank,Normal
04/11/2023,2023,11,Treasury Single Account,Contractor Payment,Debit,189033963,0,1.63993E+11,Zenith Bank,Normal
18/11/2023,2023,11,IGR Collection Account,Revenue Sweep from MDA,Credit,0,140273680,1.64134E+11,UBA,Normal
21/11/2023,2023,11,Treasury Single Account,Transfer to MDA,Debit,253779110,0,1.6388E+11,UBA,Review
03/11/2023,2023,11,Treasury Single Account,Administrative Expense,Debit,71469178,0,1.63808E+11,Access Bank,Normal
25/11/2023,2023,11,Treasury Single Account,IGR Collection Remittance,Credit,0,445564271,1.64254E+11,Zenith Bank,Review
25/12/2023,2023,12,Recurrent Expenditure Account,Revenue Sweep from MDA,Credit,0,116274133,1.6437E+11,Access Bank,Normal
28/12/2023,2023,12,Recurrent Expenditure Account,Loan Repayment,Debit,83370176,0,1.64287E+11,GTBank,Review
14/12/2023,2023,12,IGR Collection Account,Contractor Payment,Debit,273017371,0,1.64014E+11,Access Bank,Review
01/12/2023,2023,12,Capital Project Account,Refund Received,Credit,0,323442814,1.64337E+11,Access Bank,Review
11/12/2023,2023,12,Payroll Account,Administrative Expense,Debit,309203523,0,1.64028E+11,Zenith Bank,Review
03/12/2023,2023,12,Payroll Account,Contractor Payment,Debit,27994463,0,1.64E+11,Zenith Bank,Normal
28/12/2023,2023,12,Treasury Single Account,Project Payment,Debit,331347561,0,1.63669E+11,First Bank,Review
03/12/2023,2023,12,Treasury Single Account,IGR Collection Remittance,Credit,0,253218811,1.63922E+11,UBA,Review
04/12/2023,2023,12,Payroll Account,Contractor Payment,Debit,101832918,0,1.6382E+11,Zenith Bank,Normal
07/12/2023,2023,12,Capital Project Account,Revenue Sweep from MDA,Credit,0,493038937,1.64313E+11,First Bank,Review
04/12/2023,2023,12,Capital Project Account,Payroll Payment,Debit,281004135,0,1.64032E+11,Keystone Bank,Review
10/12/2023,2023,12,Recurrent Expenditure Account,Transfer to MDA,Debit,321389692,0,1.63711E+11,GTBank,Review
08/12/2023,2023,12,Recurrent Expenditure Account,Project Payment,Debit,271098036,0,1.6344E+11,Keystone Bank,Review
14/12/2023,2023,12,FAAC Account,Transfer to MDA,Debit,212178073,0,1.63228E+11,GTBank,Normal
05/12/2023,2023,12,Treasury Single Account,Refund Received,Credit,0,134213699,1.63362E+11,GTBank,Normal
18/12/2023,2023,12,Payroll Account,Federal Allocation Receipt,Credit,0,223173785,1.63585E+11,Zenith Bank,Normal
23/12/2023,2023,12,Payroll Account,Federal Allocation Receipt,Credit,0,450260693,1.64035E+11,Zenith Bank,Review
01/12/2023,2023,12,Recurrent Expenditure Account,Federal Allocation Receipt,Credit,0,178676900,1.64214E+11,First Bank,Normal
05/12/2023,2023,12,IGR Collection Account,Refund Received,Credit,0,450519349,1.64664E+11,GTBank,Review
23/12/2023,2023,12,Treasury Single Account,Transfer to MDA,Debit,168087933,0,1.64496E+11,Keystone Bank,Normal
06/12/2023,2023,12,Payroll Account,Revenue Sweep from MDA,Credit,0,560500613,1.65057E+11,Keystone Bank,Review
26/12/2023,2023,12,Recurrent Expenditure Account,IGR Collection Remittance,Credit,0,560351243,1.65617E+11,Keystone Bank,Review
22/12/2023,2023,12,Recurrent Expenditure Account,Revenue Sweep from MDA,Credit,0,492614004,1.6611E+11,Keystone Bank,Review
18/12/2023,2023,12,FAAC Account,Refund Received,Credit,0,334131118,1.66444E+11,First Bank,Review
01/12/2023,2023,12,Recurrent Expenditure Account,Administrative Expense,Debit,107571803,0,1.66336E+11,Access Bank,Normal
01/12/2023,2023,12,Capital Project Account,Transfer to MDA,Debit,236132398,0,1.661E+11,Access Bank,Normal
24/12/2023,2023,12,Treasury Single Account,Loan Repayment,Debit,190902057,0,1.65909E+11,Keystone Bank,Review
03/12/2023,2023,12,FAAC Account,Bank Charges,Debit,88664830,0,1.65821E+11,First Bank,Review
04/12/2023,2023,12,Treasury Single Account,Payroll Payment,Debit,76563259,0,1.65744E+11,First Bank,Normal
13/12/2023,2023,12,Capital Project Account,Contractor Payment,Debit,187196760,0,1.65557E+11,UBA,Normal
05/12/2023,2023,12,Treasury Single Account,Payroll Payment,Debit,104285764,0,1.65453E+11,UBA,Normal
14/12/2023,2023,12,Capital Project Account,Bank Charges,Debit,342815057,0,1.6511E+11,First Bank,Review
05/12/2023,2023,12,Recurrent Expenditure Account,Bank Charges,Debit,185640633,0,1.64924E+11,UBA,Review
01/12/2023,2023,12,FAAC Account,Payroll Payment,Debit,344880223,0,1.64579E+11,GTBank,Review
01/12/2023,2023,12,FAAC Account,Federal Allocation Receipt,Credit,0,539525272,1.65119E+11,GTBank,Review
08/12/2023,2023,12,Capital Project Account,Revenue Sweep from MDA,Credit,0,487709036,1.65607E+11,Keystone Bank,Review
08/12/2023,2023,12,FAAC Account,Project Payment,Debit,256066623,0,1.6535E+11,UBA,Review
01/12/2023,2023,12,Treasury Single Account,Grant Receipt,Credit,0,304776936,1.65655E+11,GTBank,Review
13/12/2023,2023,12,Capital Project Account,Administrative Expense,Debit,72047767,0,1.65583E+11,First Bank,Normal
04/12/2023,2023,12,Treasury Single Account,Payroll Payment,Debit,302505164,0,1.65281E+11,UBA,Review
20/12/2023,2023,12,Recurrent Expenditure Account,Loan Repayment,Debit,253588122,0,1.65027E+11,GTBank,Review
21/12/2023,2023,12,Treasury Single Account,IGR Collection Remittance,Credit,0,408782517,1.65436E+11,First Bank,Review
02/12/2023,2023,12,Capital Project Account,Administrative Expense,Debit,161696655,0,1.65274E+11,Zenith Bank,Normal
28/12/2023,2023,12,FAAC Account,Refund Received,Credit,0,121191879,1.65395E+11,UBA,Normal
22/12/2023,2023,12,IGR Collection Account,Refund Received,Credit,0,349637647,1.65745E+11,First Bank,Review
22/12/2023,2023,12,FAAC Account,Federal Allocation Receipt,Credit,0,303740145,1.66049E+11,GTBank,Review
16/12/2023,2023,12,Payroll Account,Refund Received,Credit,0,434859450,1.66484E+11,UBA,Review
01/12/2023,2023,12,Treasury Single Account,Contractor Payment,Debit,206598993,0,1.66277E+11,Access Bank,Normal
21/12/2023,2023,12,FAAC Account,IGR Collection Remittance,Credit,0,441058127,1.66718E+11,GTBank,Review
22/12/2023,2023,12,FAAC Account,Project Payment,Debit,44721671,0,1.66673E+11,Access Bank,Normal
08/12/2023,2023,12,Treasury Single Account,Transfer to MDA,Debit,315332576,0,1.66358E+11,UBA,Review
23/12/2023,2023,12,IGR Collection Account,IGR Collection Remittance,Credit,0,557032300,1.66915E+11,UBA,Review
17/12/2023,2023,12,Capital Project Account,Grant Receipt,Credit,0,435736555,1.67351E+11,Zenith Bank,Review
13/12/2023,2023,12,Payroll Account,Grant Receipt,Credit,0,394581187,1.67745E+11,Zenith Bank,Review
15/12/2023,2023,12,FAAC Account,IGR Collection Remittance,Credit,0,455127944,1.682E+11,Keystone Bank,Review
04/12/2023,2023,12,Recurrent Expenditure Account,Loan Repayment,Debit,104714318,0,1.68096E+11,Zenith Bank,Review
04/12/2023,2023,12,Recurrent Expenditure Account,Project Payment,Debit,322796608,0,1.67773E+11,First Bank,Review
20/12/2023,2023,12,FAAC Account,Grant Receipt,Credit,0,275886862,1.68049E+11,GTBank,Review
05/12/2023,2023,12,IGR Collection Account,Revenue Sweep from MDA,Credit,0,111065737,1.6816E+11,Keystone Bank,Normal
11/12/2023,2023,12,Payroll Account,Refund Received,Credit,0,305671175,1.68466E+11,Access Bank,Review
24/12/2023,2023,12,Treasury Single Account,Revenue Sweep from MDA,Credit,0,307162145,1.68773E+11,Keystone Bank,Review
04/12/2023,2023,12,Treasury Single Account,Grant Receipt,Credit,0,279085770,1.69052E+11,UBA,Review
26/12/2023,2023,12,Recurrent Expenditure Account,Bank Charges,Debit,38454201,0,1.69013E+11,First Bank,Review
03/12/2023,2023,12,Recurrent Expenditure Account,Revenue Sweep from MDA,Credit,0,352349765,1.69366E+11,GTBank,Review
03/12/2023,2023,12,IGR Collection Account,Refund Received,Credit,0,112968600,1.69479E+11,Access Bank,Normal
12/12/2023,2023,12,Treasury Single Account,Bank Charges,Debit,97914319,0,1.69381E+11,UBA,Review
15/12/2023,2023,12,Payroll Account,Grant Receipt,Credit,0,124891623,1.69506E+11,UBA,Normal
19/12/2023,2023,12,Capital Project Account,Revenue Sweep from MDA,Credit,0,450255299,1.69956E+11,Keystone Bank,Review
13/12/2023,2023,12,Capital Project Account,Contractor Payment,Debit,211185956,0,1.69745E+11,First Bank,Normal
08/12/2023,2023,12,Payroll Account,Refund Received,Credit,0,227559719,1.69972E+11,Zenith Bank,Normal
28/01/2024,2024,1,Recurrent Expenditure Account,Federal Allocation Receipt,Credit,0,444613406,1.70417E+11,Zenith Bank,Review
15/01/2024,2024,1,Treasury Single Account,Grant Receipt,Credit,0,79269349,1.70496E+11,GTBank,Normal
15/01/2024,2024,1,Treasury Single Account,Project Payment,Debit,66344070,0,1.7043E+11,First Bank,Normal
22/01/2024,2024,1,Recurrent Expenditure Account,Loan Repayment,Debit,10622759,0,1.70419E+11,Access Bank,Review
28/01/2024,2024,1,Payroll Account,Federal Allocation Receipt,Credit,0,325611384,1.70745E+11,First Bank,Review
12/01/2024,2024,1,Payroll Account,Bank Charges,Debit,56851463,0,1.70688E+11,UBA,Review
06/01/2024,2024,1,IGR Collection Account,Grant Receipt,Credit,0,412122179,1.711E+11,Keystone Bank,Review
20/01/2024,2024,1,Payroll Account,Grant Receipt,Credit,0,330815301,1.71431E+11,UBA,Review
09/01/2024,2024,1,Treasury Single Account,Project Payment,Debit,249145274,0,1.71182E+11,UBA,Normal
02/01/2024,2024,1,Capital Project Account,IGR Collection Remittance,Credit,0,536585112,1.71718E+11,Keystone Bank,Review
25/01/2024,2024,1,Payroll Account,Project Payment,Debit,18576004,0,1.717E+11,UBA,Normal
18/01/2024,2024,1,IGR Collection Account,Revenue Sweep from MDA,Credit,0,174525221,1.71874E+11,Access Bank,Normal
15/01/2024,2024,1,Recurrent Expenditure Account,Administrative Expense,Debit,135727671,0,1.71739E+11,UBA,Normal
06/01/2024,2024,1,Payroll Account,Transfer to MDA,Debit,136353858,0,1.71602E+11,Keystone Bank,Normal
09/01/2024,2024,1,Capital Project Account,Federal Allocation Receipt,Credit,0,360249552,1.71962E+11,Access Bank,Review
23/01/2024,2024,1,Treasury Single Account,Revenue Sweep from MDA,Credit,0,354584887,1.72317E+11,First Bank,Review
24/01/2024,2024,1,Treasury Single Account,Refund Received,Credit,0,30803992,1.72348E+11,Access Bank,Normal
13/01/2024,2024,1,Capital Project Account,Loan Repayment,Debit,6615335,0,1.72341E+11,GTBank,Review
14/01/2024,2024,1,Recurrent Expenditure Account,Loan Repayment,Debit,168104493,0,1.72173E+11,Access Bank,Review
25/01/2024,2024,1,IGR Collection Account,Revenue Sweep from MDA,Credit,0,540794216,1.72714E+11,Zenith Bank,Review
16/01/2024,2024,1,Capital Project Account,Transfer to MDA,Debit,239106834,0,1.72475E+11,Access Bank,Normal
09/01/2024,2024,1,Treasury Single Account,Federal Allocation Receipt,Credit,0,432821476,1.72908E+11,Access Bank,Review
18/01/2024,2024,1,Payroll Account,Payroll Payment,Debit,332934265,0,1.72575E+11,First Bank,Review
09/01/2024,2024,1,Recurrent Expenditure Account,Refund Received,Credit,0,363098548,1.72938E+11,Zenith Bank,Review
28/01/2024,2024,1,Treasury Single Account,Loan Repayment,Debit,41094787,0,1.72897E+11,Keystone Bank,Review
21/01/2024,2024,1,Capital Project Account,Revenue Sweep from MDA,Credit,0,83730666,1.7298E+11,First Bank,Normal
25/01/2024,2024,1,Capital Project Account,Revenue Sweep from MDA,Credit,0,263862828,1.73244E+11,UBA,Review
23/01/2024,2024,1,Treasury Single Account,Payroll Payment,Debit,239155135,0,1.73005E+11,Keystone Bank,Normal
06/01/2024,2024,1,Recurrent Expenditure Account,IGR Collection Remittance,Credit,0,557906868,1.73563E+11,Zenith Bank,Review
09/01/2024,2024,1,Payroll Account,Refund Received,Credit,0,334553774,1.73898E+11,UBA,Review
24/01/2024,2024,1,FAAC Account,Grant Receipt,Credit,0,14187634,1.73912E+11,UBA,Normal
21/01/2024,2024,1,Capital Project Account,Revenue Sweep from MDA,Credit,0,350434199,1.74262E+11,Keystone Bank,Review
23/01/2024,2024,1,IGR Collection Account,Refund Received,Credit,0,175597562,1.74438E+11,GTBank,Normal
22/01/2024,2024,1,Capital Project Account,IGR Collection Remittance,Credit,0,531616199,1.74969E+11,GTBank,Review
02/01/2024,2024,1,Payroll Account,IGR Collection Remittance,Credit,0,248872597,1.75218E+11,Access Bank,Normal
14/01/2024,2024,1,FAAC Account,Bank Charges,Debit,217733095,0,1.75001E+11,Keystone Bank,Review
25/01/2024,2024,1,Recurrent Expenditure Account,Contractor Payment,Debit,321914029,0,1.74679E+11,UBA,Review
14/01/2024,2024,1,Treasury Single Account,Federal Allocation Receipt,Credit,0,408511194,1.75087E+11,Keystone Bank,Review
03/01/2024,2024,1,FAAC Account,Transfer to MDA,Debit,2593611,0,1.75085E+11,First Bank,Normal
26/01/2024,2024,1,Recurrent Expenditure Account,Federal Allocation Receipt,Credit,0,350739543,1.75435E+11,GTBank,Review
01/01/2024,2024,1,Payroll Account,Bank Charges,Debit,241997474,0,1.75193E+11,GTBank,Review
17/01/2024,2024,1,Recurrent Expenditure Account,Transfer to MDA,Debit,65278093,0,1.75128E+11,Access Bank,Normal
28/01/2024,2024,1,FAAC Account,IGR Collection Remittance,Credit,0,388161267,1.75516E+11,Access Bank,Review
21/01/2024,2024,1,Payroll Account,Transfer to MDA,Debit,70186380,0,1.75446E+11,UBA,Normal
13/01/2024,2024,1,Treasury Single Account,Bank Charges,Debit,113336036,0,1.75333E+11,GTBank,Review
22/01/2024,2024,1,IGR Collection Account,Payroll Payment,Debit,23482533,0,1.75309E+11,GTBank,Normal
05/01/2024,2024,1,Recurrent Expenditure Account,Federal Allocation Receipt,Credit,0,495882463,1.75805E+11,Zenith Bank,Review
20/01/2024,2024,1,Recurrent Expenditure Account,Refund Received,Credit,0,78581700,1.75884E+11,Access Bank,Normal
22/01/2024,2024,1,Capital Project Account,Bank Charges,Debit,113445071,0,1.7577E+11,Access Bank,Review
02/01/2024,2024,1,Payroll Account,IGR Collection Remittance,Credit,0,88043146,1.75858E+11,UBA,Normal
21/01/2024,2024,1,Capital Project Account,Revenue Sweep from MDA,Credit,0,571375179,1.7643E+11,Access Bank,Review
13/01/2024,2024,1,Treasury Single Account,Revenue Sweep from MDA,Credit,0,315139425,1.76745E+11,GTBank,Review
05/01/2024,2024,1,IGR Collection Account,Federal Allocation Receipt,Credit,0,385283348,1.7713E+11,Keystone Bank,Review
23/01/2024,2024,1,Capital Project Account,Administrative Expense,Debit,126108933,0,1.77004E+11,GTBank,Normal
15/01/2024,2024,1,Treasury Single Account,Payroll Payment,Debit,147732981,0,1.76856E+11,UBA,Normal
25/01/2024,2024,1,Payroll Account,Revenue Sweep from MDA,Credit,0,176390690,1.77033E+11,Keystone Bank,Normal
22/01/2024,2024,1,IGR Collection Account,Grant Receipt,Credit,0,55440670,1.77088E+11,GTBank,Normal
15/01/2024,2024,1,FAAC Account,Payroll Payment,Debit,235968869,0,1.76852E+11,GTBank,Normal
10/01/2024,2024,1,Treasury Single Account,Project Payment,Debit,179966541,0,1.76672E+11,Keystone Bank,Normal
23/01/2024,2024,1,Payroll Account,Loan Repayment,Debit,124151243,0,1.76548E+11,Zenith Bank,Review
16/01/2024,2024,1,IGR Collection Account,IGR Collection Remittance,Credit,0,494223763,1.77042E+11,Access Bank,Review
12/01/2024,2024,1,Treasury Single Account,Revenue Sweep from MDA,Credit,0,250042958,1.77292E+11,UBA,Review
19/01/2024,2024,1,IGR Collection Account,Grant Receipt,Credit,0,363111141,1.77655E+11,Zenith Bank,Review
06/01/2024,2024,1,FAAC Account,Federal Allocation Receipt,Credit,0,5890339,1.77661E+11,Access Bank,Normal
21/01/2024,2024,1,Capital Project Account,Revenue Sweep from MDA,Credit,0,241448792,1.77903E+11,First Bank,Normal
14/01/2024,2024,1,Recurrent Expenditure Account,Grant Receipt,Credit,0,363944162,1.78267E+11,GTBank,Review
28/01/2024,2024,1,FAAC Account,Transfer to MDA,Debit,10005136,0,1.78257E+11,Access Bank,Normal
11/01/2024,2024,1,FAAC Account,Contractor Payment,Debit,166278238,0,1.7809E+11,UBA,Normal
07/01/2024,2024,1,Recurrent Expenditure Account,Federal Allocation Receipt,Credit,0,427548434,1.78518E+11,Access Bank,Review
03/01/2024,2024,1,Treasury Single Account,Grant Receipt,Credit,0,396689314,1.78915E+11,Zenith Bank,Review
04/02/2024,2024,2,FAAC Account,Transfer to MDA,Debit,128234210,0,1.78786E+11,First Bank,Normal
26/02/2024,2024,2,FAAC Account,Grant Receipt,Credit,0,472089755,1.79258E+11,Access Bank,Review
09/02/2024,2024,2,FAAC Account,Grant Receipt,Credit,0,257593746,1.79516E+11,UBA,Review
19/02/2024,2024,2,IGR Collection Account,Grant Receipt,Credit,0,41871298,1.79558E+11,UBA,Normal
28/02/2024,2024,2,Payroll Account,Revenue Sweep from MDA,Credit,0,523266027,1.80081E+11,Access Bank,Review
06/02/2024,2024,2,IGR Collection Account,Grant Receipt,Credit,0,100249991,1.80181E+11,GTBank,Normal
05/02/2024,2024,2,FAAC Account,Loan Repayment,Debit,230908451,0,1.79951E+11,Access Bank,Review
08/02/2024,2024,2,Recurrent Expenditure Account,Payroll Payment,Debit,244347317,0,1.79706E+11,Zenith Bank,Normal
28/02/2024,2024,2,Treasury Single Account,Grant Receipt,Credit,0,509734454,1.80216E+11,Keystone Bank,Review
24/02/2024,2024,2,FAAC Account,Payroll Payment,Debit,191545557,0,1.80024E+11,Zenith Bank,Normal
13/02/2024,2024,2,IGR Collection Account,Project Payment,Debit,195556607,0,1.79829E+11,UBA,Normal
02/02/2024,2024,2,Recurrent Expenditure Account,Transfer to MDA,Debit,126946008,0,1.79702E+11,First Bank,Normal
09/02/2024,2024,2,FAAC Account,Refund Received,Credit,0,87191013,1.79789E+11,Zenith Bank,Normal
11/02/2024,2024,2,IGR Collection Account,Revenue Sweep from MDA,Credit,0,566243251,1.80355E+11,Keystone Bank,Review
11/02/2024,2024,2,Payroll Account,IGR Collection Remittance,Credit,0,588971710,1.80944E+11,Zenith Bank,Review
01/02/2024,2024,2,Recurrent Expenditure Account,Administrative Expense,Debit,123331008,0,1.80821E+11,Keystone Bank,Normal
13/02/2024,2024,2,IGR Collection Account,IGR Collection Remittance,Credit,0,223460697,1.81044E+11,GTBank,Normal
02/02/2024,2024,2,Recurrent Expenditure Account,Federal Allocation Receipt,Credit,0,164938075,1.81209E+11,Zenith Bank,Normal
01/02/2024,2024,2,Payroll Account,Federal Allocation Receipt,Credit,0,485562030,1.81695E+11,Keystone Bank,Review
09/02/2024,2024,2,Treasury Single Account,Bank Charges,Debit,165324498,0,1.8153E+11,GTBank,Review
22/02/2024,2024,2,Recurrent Expenditure Account,Transfer to MDA,Debit,52598887,0,1.81477E+11,UBA,Normal
10/02/2024,2024,2,Capital Project Account,IGR Collection Remittance,Credit,0,276726703,1.81754E+11,UBA,Review
01/02/2024,2024,2,Capital Project Account,Payroll Payment,Debit,307402664,0,1.81446E+11,Access Bank,Review
22/02/2024,2024,2,IGR Collection Account,Refund Received,Credit,0,365025725,1.81811E+11,GTBank,Review
08/02/2024,2024,2,Recurrent Expenditure Account,Federal Allocation Receipt,Credit,0,144790294,1.81956E+11,First Bank,Normal
23/02/2024,2024,2,Recurrent Expenditure Account,Payroll Payment,Debit,62153430,0,1.81894E+11,Zenith Bank,Normal
12/02/2024,2024,2,Payroll Account,Administrative Expense,Debit,294706721,0,1.81599E+11,Zenith Bank,Review
27/02/2024,2024,2,FAAC Account,Grant Receipt,Credit,0,496887185,1.82096E+11,GTBank,Review
21/02/2024,2024,2,FAAC Account,Contractor Payment,Debit,121903307,0,1.81974E+11,UBA,Normal
19/02/2024,2024,2,Recurrent Expenditure Account,Administrative Expense,Debit,79401764,0,1.81895E+11,Access Bank,Normal
28/02/2024,2024,2,IGR Collection Account,Payroll Payment,Debit,140459142,0,1.81754E+11,UBA,Normal
19/02/2024,2024,2,Recurrent Expenditure Account,Federal Allocation Receipt,Credit,0,130862793,1.81885E+11,GTBank,Normal
05/02/2024,2024,2,Capital Project Account,IGR Collection Remittance,Credit,0,231623144,1.82117E+11,Keystone Bank,Normal
25/02/2024,2024,2,Recurrent Expenditure Account,Federal Allocation Receipt,Credit,0,539426158,1.82656E+11,Keystone Bank,Review
27/02/2024,2024,2,Capital Project Account,Transfer to MDA,Debit,313226454,0,1.82343E+11,Keystone Bank,Review
22/02/2024,2024,2,Payroll Account,Loan Repayment,Debit,252131162,0,1.82091E+11,Keystone Bank,Review
11/02/2024,2024,2,Capital Project Account,Contractor Payment,Debit,65527681,0,1.82025E+11,Access Bank,Normal
16/02/2024,2024,2,Capital Project Account,Administrative Expense,Debit,76969502,0,1.81948E+11,GTBank,Normal
22/02/2024,2024,2,Treasury Single Account,Refund Received,Credit,0,472780882,1.82421E+11,GTBank,Review
01/02/2024,2024,2,Payroll Account,Project Payment,Debit,35170838,0,1.82386E+11,UBA,Normal
23/02/2024,2024,2,IGR Collection Account,Bank Charges,Debit,217752321,0,1.82168E+11,Keystone Bank,Review
07/02/2024,2024,2,Recurrent Expenditure Account,Transfer to MDA,Debit,45009947,0,1.82123E+11,Zenith Bank,Normal
28/02/2024,2024,2,FAAC Account,Refund Received,Credit,0,334549879,1.82458E+11,UBA,Review
19/02/2024,2024,2,Treasury Single Account,Transfer to MDA,Debit,317056629,0,1.82141E+11,UBA,Review
25/02/2024,2024,2,Capital Project Account,Federal Allocation Receipt,Credit,0,366454364,1.82507E+11,Keystone Bank,Review
06/02/2024,2024,2,FAAC Account,Grant Receipt,Credit,0,540184408,1.83047E+11,UBA,Review
17/02/2024,2024,2,Treasury Single Account,Project Payment,Debit,145200619,0,1.82902E+11,First Bank,Normal
22/02/2024,2024,2,FAAC Account,Federal Allocation Receipt,Credit,0,480244718,1.83382E+11,First Bank,Review
03/02/2024,2024,2,Recurrent Expenditure Account,Loan Repayment,Debit,345897499,0,1.83037E+11,Keystone Bank,Review
12/02/2024,2024,2,Treasury Single Account,IGR Collection Remittance,Credit,0,21043499,1.83058E+11,First Bank,Normal
19/02/2024,2024,2,Recurrent Expenditure Account,IGR Collection Remittance,Credit,0,488690721,1.83546E+11,Keystone Bank,Review
24/02/2024,2024,2,Recurrent Expenditure Account,Bank Charges,Debit,42080966,0,1.83504E+11,First Bank,Review
11/02/2024,2024,2,Recurrent Expenditure Account,Project Payment,Debit,335223013,0,1.83169E+11,GTBank,Review
03/02/2024,2024,2,IGR Collection Account,Transfer to MDA,Debit,24175492,0,1.83145E+11,Zenith Bank,Normal
03/02/2024,2024,2,Recurrent Expenditure Account,Bank Charges,Debit,43670903,0,1.83101E+11,Zenith Bank,Review
01/02/2024,2024,2,Recurrent Expenditure Account,Transfer to MDA,Debit,134172299,0,1.82967E+11,Zenith Bank,Normal
18/02/2024,2024,2,IGR Collection Account,Grant Receipt,Credit,0,264643240,1.83232E+11,Access Bank,Review
19/02/2024,2024,2,FAAC Account,Payroll Payment,Debit,220794719,0,1.83011E+11,Zenith Bank,Normal
25/02/2024,2024,2,Capital Project Account,IGR Collection Remittance,Credit,0,333750113,1.83345E+11,Access Bank,Review
15/02/2024,2024,2,Recurrent Expenditure Account,Refund Received,Credit,0,558495409,1.83903E+11,Keystone Bank,Review
07/02/2024,2024,2,Recurrent Expenditure Account,Contractor Payment,Debit,343248756,0,1.8356E+11,First Bank,Review
22/02/2024,2024,2,FAAC Account,IGR Collection Remittance,Credit,0,494337008,1.84054E+11,UBA,Review
28/02/2024,2024,2,Recurrent Expenditure Account,Revenue Sweep from MDA,Credit,0,587554346,1.84642E+11,First Bank,Review
04/02/2024,2024,2,Recurrent Expenditure Account,Loan Repayment,Debit,27539524,0,1.84614E+11,UBA,Review
19/02/2024,2024,2,Payroll Account,Transfer to MDA,Debit,91416051,0,1.84523E+11,Access Bank,Normal
02/02/2024,2024,2,Capital Project Account,Bank Charges,Debit,17176754,0,1.84506E+11,Zenith Bank,Review
22/02/2024,2024,2,Recurrent Expenditure Account,Refund Received,Credit,0,493084750,1.84999E+11,Access Bank,Review
21/02/2024,2024,2,Capital Project Account,Payroll Payment,Debit,318050576,0,1.84681E+11,Zenith Bank,Review
22/02/2024,2024,2,Payroll Account,Contractor Payment,Debit,24177834,0,1.84656E+11,Access Bank,Normal
14/02/2024,2024,2,Payroll Account,IGR Collection Remittance,Credit,0,399205196,1.85056E+11,Zenith Bank,Review
17/03/2024,2024,3,Recurrent Expenditure Account,IGR Collection Remittance,Credit,0,140627883,1.85196E+11,Access Bank,Normal
25/03/2024,2024,3,Treasury Single Account,Administrative Expense,Debit,77363933,0,1.85119E+11,Keystone Bank,Normal
20/03/2024,2024,3,Capital Project Account,Contractor Payment,Debit,213549980,0,1.84905E+11,Keystone Bank,Normal
12/03/2024,2024,3,FAAC Account,Administrative Expense,Debit,7963404,0,1.84897E+11,GTBank,Normal
07/03/2024,2024,3,IGR Collection Account,Grant Receipt,Credit,0,247581339,1.85145E+11,GTBank,Normal
23/03/2024,2024,3,FAAC Account,Revenue Sweep from MDA,Credit,0,199347993,1.85344E+11,Zenith Bank,Normal
28/03/2024,2024,3,Treasury Single Account,Payroll Payment,Debit,118398040,0,1.85226E+11,Keystone Bank,Normal
17/03/2024,2024,3,Recurrent Expenditure Account,Federal Allocation Receipt,Credit,0,121895356,1.85348E+11,UBA,Normal
24/03/2024,2024,3,Treasury Single Account,Bank Charges,Debit,193897082,0,1.85154E+11,First Bank,Review
09/03/2024,2024,3,IGR Collection Account,Federal Allocation Receipt,Credit,0,452686191,1.85607E+11,UBA,Review
14/03/2024,2024,3,FAAC Account,Loan Repayment,Debit,112681698,0,1.85494E+11,UBA,Review
23/03/2024,2024,3,Recurrent Expenditure Account,Revenue Sweep from MDA,Credit,0,491664528,1.85986E+11,Keystone Bank,Review
25/03/2024,2024,3,FAAC Account,Transfer to MDA,Debit,276097301,0,1.8571E+11,GTBank,Review
15/03/2024,2024,3,FAAC Account,Project Payment,Debit,287258170,0,1.85422E+11,Zenith Bank,Review
02/03/2024,2024,3,Payroll Account,Bank Charges,Debit,259988342,0,1.85162E+11,UBA,Review
28/03/2024,2024,3,Recurrent Expenditure Account,Transfer to MDA,Debit,300078141,0,1.84862E+11,First Bank,Review
09/03/2024,2024,3,Treasury Single Account,Administrative Expense,Debit,115443913,0,1.84747E+11,UBA,Normal
04/03/2024,2024,3,FAAC Account,Federal Allocation Receipt,Credit,0,491578083,1.85238E+11,Keystone Bank,Review
01/03/2024,2024,3,Treasury Single Account,Federal Allocation Receipt,Credit,0,338594086,1.85577E+11,UBA,Review
26/03/2024,2024,3,Capital Project Account,Revenue Sweep from MDA,Credit,0,83760242,1.85661E+11,GTBank,Normal
19/03/2024,2024,3,Payroll Account,Federal Allocation Receipt,Credit,0,212043231,1.85873E+11,Access Bank,Normal
09/03/2024,2024,3,Capital Project Account,Bank Charges,Debit,113804019,0,1.85759E+11,Zenith Bank,Review
07/03/2024,2024,3,FAAC Account,Transfer to MDA,Debit,319722683,0,1.85439E+11,UBA,Review
12/03/2024,2024,3,Capital Project Account,Administrative Expense,Debit,74337855,0,1.85365E+11,Access Bank,Normal
06/03/2024,2024,3,Treasury Single Account,Administrative Expense,Debit,257169277,0,1.85108E+11,GTBank,Review
16/03/2024,2024,3,Recurrent Expenditure Account,Contractor Payment,Debit,326433343,0,1.84781E+11,First Bank,Review
14/03/2024,2024,3,IGR Collection Account,IGR Collection Remittance,Credit,0,171425083,1.84953E+11,UBA,Normal
15/03/2024,2024,3,Payroll Account,Refund Received,Credit,0,184498560,1.85137E+11,Zenith Bank,Normal
23/03/2024,2024,3,Recurrent Expenditure Account,Bank Charges,Debit,318807530,0,1.84818E+11,UBA,Review
08/03/2024,2024,3,IGR Collection Account,IGR Collection Remittance,Credit,0,509385793,1.85328E+11,Keystone Bank,Review
27/03/2024,2024,3,FAAC Account,Payroll Payment,Debit,104318032,0,1.85223E+11,First Bank,Normal
04/03/2024,2024,3,Treasury Single Account,Grant Receipt,Credit,0,520326720,1.85744E+11,Keystone Bank,Review
07/03/2024,2024,3,FAAC Account,IGR Collection Remittance,Credit,0,571060204,1.86315E+11,Keystone Bank,Review
27/03/2024,2024,3,Recurrent Expenditure Account,Refund Received,Credit,0,401329141,1.86716E+11,Zenith Bank,Review
08/03/2024,2024,3,Capital Project Account,Bank Charges,Debit,23541141,0,1.86693E+11,First Bank,Review
08/03/2024,2024,3,Payroll Account,Bank Charges,Debit,19019777,0,1.86674E+11,Zenith Bank,Review
11/03/2024,2024,3,FAAC Account,Federal Allocation Receipt,Credit,0,475218464,1.87149E+11,First Bank,Review
17/03/2024,2024,3,IGR Collection Account,Grant Receipt,Credit,0,475606660,1.87624E+11,Keystone Bank,Review
21/03/2024,2024,3,Payroll Account,Payroll Payment,Debit,260919730,0,1.87364E+11,Keystone Bank,Review
07/03/2024,2024,3,Capital Project Account,Revenue Sweep from MDA,Credit,0,312338680,1.87676E+11,First Bank,Review
23/03/2024,2024,3,Capital Project Account,Bank Charges,Debit,339683630,0,1.87336E+11,Zenith Bank,Review
24/03/2024,2024,3,Capital Project Account,Revenue Sweep from MDA,Credit,0,307256449,1.87643E+11,GTBank,Review
21/03/2024,2024,3,FAAC Account,Federal Allocation Receipt,Credit,0,467268703,1.88111E+11,GTBank,Review
09/03/2024,2024,3,Treasury Single Account,Revenue Sweep from MDA,Credit,0,543506775,1.88654E+11,Access Bank,Review
05/03/2024,2024,3,Payroll Account,Transfer to MDA,Debit,74459872,0,1.8858E+11,GTBank,Normal
09/03/2024,2024,3,Capital Project Account,Administrative Expense,Debit,235928392,0,1.88344E+11,Access Bank,Normal
26/03/2024,2024,3,Treasury Single Account,IGR Collection Remittance,Credit,0,335171684,1.88679E+11,Zenith Bank,Review
05/03/2024,2024,3,Payroll Account,Refund Received,Credit,0,222838213,1.88902E+11,GTBank,Normal
14/03/2024,2024,3,Capital Project Account,IGR Collection Remittance,Credit,0,51388599,1.88953E+11,Zenith Bank,Normal
01/03/2024,2024,3,Capital Project Account,Payroll Payment,Debit,221180390,0,1.88732E+11,Zenith Bank,Normal
07/03/2024,2024,3,IGR Collection Account,Contractor Payment,Debit,182650291,0,1.88549E+11,Access Bank,Normal
11/03/2024,2024,3,Payroll Account,IGR Collection Remittance,Credit,0,47902123,1.88597E+11,First Bank,Normal
17/03/2024,2024,3,Treasury Single Account,Administrative Expense,Debit,65708191,0,1.88532E+11,Access Bank,Normal
11/03/2024,2024,3,IGR Collection Account,Contractor Payment,Debit,339560555,0,1.88192E+11,First Bank,Review
24/03/2024,2024,3,IGR Collection Account,Transfer to MDA,Debit,104652160,0,1.88087E+11,GTBank,Normal
18/03/2024,2024,3,Recurrent Expenditure Account,Loan Repayment,Debit,22027254,0,1.88065E+11,First Bank,Review
11/03/2024,2024,3,Capital Project Account,Administrative Expense,Debit,160645976,0,1.87905E+11,UBA,Normal
16/03/2024,2024,3,Treasury Single Account,Administrative Expense,Debit,41722497,0,1.87863E+11,Access Bank,Normal
15/03/2024,2024,3,Recurrent Expenditure Account,Contractor Payment,Debit,152511403,0,1.8771E+11,First Bank,Normal
14/03/2024,2024,3,IGR Collection Account,Loan Repayment,Debit,1477181,0,1.87709E+11,Access Bank,Review
08/03/2024,2024,3,Treasury Single Account,Loan Repayment,Debit,144923691,0,1.87564E+11,GTBank,Review
22/03/2024,2024,3,Treasury Single Account,Bank Charges,Debit,93606129,0,1.8747E+11,First Bank,Review
12/03/2024,2024,3,Capital Project Account,Loan Repayment,Debit,225589531,0,1.87245E+11,Access Bank,Review
08/03/2024,2024,3,Capital Project Account,Loan Repayment,Debit,248337879,0,1.86997E+11,UBA,Review
09/03/2024,2024,3,FAAC Account,Revenue Sweep from MDA,Credit,0,261784526,1.87258E+11,UBA,Review
18/03/2024,2024,3,Recurrent Expenditure Account,Revenue Sweep from MDA,Credit,0,318994820,1.87577E+11,First Bank,Review
28/03/2024,2024,3,Payroll Account,Transfer to MDA,Debit,300375829,0,1.87277E+11,Keystone Bank,Review
19/03/2024,2024,3,IGR Collection Account,Revenue Sweep from MDA,Credit,0,527302240,1.87804E+11,First Bank,Review
05/03/2024,2024,3,Capital Project Account,Revenue Sweep from MDA,Credit,0,371854747,1.88176E+11,UBA,Review
27/03/2024,2024,3,Capital Project Account,Contractor Payment,Debit,40372465,0,1.88136E+11,Access Bank,Normal
12/04/2024,2024,4,FAAC Account,Administrative Expense,Debit,99097515,0,1.88037E+11,Keystone Bank,Normal
16/04/2024,2024,4,Recurrent Expenditure Account,Grant Receipt,Credit,0,74508496,1.88111E+11,Access Bank,Normal
13/04/2024,2024,4,Payroll Account,Project Payment,Debit,151647838,0,1.87959E+11,Zenith Bank,Normal
02/04/2024,2024,4,Capital Project Account,IGR Collection Remittance,Credit,0,316840262,1.88276E+11,GTBank,Review
07/04/2024,2024,4,FAAC Account,IGR Collection Remittance,Credit,0,474080084,1.8875E+11,Access Bank,Review
20/04/2024,2024,4,Treasury Single Account,Administrative Expense,Debit,260224408,0,1.8849E+11,First Bank,Review
25/04/2024,2024,4,FAAC Account,Federal Allocation Receipt,Credit,0,288543242,1.88779E+11,Zenith Bank,Review
06/04/2024,2024,4,Capital Project Account,Federal Allocation Receipt,Credit,0,168936408,1.88948E+11,GTBank,Normal
18/04/2024,2024,4,FAAC Account,Loan Repayment,Debit,265537278,0,1.88682E+11,Keystone Bank,Review
28/04/2024,2024,4,Capital Project Account,Contractor Payment,Debit,276961396,0,1.88405E+11,GTBank,Review
26/04/2024,2024,4,FAAC Account,Grant Receipt,Credit,0,428362818,1.88834E+11,Keystone Bank,Review
21/04/2024,2024,4,Treasury Single Account,Revenue Sweep from MDA,Credit,0,132575531,1.88966E+11,Zenith Bank,Normal
10/04/2024,2024,4,IGR Collection Account,Refund Received,Credit,0,179967135,1.89146E+11,Access Bank,Normal
23/04/2024,2024,4,Payroll Account,Grant Receipt,Credit,0,416074864,1.89562E+11,GTBank,Review
14/04/2024,2024,4,FAAC Account,Transfer to MDA,Debit,261369452,0,1.89301E+11,Access Bank,Review
28/04/2024,2024,4,Capital Project Account,Grant Receipt,Credit,0,7753579,1.89309E+11,UBA,Normal
07/04/2024,2024,4,Recurrent Expenditure Account,Refund Received,Credit,0,146890821,1.89455E+11,Access Bank,Normal
04/04/2024,2024,4,Payroll Account,Refund Received,Credit,0,233691319,1.89689E+11,UBA,Normal
03/04/2024,2024,4,FAAC Account,Contractor Payment,Debit,22251770,0,1.89667E+11,Zenith Bank,Normal
02/04/2024,2024,4,FAAC Account,Bank Charges,Debit,198311252,0,1.89469E+11,Zenith Bank,Review
20/04/2024,2024,4,Recurrent Expenditure Account,Transfer to MDA,Debit,117472125,0,1.89351E+11,UBA,Normal
23/04/2024,2024,4,Payroll Account,IGR Collection Remittance,Credit,0,509398106,1.8986E+11,Access Bank,Review
18/04/2024,2024,4,Treasury Single Account,IGR Collection Remittance,Credit,0,528591867,1.90389E+11,UBA,Review
05/04/2024,2024,4,Recurrent Expenditure Account,Revenue Sweep from MDA,Credit,0,296941538,1.90686E+11,GTBank,Review
28/04/2024,2024,4,Capital Project Account,Loan Repayment,Debit,215160154,0,1.90471E+11,GTBank,Review
26/04/2024,2024,4,Treasury Single Account,IGR Collection Remittance,Credit,0,61583944,1.90532E+11,First Bank,Normal
05/04/2024,2024,4,Treasury Single Account,Loan Repayment,Debit,81443429,0,1.90451E+11,Zenith Bank,Review
21/04/2024,2024,4,FAAC Account,Revenue Sweep from MDA,Credit,0,235537943,1.90686E+11,Access Bank,Normal
27/04/2024,2024,4,IGR Collection Account,Revenue Sweep from MDA,Credit,0,582950395,1.91269E+11,Zenith Bank,Review
15/04/2024,2024,4,Recurrent Expenditure Account,Project Payment,Debit,217720150,0,1.91052E+11,Keystone Bank,Normal
03/04/2024,2024,4,Capital Project Account,Grant Receipt,Credit,0,211437545,1.91263E+11,Access Bank,Normal
19/04/2024,2024,4,IGR Collection Account,Transfer to MDA,Debit,16959073,0,1.91246E+11,GTBank,Normal
15/04/2024,2024,4,Treasury Single Account,Refund Received,Credit,0,203723569,1.9145E+11,First Bank,Normal
22/04/2024,2024,4,IGR Collection Account,Grant Receipt,Credit,0,296677881,1.91747E+11,Access Bank,Review
07/04/2024,2024,4,FAAC Account,Bank Charges,Debit,98758325,0,1.91648E+11,Access Bank,Review
13/04/2024,2024,4,FAAC Account,Payroll Payment,Debit,51652448,0,1.91596E+11,Access Bank,Normal
09/04/2024,2024,4,Treasury Single Account,Bank Charges,Debit,228046391,0,1.91368E+11,First Bank,Review
23/04/2024,2024,4,FAAC Account,Federal Allocation Receipt,Credit,0,69728814,1.91438E+11,Access Bank,Normal
13/04/2024,2024,4,Treasury Single Account,Federal Allocation Receipt,Credit,0,221867268,1.9166E+11,First Bank,Normal
12/04/2024,2024,4,Capital Project Account,IGR Collection Remittance,Credit,0,20852347,1.91681E+11,Zenith Bank,Normal
25/04/2024,2024,4,Treasury Single Account,Federal Allocation Receipt,Credit,0,150357662,1.91831E+11,GTBank,Normal
03/04/2024,2024,4,Treasury Single Account,Federal Allocation Receipt,Credit,0,239759640,1.92071E+11,GTBank,Normal
14/04/2024,2024,4,Payroll Account,Transfer to MDA,Debit,139459114,0,1.91931E+11,GTBank,Normal
18/04/2024,2024,4,Treasury Single Account,Payroll Payment,Debit,225285857,0,1.91706E+11,Access Bank,Normal
01/04/2024,2024,4,IGR Collection Account,Refund Received,Credit,0,509865422,1.92216E+11,Access Bank,Review
08/04/2024,2024,4,FAAC Account,Federal Allocation Receipt,Credit,0,433416484,1.92649E+11,Keystone Bank,Review
14/04/2024,2024,4,Recurrent Expenditure Account,Contractor Payment,Debit,206063219,0,1.92443E+11,Keystone Bank,Normal
17/04/2024,2024,4,Capital Project Account,Contractor Payment,Debit,51504747,0,1.92392E+11,First Bank,Normal
22/04/2024,2024,4,Capital Project Account,Federal Allocation Receipt,Credit,0,43494742,1.92435E+11,Keystone Bank,Normal
28/04/2024,2024,4,Capital Project Account,Grant Receipt,Credit,0,211022248,1.92646E+11,First Bank,Normal
27/04/2024,2024,4,Payroll Account,Revenue Sweep from MDA,Credit,0,44937657,1.92691E+11,Zenith Bank,Normal
03/04/2024,2024,4,Capital Project Account,Grant Receipt,Credit,0,214275779,1.92905E+11,GTBank,Normal
20/04/2024,2024,4,Payroll Account,Bank Charges,Debit,315386712,0,1.9259E+11,Keystone Bank,Review
22/04/2024,2024,4,Treasury Single Account,Payroll Payment,Debit,322644819,0,1.92267E+11,Keystone Bank,Review
06/04/2024,2024,4,Treasury Single Account,Transfer to MDA,Debit,289104167,0,1.91978E+11,Access Bank,Review
28/04/2024,2024,4,IGR Collection Account,Project Payment,Debit,175427766,0,1.91803E+11,GTBank,Normal
14/04/2024,2024,4,IGR Collection Account,Federal Allocation Receipt,Credit,0,115124576,1.91918E+11,GTBank,Normal
05/04/2024,2024,4,Recurrent Expenditure Account,Transfer to MDA,Debit,283751959,0,1.91634E+11,Zenith Bank,Review
23/04/2024,2024,4,FAAC Account,Project Payment,Debit,186127614,0,1.91448E+11,Zenith Bank,Normal
14/04/2024,2024,4,FAAC Account,Bank Charges,Debit,73280552,0,1.91375E+11,Access Bank,Review
16/04/2024,2024,4,Payroll Account,Federal Allocation Receipt,Credit,0,74689649,1.9145E+11,UBA,Normal
18/04/2024,2024,4,IGR Collection Account,Project Payment,Debit,242000266,0,1.91208E+11,Zenith Bank,Normal
02/04/2024,2024,4,Payroll Account,Grant Receipt,Credit,0,535580072,1.91743E+11,Access Bank,Review
19/04/2024,2024,4,Recurrent Expenditure Account,Grant Receipt,Credit,0,381026692,1.92124E+11,First Bank,Review
22/04/2024,2024,4,FAAC Account,Administrative Expense,Debit,121634229,0,1.92002E+11,Zenith Bank,Normal
20/04/2024,2024,4,FAAC Account,Refund Received,Credit,0,535915455,1.92538E+11,Access Bank,Review
07/04/2024,2024,4,Recurrent Expenditure Account,Contractor Payment,Debit,236289054,0,1.92302E+11,Access Bank,Normal
19/04/2024,2024,4,Payroll Account,Payroll Payment,Debit,321299871,0,1.91981E+11,Zenith Bank,Review
14/04/2024,2024,4,Treasury Single Account,Federal Allocation Receipt,Credit,0,336763048,1.92318E+11,UBA,Review
15/04/2024,2024,4,Recurrent Expenditure Account,IGR Collection Remittance,Credit,0,233015342,1.92551E+11,GTBank,Normal
14/05/2024,2024,5,Capital Project Account,Payroll Payment,Debit,182129500,0,1.92368E+11,Keystone Bank,Normal
04/05/2024,2024,5,Capital Project Account,Administrative Expense,Debit,167632782,0,1.92201E+11,Zenith Bank,Normal
06/05/2024,2024,5,Recurrent Expenditure Account,Refund Received,Credit,0,25043764,1.92226E+11,Access Bank,Normal
17/05/2024,2024,5,Capital Project Account,Revenue Sweep from MDA,Credit,0,551273187,1.92777E+11,GTBank,Review
02/05/2024,2024,5,Recurrent Expenditure Account,Contractor Payment,Debit,57560719,0,1.9272E+11,UBA,Normal
20/05/2024,2024,5,IGR Collection Account,Refund Received,Credit,0,9650290,1.92729E+11,Access Bank,Normal
21/05/2024,2024,5,Capital Project Account,Federal Allocation Receipt,Credit,0,551543123,1.93281E+11,Access Bank,Review
26/05/2024,2024,5,FAAC Account,Grant Receipt,Credit,0,12908024,1.93294E+11,Access Bank,Normal
19/05/2024,2024,5,Capital Project Account,Refund Received,Credit,0,379355034,1.93673E+11,Zenith Bank,Review
28/05/2024,2024,5,Recurrent Expenditure Account,IGR Collection Remittance,Credit,0,244900963,1.93918E+11,Keystone Bank,Normal
11/05/2024,2024,5,Capital Project Account,IGR Collection Remittance,Credit,0,458648507,1.94377E+11,First Bank,Review
11/05/2024,2024,5,IGR Collection Account,Loan Repayment,Debit,130523203,0,1.94246E+11,UBA,Review
08/05/2024,2024,5,Capital Project Account,Grant Receipt,Credit,0,126540944,1.94373E+11,UBA,Normal
22/05/2024,2024,5,Payroll Account,IGR Collection Remittance,Credit,0,391018616,1.94764E+11,First Bank,Review
23/05/2024,2024,5,FAAC Account,Payroll Payment,Debit,229114890,0,1.94535E+11,Keystone Bank,Normal
11/05/2024,2024,5,Capital Project Account,Revenue Sweep from MDA,Credit,0,50805220,1.94585E+11,Access Bank,Normal
13/05/2024,2024,5,Treasury Single Account,Loan Repayment,Debit,20443648,0,1.94565E+11,UBA,Review
03/05/2024,2024,5,Recurrent Expenditure Account,Federal Allocation Receipt,Credit,0,428815741,1.94994E+11,GTBank,Review
09/05/2024,2024,5,Capital Project Account,IGR Collection Remittance,Credit,0,592489564,1.95586E+11,First Bank,Review
19/05/2024,2024,5,Treasury Single Account,Administrative Expense,Debit,113841525,0,1.95472E+11,GTBank,Normal
19/05/2024,2024,5,Recurrent Expenditure Account,Administrative Expense,Debit,156958031,0,1.95315E+11,Access Bank,Normal
01/05/2024,2024,5,IGR Collection Account,Revenue Sweep from MDA,Credit,0,30525283,1.95346E+11,UBA,Normal
08/05/2024,2024,5,IGR Collection Account,IGR Collection Remittance,Credit,0,464037016,1.9581E+11,Access Bank,Review
06/05/2024,2024,5,Recurrent Expenditure Account,Federal Allocation Receipt,Credit,0,512499957,1.96322E+11,First Bank,Review
03/05/2024,2024,5,Treasury Single Account,Federal Allocation Receipt,Credit,0,504419734,1.96827E+11,Access Bank,Review
14/05/2024,2024,5,Recurrent Expenditure Account,Refund Received,Credit,0,410076663,1.97237E+11,Access Bank,Review
26/05/2024,2024,5,Capital Project Account,Project Payment,Debit,150707767,0,1.97086E+11,Zenith Bank,Normal
02/05/2024,2024,5,Capital Project Account,Administrative Expense,Debit,171498597,0,1.96915E+11,UBA,Normal
18/05/2024,2024,5,Recurrent Expenditure Account,Loan Repayment,Debit,190279091,0,1.96724E+11,GTBank,Review
11/05/2024,2024,5,Capital Project Account,Project Payment,Debit,316299174,0,1.96408E+11,GTBank,Review
09/05/2024,2024,5,Payroll Account,Revenue Sweep from MDA,Credit,0,172712154,1.96581E+11,Zenith Bank,Normal
25/05/2024,2024,5,FAAC Account,Grant Receipt,Credit,0,150274623,1.96731E+11,Keystone Bank,Normal
23/05/2024,2024,5,Payroll Account,IGR Collection Remittance,Credit,0,208042014,1.96939E+11,UBA,Normal
13/05/2024,2024,5,Payroll Account,Federal Allocation Receipt,Credit,0,181234953,1.9712E+11,UBA,Normal
06/05/2024,2024,5,Payroll Account,Grant Receipt,Credit,0,91989364,1.97212E+11,Keystone Bank,Normal
28/05/2024,2024,5,Payroll Account,Revenue Sweep from MDA,Credit,0,597923739,1.9781E+11,Access Bank,Review
17/05/2024,2024,5,FAAC Account,Revenue Sweep from MDA,Credit,0,424070503,1.98234E+11,UBA,Review
28/05/2024,2024,5,Payroll Account,Project Payment,Debit,283465512,0,1.97951E+11,Zenith Bank,Review
28/05/2024,2024,5,FAAC Account,Grant Receipt,Credit,0,48145826,1.97999E+11,First Bank,Normal
11/05/2024,2024,5,IGR Collection Account,Revenue Sweep from MDA,Credit,0,412199364,1.98411E+11,GTBank,Review
12/05/2024,2024,5,Capital Project Account,Grant Receipt,Credit,0,281342475,1.98693E+11,Keystone Bank,Review
11/05/2024,2024,5,IGR Collection Account,Refund Received,Credit,0,264171425,1.98957E+11,Keystone Bank,Review
16/05/2024,2024,5,FAAC Account,Project Payment,Debit,122933667,0,1.98834E+11,Access Bank,Normal
03/05/2024,2024,5,IGR Collection Account,IGR Collection Remittance,Credit,0,414026226,1.99248E+11,Keystone Bank,Review
01/05/2024,2024,5,Payroll Account,IGR Collection Remittance,Credit,0,68132401,1.99316E+11,First Bank,Normal
28/05/2024,2024,5,Capital Project Account,Revenue Sweep from MDA,Credit,0,328043475,1.99644E+11,UBA,Review
01/05/2024,2024,5,Capital Project Account,Grant Receipt,Credit,0,547681572,2.00192E+11,GTBank,Review
07/05/2024,2024,5,FAAC Account,Bank Charges,Debit,250079206,0,1.99942E+11,Access Bank,Review
26/05/2024,2024,5,Treasury Single Account,Payroll Payment,Debit,213400112,0,1.99728E+11,First Bank,Normal
06/05/2024,2024,5,Recurrent Expenditure Account,Refund Received,Credit,0,540431152,2.00269E+11,First Bank,Review
11/05/2024,2024,5,Payroll Account,Payroll Payment,Debit,35162892,0,2.00234E+11,Access Bank,Normal
16/05/2024,2024,5,Treasury Single Account,Contractor Payment,Debit,90248040,0,2.00143E+11,First Bank,Normal
01/05/2024,2024,5,IGR Collection Account,Refund Received,Credit,0,583905620,2.00727E+11,Access Bank,Review
08/05/2024,2024,5,Recurrent Expenditure Account,Loan Repayment,Debit,256071962,0,2.00471E+11,Access Bank,Review
26/05/2024,2024,5,IGR Collection Account,Bank Charges,Debit,105787271,0,2.00365E+11,UBA,Review
23/05/2024,2024,5,Treasury Single Account,Revenue Sweep from MDA,Credit,0,390207801,2.00756E+11,Zenith Bank,Review
08/05/2024,2024,5,Capital Project Account,Transfer to MDA,Debit,118124083,0,2.00637E+11,Access Bank,Normal
03/05/2024,2024,5,IGR Collection Account,Loan Repayment,Debit,217229697,0,2.0042E+11,Zenith Bank,Review
27/05/2024,2024,5,Recurrent Expenditure Account,Refund Received,Credit,0,388038937,2.00808E+11,GTBank,Review
01/05/2024,2024,5,Treasury Single Account,IGR Collection Remittance,Credit,0,188821660,2.00997E+11,Access Bank,Normal
06/05/2024,2024,5,IGR Collection Account,Project Payment,Debit,30935730,0,2.00966E+11,UBA,Normal
03/05/2024,2024,5,IGR Collection Account,Transfer to MDA,Debit,41216694,0,2.00925E+11,Zenith Bank,Normal
10/05/2024,2024,5,Recurrent Expenditure Account,Grant Receipt,Credit,0,401847805,2.01327E+11,Access Bank,Review
22/05/2024,2024,5,IGR Collection Account,Project Payment,Debit,110965153,0,2.01216E+11,Keystone Bank,Normal
17/05/2024,2024,5,Capital Project Account,Revenue Sweep from MDA,Credit,0,132097835,2.01348E+11,UBA,Normal
02/05/2024,2024,5,Treasury Single Account,Refund Received,Credit,0,471551892,2.01819E+11,Zenith Bank,Review
24/05/2024,2024,5,Recurrent Expenditure Account,Loan Repayment,Debit,151700901,0,2.01668E+11,Keystone Bank,Review
15/05/2024,2024,5,IGR Collection Account,Federal Allocation Receipt,Credit,0,83427464,2.01751E+11,Keystone Bank,Normal
05/05/2024,2024,5,FAAC Account,IGR Collection Remittance,Credit,0,250761492,2.02002E+11,Keystone Bank,Review
13/05/2024,2024,5,Recurrent Expenditure Account,Administrative Expense,Debit,2540013,0,2.01999E+11,UBA,Normal
20/06/2024,2024,6,Payroll Account,Federal Allocation Receipt,Credit,0,316326165,2.02316E+11,Zenith Bank,Review
24/06/2024,2024,6,Treasury Single Account,Refund Received,Credit,0,27725917,2.02343E+11,First Bank,Normal
03/06/2024,2024,6,IGR Collection Account,Payroll Payment,Debit,123980156,0,2.02219E+11,Keystone Bank,Normal
20/06/2024,2024,6,FAAC Account,Revenue Sweep from MDA,Credit,0,210997163,2.0243E+11,First Bank,Normal
15/06/2024,2024,6,Treasury Single Account,Revenue Sweep from MDA,Credit,0,508241823,2.02939E+11,Zenith Bank,Review
17/06/2024,2024,6,FAAC Account,IGR Collection Remittance,Credit,0,309548580,2.03248E+11,First Bank,Review
07/06/2024,2024,6,Capital Project Account,Refund Received,Credit,0,385863771,2.03634E+11,GTBank,Review
04/06/2024,2024,6,Treasury Single Account,Payroll Payment,Debit,172165828,0,2.03462E+11,Zenith Bank,Normal
14/06/2024,2024,6,Recurrent Expenditure Account,Contractor Payment,Debit,121310704,0,2.03341E+11,Access Bank,Normal
12/06/2024,2024,6,Recurrent Expenditure Account,Administrative Expense,Debit,29095874,0,2.03312E+11,Zenith Bank,Normal
02/06/2024,2024,6,IGR Collection Account,Grant Receipt,Credit,0,114349925,2.03426E+11,Keystone Bank,Normal
12/06/2024,2024,6,Treasury Single Account,Bank Charges,Debit,257291316,0,2.03169E+11,Access Bank,Review
02/06/2024,2024,6,FAAC Account,Refund Received,Credit,0,354371527,2.03523E+11,Zenith Bank,Review
06/06/2024,2024,6,Treasury Single Account,Federal Allocation Receipt,Credit,0,235263207,2.03758E+11,Keystone Bank,Normal
17/06/2024,2024,6,FAAC Account,Administrative Expense,Debit,112234466,0,2.03646E+11,GTBank,Normal
12/06/2024,2024,6,Recurrent Expenditure Account,Revenue Sweep from MDA,Credit,0,107659902,2.03754E+11,Access Bank,Normal
12/06/2024,2024,6,Recurrent Expenditure Account,Project Payment,Debit,267547352,0,2.03486E+11,UBA,Review
06/06/2024,2024,6,Payroll Account,Bank Charges,Debit,36314566,0,2.0345E+11,UBA,Review
09/06/2024,2024,6,Capital Project Account,Refund Received,Credit,0,358975401,2.03809E+11,Keystone Bank,Review
14/06/2024,2024,6,FAAC Account,Federal Allocation Receipt,Credit,0,395689131,2.04204E+11,Access Bank,Review
14/06/2024,2024,6,Capital Project Account,Administrative Expense,Debit,85149106,0,2.04119E+11,First Bank,Normal
01/06/2024,2024,6,Payroll Account,Payroll Payment,Debit,287395370,0,2.03832E+11,GTBank,Review
28/06/2024,2024,6,Treasury Single Account,Loan Repayment,Debit,191601246,0,2.0364E+11,UBA,Review
10/06/2024,2024,6,Treasury Single Account,Payroll Payment,Debit,263697407,0,2.03377E+11,Access Bank,Review
14/06/2024,2024,6,IGR Collection Account,Revenue Sweep from MDA,Credit,0,184494623,2.03561E+11,Zenith Bank,Normal
08/06/2024,2024,6,Payroll Account,Payroll Payment,Debit,101816279,0,2.03459E+11,Zenith Bank,Normal
20/06/2024,2024,6,Payroll Account,Revenue Sweep from MDA,Credit,0,590766076,2.0405E+11,Access Bank,Review
12/06/2024,2024,6,Treasury Single Account,Revenue Sweep from MDA,Credit,0,500549252,2.04551E+11,GTBank,Review
05/06/2024,2024,6,Treasury Single Account,Refund Received,Credit,0,26572658,2.04577E+11,First Bank,Normal
21/06/2024,2024,6,IGR Collection Account,Administrative Expense,Debit,98427607,0,2.04479E+11,Zenith Bank,Normal
07/06/2024,2024,6,IGR Collection Account,Contractor Payment,Debit,208484002,0,2.0427E+11,GTBank,Normal
05/06/2024,2024,6,Recurrent Expenditure Account,Refund Received,Credit,0,295886498,2.04566E+11,Access Bank,Review
03/06/2024,2024,6,Recurrent Expenditure Account,Loan Repayment,Debit,165791612,0,2.044E+11,First Bank,Review
23/06/2024,2024,6,IGR Collection Account,Administrative Expense,Debit,57159810,0,2.04343E+11,GTBank,Normal
23/06/2024,2024,6,Recurrent Expenditure Account,Revenue Sweep from MDA,Credit,0,347004413,2.0469E+11,Access Bank,Review
15/06/2024,2024,6,Recurrent Expenditure Account,Project Payment,Debit,198614044,0,2.04492E+11,Keystone Bank,Normal
01/06/2024,2024,6,Payroll Account,Bank Charges,Debit,214066177,0,2.04278E+11,GTBank,Review
07/06/2024,2024,6,Payroll Account,Administrative Expense,Debit,160272587,0,2.04117E+11,UBA,Normal
23/06/2024,2024,6,Capital Project Account,Grant Receipt,Credit,0,353068377,2.0447E+11,Keystone Bank,Review
13/06/2024,2024,6,Treasury Single Account,Grant Receipt,Credit,0,383461658,2.04854E+11,UBA,Review
18/06/2024,2024,6,Payroll Account,Federal Allocation Receipt,Credit,0,407796713,2.05262E+11,Zenith Bank,Review
21/06/2024,2024,6,Capital Project Account,Bank Charges,Debit,106296588,0,2.05155E+11,First Bank,Review
15/06/2024,2024,6,Payroll Account,Loan Repayment,Debit,156335843,0,2.04999E+11,Zenith Bank,Review
16/06/2024,2024,6,FAAC Account,IGR Collection Remittance,Credit,0,231182499,2.0523E+11,Zenith Bank,Normal
25/06/2024,2024,6,IGR Collection Account,Transfer to MDA,Debit,45123273,0,2.05185E+11,First Bank,Normal
22/06/2024,2024,6,Capital Project Account,Loan Repayment,Debit,261139423,0,2.04924E+11,First Bank,Review
04/06/2024,2024,6,Treasury Single Account,Transfer to MDA,Debit,5661293,0,2.04918E+11,First Bank,Normal
18/06/2024,2024,6,FAAC Account,Refund Received,Credit,0,376078467,2.05294E+11,First Bank,Review
21/06/2024,2024,6,Payroll Account,Project Payment,Debit,202520058,0,2.05092E+11,Access Bank,Normal
04/06/2024,2024,6,Payroll Account,Federal Allocation Receipt,Credit,0,262339712,2.05354E+11,UBA,Review
18/06/2024,2024,6,Capital Project Account,Transfer to MDA,Debit,342541059,0,2.05012E+11,UBA,Review
06/06/2024,2024,6,Recurrent Expenditure Account,Bank Charges,Debit,273518659,0,2.04738E+11,Zenith Bank,Review
26/06/2024,2024,6,Treasury Single Account,Project Payment,Debit,31775314,0,2.04706E+11,UBA,Normal
24/06/2024,2024,6,Capital Project Account,Federal Allocation Receipt,Credit,0,384059953,2.0509E+11,Zenith Bank,Review
23/06/2024,2024,6,Treasury Single Account,Federal Allocation Receipt,Credit,0,263696970,2.05354E+11,Keystone Bank,Review
22/06/2024,2024,6,Treasury Single Account,Revenue Sweep from MDA,Credit,0,401731648,2.05756E+11,First Bank,Review
15/06/2024,2024,6,Payroll Account,Contractor Payment,Debit,65996878,0,2.0569E+11,Access Bank,Normal
26/06/2024,2024,6,IGR Collection Account,Bank Charges,Debit,154761765,0,2.05535E+11,GTBank,Review
05/06/2024,2024,6,Capital Project Account,Loan Repayment,Debit,48099749,0,2.05487E+11,Zenith Bank,Review
07/06/2024,2024,6,Capital Project Account,Project Payment,Debit,326446247,0,2.0516E+11,First Bank,Review
22/06/2024,2024,6,Payroll Account,Administrative Expense,Debit,55993638,0,2.05104E+11,UBA,Normal
07/06/2024,2024,6,IGR Collection Account,Contractor Payment,Debit,245344989,0,2.04859E+11,First Bank,Normal
15/06/2024,2024,6,Treasury Single Account,Contractor Payment,Debit,249247699,0,2.0461E+11,Zenith Bank,Normal
19/06/2024,2024,6,Payroll Account,Revenue Sweep from MDA,Credit,0,595121664,2.05205E+11,Zenith Bank,Review
15/06/2024,2024,6,Payroll Account,Contractor Payment,Debit,210309187,0,2.04995E+11,Keystone Bank,Normal
04/06/2024,2024,6,Recurrent Expenditure Account,IGR Collection Remittance,Credit,0,498058791,2.05493E+11,GTBank,Review
12/06/2024,2024,6,Recurrent Expenditure Account,Federal Allocation Receipt,Credit,0,141287463,2.05634E+11,First Bank,Normal
13/06/2024,2024,6,FAAC Account,IGR Collection Remittance,Credit,0,323859340,2.05958E+11,UBA,Review
08/06/2024,2024,6,Treasury Single Account,Payroll Payment,Debit,150615566,0,2.05807E+11,UBA,Normal
04/06/2024,2024,6,Treasury Single Account,Revenue Sweep from MDA,Credit,0,551180511,2.06358E+11,UBA,Review
03/07/2024,2024,7,Payroll Account,Federal Allocation Receipt,Credit,0,217412690,2.06576E+11,UBA,Normal
06/07/2024,2024,7,IGR Collection Account,Revenue Sweep from MDA,Credit,0,332875947,2.06909E+11,GTBank,Review
16/07/2024,2024,7,Payroll Account,IGR Collection Remittance,Credit,0,512054389,2.07421E+11,GTBank,Review
16/07/2024,2024,7,Payroll Account,IGR Collection Remittance,Credit,0,553811504,2.07975E+11,Zenith Bank,Review
21/07/2024,2024,7,Recurrent Expenditure Account,Revenue Sweep from MDA,Credit,0,594136551,2.08569E+11,Zenith Bank,Review
13/07/2024,2024,7,IGR Collection Account,Transfer to MDA,Debit,250531503,0,2.08318E+11,GTBank,Review
05/07/2024,2024,7,IGR Collection Account,Transfer to MDA,Debit,257998340,0,2.0806E+11,Zenith Bank,Review
06/07/2024,2024,7,Treasury Single Account,Loan Repayment,Debit,36597164,0,2.08024E+11,Keystone Bank,Review
22/07/2024,2024,7,Capital Project Account,Project Payment,Debit,80809242,0,2.07943E+11,Keystone Bank,Normal
21/07/2024,2024,7,Recurrent Expenditure Account,Revenue Sweep from MDA,Credit,0,526141367,2.08469E+11,UBA,Review
24/07/2024,2024,7,Recurrent Expenditure Account,Administrative Expense,Debit,220692655,0,2.08248E+11,Keystone Bank,Normal
02/07/2024,2024,7,Payroll Account,Grant Receipt,Credit,0,466480891,2.08715E+11,GTBank,Review
23/07/2024,2024,7,FAAC Account,Payroll Payment,Debit,6363864,0,2.08708E+11,Access Bank,Normal
05/07/2024,2024,7,Recurrent Expenditure Account,Contractor Payment,Debit,256039887,0,2.08452E+11,Keystone Bank,Review
11/07/2024,2024,7,FAAC Account,Refund Received,Credit,0,442335153,2.08895E+11,UBA,Review
27/07/2024,2024,7,Capital Project Account,Contractor Payment,Debit,166136520,0,2.08729E+11,Access Bank,Normal
27/07/2024,2024,7,IGR Collection Account,Federal Allocation Receipt,Credit,0,316448980,2.09045E+11,UBA,Review
17/07/2024,2024,7,FAAC Account,Project Payment,Debit,311605409,0,2.08733E+11,UBA,Review
20/07/2024,2024,7,Capital Project Account,Payroll Payment,Debit,103579105,0,2.0863E+11,UBA,Normal
20/07/2024,2024,7,IGR Collection Account,Federal Allocation Receipt,Credit,0,236564016,2.08866E+11,Zenith Bank,Normal
10/07/2024,2024,7,Capital Project Account,Contractor Payment,Debit,186209226,0,2.0868E+11,Access Bank,Normal
07/07/2024,2024,7,Recurrent Expenditure Account,Transfer to MDA,Debit,235793470,0,2.08444E+11,GTBank,Normal
21/07/2024,2024,7,IGR Collection Account,Revenue Sweep from MDA,Credit,0,146960939,2.08591E+11,UBA,Normal
21/07/2024,2024,7,Treasury Single Account,Refund Received,Credit,0,564145766,2.09155E+11,UBA,Review
06/07/2024,2024,7,Capital Project Account,Loan Repayment,Debit,282037492,0,2.08873E+11,Keystone Bank,Review
18/07/2024,2024,7,Treasury Single Account,Refund Received,Credit,0,531292985,2.09405E+11,Keystone Bank,Review
08/07/2024,2024,7,IGR Collection Account,Revenue Sweep from MDA,Credit,0,131529622,2.09536E+11,Keystone Bank,Normal
08/07/2024,2024,7,Capital Project Account,Federal Allocation Receipt,Credit,0,12112096,2.09548E+11,Keystone Bank,Normal
05/07/2024,2024,7,FAAC Account,Federal Allocation Receipt,Credit,0,460202032,2.10009E+11,GTBank,Review
04/07/2024,2024,7,Payroll Account,Contractor Payment,Debit,182753151,0,2.09826E+11,UBA,Normal
11/07/2024,2024,7,FAAC Account,IGR Collection Remittance,Credit,0,179515308,2.10005E+11,First Bank,Normal
24/07/2024,2024,7,FAAC Account,Refund Received,Credit,0,494862827,2.105E+11,First Bank,Review
16/07/2024,2024,7,Capital Project Account,Refund Received,Credit,0,404702356,2.10905E+11,GTBank,Review
08/07/2024,2024,7,IGR Collection Account,Grant Receipt,Credit,0,561513361,2.11466E+11,Keystone Bank,Review
20/07/2024,2024,7,Recurrent Expenditure Account,Transfer to MDA,Debit,31886214,0,2.11435E+11,GTBank,Normal
17/07/2024,2024,7,Payroll Account,Refund Received,Credit,0,389756148,2.11824E+11,Access Bank,Review
02/07/2024,2024,7,Payroll Account,Federal Allocation Receipt,Credit,0,36205053,2.1186E+11,Keystone Bank,Normal
01/07/2024,2024,7,Recurrent Expenditure Account,Refund Received,Credit,0,89016956,2.11949E+11,GTBank,Normal
24/07/2024,2024,7,Capital Project Account,Federal Allocation Receipt,Credit,0,543036011,2.12493E+11,GTBank,Review
24/07/2024,2024,7,Payroll Account,Administrative Expense,Debit,131964714,0,2.12361E+11,Keystone Bank,Normal
20/07/2024,2024,7,IGR Collection Account,Revenue Sweep from MDA,Credit,0,380947990,2.12741E+11,UBA,Review
28/07/2024,2024,7,Capital Project Account,IGR Collection Remittance,Credit,0,451780908,2.13193E+11,Access Bank,Review
07/07/2024,2024,7,Recurrent Expenditure Account,IGR Collection Remittance,Credit,0,327942441,2.13521E+11,Zenith Bank,Review
14/07/2024,2024,7,FAAC Account,Grant Receipt,Credit,0,348839742,2.1387E+11,GTBank,Review
05/07/2024,2024,7,Treasury Single Account,Federal Allocation Receipt,Credit,0,525865495,2.14396E+11,Zenith Bank,Review
28/07/2024,2024,7,Recurrent Expenditure Account,Project Payment,Debit,31206554,0,2.14365E+11,Zenith Bank,Normal
07/07/2024,2024,7,FAAC Account,Federal Allocation Receipt,Credit,0,272032007,2.14637E+11,UBA,Review
25/07/2024,2024,7,IGR Collection Account,Payroll Payment,Debit,181119202,0,2.14456E+11,Keystone Bank,Normal
05/07/2024,2024,7,Recurrent Expenditure Account,Contractor Payment,Debit,90634155,0,2.14365E+11,GTBank,Normal
21/07/2024,2024,7,IGR Collection Account,Project Payment,Debit,142550327,0,2.14222E+11,First Bank,Normal
18/07/2024,2024,7,Payroll Account,Project Payment,Debit,225334237,0,2.13997E+11,Keystone Bank,Normal
13/07/2024,2024,7,IGR Collection Account,Grant Receipt,Credit,0,472952248,2.1447E+11,GTBank,Review
01/07/2024,2024,7,IGR Collection Account,Payroll Payment,Debit,187284389,0,2.14283E+11,Access Bank,Normal
03/07/2024,2024,7,IGR Collection Account,Revenue Sweep from MDA,Credit,0,265174004,2.14548E+11,GTBank,Review
08/07/2024,2024,7,FAAC Account,Grant Receipt,Credit,0,165529298,2.14713E+11,Zenith Bank,Normal
11/07/2024,2024,7,Capital Project Account,Federal Allocation Receipt,Credit,0,444375429,2.15158E+11,Keystone Bank,Review
22/07/2024,2024,7,IGR Collection Account,Refund Received,Credit,0,404649264,2.15563E+11,Zenith Bank,Review
11/07/2024,2024,7,FAAC Account,IGR Collection Remittance,Credit,0,300247656,2.15863E+11,Keystone Bank,Review
02/07/2024,2024,7,Payroll Account,Transfer to MDA,Debit,241438990,0,2.15621E+11,Zenith Bank,Normal
21/07/2024,2024,7,Treasury Single Account,Grant Receipt,Credit,0,65640880,2.15687E+11,Access Bank,Normal
02/07/2024,2024,7,Payroll Account,Federal Allocation Receipt,Credit,0,215003886,2.15902E+11,Access Bank,Normal
08/07/2024,2024,7,FAAC Account,IGR Collection Remittance,Credit,0,432422898,2.16334E+11,Keystone Bank,Review
22/07/2024,2024,7,Capital Project Account,Refund Received,Credit,0,478375021,2.16813E+11,Keystone Bank,Review
28/07/2024,2024,7,Payroll Account,Project Payment,Debit,94503868,0,2.16718E+11,UBA,Normal
15/07/2024,2024,7,Treasury Single Account,Bank Charges,Debit,98288242,0,2.1662E+11,Keystone Bank,Review
08/07/2024,2024,7,Recurrent Expenditure Account,Loan Repayment,Debit,3906847,0,2.16616E+11,Zenith Bank,Review
23/07/2024,2024,7,FAAC Account,Refund Received,Credit,0,155385632,2.16771E+11,First Bank,Normal
27/07/2024,2024,7,FAAC Account,Grant Receipt,Credit,0,455925090,2.17227E+11,Access Bank,Review
19/07/2024,2024,7,IGR Collection Account,Grant Receipt,Credit,0,510105150,2.17737E+11,First Bank,Review
24/07/2024,2024,7,Payroll Account,Administrative Expense,Debit,7534306,0,2.1773E+11,GTBank,Normal
22/08/2024,2024,8,Recurrent Expenditure Account,Refund Received,Credit,0,395558665,2.18126E+11,Access Bank,Review
03/08/2024,2024,8,IGR Collection Account,Bank Charges,Debit,143823994,0,2.17982E+11,First Bank,Review
02/08/2024,2024,8,Recurrent Expenditure Account,Federal Allocation Receipt,Credit,0,33217813,2.18015E+11,First Bank,Normal
04/08/2024,2024,8,Recurrent Expenditure Account,Administrative Expense,Debit,208663711,0,2.17806E+11,Access Bank,Normal
01/08/2024,2024,8,IGR Collection Account,IGR Collection Remittance,Credit,0,584889397,2.18391E+11,Access Bank,Review
16/08/2024,2024,8,Payroll Account,Transfer to MDA,Debit,212574739,0,2.18179E+11,GTBank,Normal
21/08/2024,2024,8,Recurrent Expenditure Account,Federal Allocation Receipt,Credit,0,213999797,2.18393E+11,GTBank,Normal
07/08/2024,2024,8,Recurrent Expenditure Account,Payroll Payment,Debit,147909677,0,2.18245E+11,Keystone Bank,Normal
27/08/2024,2024,8,FAAC Account,Loan Repayment,Debit,138125544,0,2.18107E+11,First Bank,Review
05/08/2024,2024,8,Payroll Account,Payroll Payment,Debit,272357259,0,2.17834E+11,First Bank,Review
11/08/2024,2024,8,Payroll Account,Refund Received,Credit,0,97608117,2.17932E+11,Access Bank,Normal
13/08/2024,2024,8,IGR Collection Account,Refund Received,Credit,0,380724952,2.18312E+11,Access Bank,Review
15/08/2024,2024,8,Payroll Account,Contractor Payment,Debit,288798979,0,2.18024E+11,GTBank,Review
11/08/2024,2024,8,FAAC Account,Federal Allocation Receipt,Credit,0,130363310,2.18154E+11,Access Bank,Normal
09/08/2024,2024,8,Payroll Account,Payroll Payment,Debit,223697473,0,2.1793E+11,First Bank,Normal
23/08/2024,2024,8,FAAC Account,Federal Allocation Receipt,Credit,0,63270413,2.17994E+11,Access Bank,Normal
18/08/2024,2024,8,FAAC Account,Bank Charges,Debit,236618478,0,2.17757E+11,GTBank,Review
02/08/2024,2024,8,Treasury Single Account,Project Payment,Debit,175880862,0,2.17581E+11,First Bank,Normal
25/08/2024,2024,8,IGR Collection Account,Contractor Payment,Debit,116410431,0,2.17465E+11,UBA,Normal
10/08/2024,2024,8,Treasury Single Account,Contractor Payment,Debit,193680537,0,2.17271E+11,First Bank,Normal
01/08/2024,2024,8,IGR Collection Account,Transfer to MDA,Debit,122766776,0,2.17148E+11,Keystone Bank,Normal
25/08/2024,2024,8,Payroll Account,Project Payment,Debit,80070976,0,2.17068E+11,First Bank,Normal
03/08/2024,2024,8,Treasury Single Account,Grant Receipt,Credit,0,317210798,2.17385E+11,Keystone Bank,Review
22/08/2024,2024,8,Payroll Account,Transfer to MDA,Debit,13574325,0,2.17372E+11,Access Bank,Normal
16/08/2024,2024,8,FAAC Account,Transfer to MDA,Debit,245777526,0,2.17126E+11,Access Bank,Normal
14/08/2024,2024,8,IGR Collection Account,Payroll Payment,Debit,41439519,0,2.17085E+11,Access Bank,Normal
28/08/2024,2024,8,Payroll Account,Project Payment,Debit,183807082,0,2.16901E+11,Zenith Bank,Normal
26/08/2024,2024,8,FAAC Account,Bank Charges,Debit,243163055,0,2.16658E+11,Keystone Bank,Review
18/08/2024,2024,8,FAAC Account,Transfer to MDA,Debit,56408736,0,2.16601E+11,Keystone Bank,Normal
09/08/2024,2024,8,Recurrent Expenditure Account,IGR Collection Remittance,Credit,0,346917697,2.16948E+11,Keystone Bank,Review
22/08/2024,2024,8,Treasury Single Account,Grant Receipt,Credit,0,533067326,2.17481E+11,Zenith Bank,Review
27/08/2024,2024,8,Payroll Account,Refund Received,Credit,0,394598265,2.17876E+11,First Bank,Review
08/08/2024,2024,8,Payroll Account,IGR Collection Remittance,Credit,0,293384932,2.18169E+11,Keystone Bank,Review
09/08/2024,2024,8,Capital Project Account,Federal Allocation Receipt,Credit,0,319482113,2.18489E+11,UBA,Review
15/08/2024,2024,8,Capital Project Account,Transfer to MDA,Debit,82068105,0,2.18407E+11,Zenith Bank,Normal
07/08/2024,2024,8,Recurrent Expenditure Account,IGR Collection Remittance,Credit,0,187507557,2.18594E+11,First Bank,Normal
16/08/2024,2024,8,FAAC Account,Refund Received,Credit,0,443831208,2.19038E+11,Keystone Bank,Review
20/08/2024,2024,8,Capital Project Account,Revenue Sweep from MDA,Credit,0,514694877,2.19553E+11,UBA,Review
21/08/2024,2024,8,FAAC Account,Revenue Sweep from MDA,Credit,0,498591073,2.20051E+11,Keystone Bank,Review
20/08/2024,2024,8,Recurrent Expenditure Account,Contractor Payment,Debit,72207611,0,2.19979E+11,GTBank,Normal
17/08/2024,2024,8,Capital Project Account,Revenue Sweep from MDA,Credit,0,23717625,2.20003E+11,UBA,Normal
27/08/2024,2024,8,FAAC Account,Federal Allocation Receipt,Credit,0,130580023,2.20133E+11,Keystone Bank,Normal
01/08/2024,2024,8,Recurrent Expenditure Account,Grant Receipt,Credit,0,52348039,2.20186E+11,Keystone Bank,Normal
06/08/2024,2024,8,IGR Collection Account,Revenue Sweep from MDA,Credit,0,21291464,2.20207E+11,Keystone Bank,Normal
01/08/2024,2024,8,FAAC Account,Grant Receipt,Credit,0,356713128,2.20564E+11,UBA,Review
01/08/2024,2024,8,FAAC Account,Grant Receipt,Credit,0,414414124,2.20978E+11,Keystone Bank,Review
14/08/2024,2024,8,Capital Project Account,IGR Collection Remittance,Credit,0,204584420,2.21183E+11,Zenith Bank,Normal
09/08/2024,2024,8,FAAC Account,Federal Allocation Receipt,Credit,0,502896641,2.21686E+11,UBA,Review
24/08/2024,2024,8,IGR Collection Account,Transfer to MDA,Debit,190204854,0,2.21495E+11,Zenith Bank,Normal
14/08/2024,2024,8,IGR Collection Account,Refund Received,Credit,0,127471700,2.21623E+11,UBA,Normal
07/08/2024,2024,8,Treasury Single Account,Grant Receipt,Credit,0,89977926,2.21713E+11,Access Bank,Normal
23/08/2024,2024,8,Capital Project Account,Contractor Payment,Debit,127835652,0,2.21585E+11,GTBank,Normal
27/08/2024,2024,8,Treasury Single Account,Contractor Payment,Debit,118180601,0,2.21467E+11,Keystone Bank,Normal
26/08/2024,2024,8,Capital Project Account,Administrative Expense,Debit,75681421,0,2.21391E+11,First Bank,Normal
02/08/2024,2024,8,Payroll Account,Project Payment,Debit,190966488,0,2.212E+11,First Bank,Normal
01/08/2024,2024,8,Capital Project Account,Contractor Payment,Debit,264947702,0,2.20935E+11,First Bank,Review
28/08/2024,2024,8,Recurrent Expenditure Account,Project Payment,Debit,284988884,0,2.2065E+11,Zenith Bank,Review
08/08/2024,2024,8,Capital Project Account,Payroll Payment,Debit,191979796,0,2.20458E+11,UBA,Normal
04/08/2024,2024,8,Recurrent Expenditure Account,Project Payment,Debit,234982902,0,2.20223E+11,First Bank,Normal
15/08/2024,2024,8,Capital Project Account,IGR Collection Remittance,Credit,0,198694684,2.20422E+11,GTBank,Normal
27/08/2024,2024,8,FAAC Account,Grant Receipt,Credit,0,357367867,2.20779E+11,UBA,Review
26/08/2024,2024,8,FAAC Account,IGR Collection Remittance,Credit,0,523281032,2.21303E+11,UBA,Review
21/08/2024,2024,8,Capital Project Account,Administrative Expense,Debit,72097669,0,2.21231E+11,Access Bank,Normal
02/08/2024,2024,8,Recurrent Expenditure Account,IGR Collection Remittance,Credit,0,410521551,2.21641E+11,Zenith Bank,Review
24/08/2024,2024,8,IGR Collection Account,Payroll Payment,Debit,133313542,0,2.21508E+11,Keystone Bank,Normal
25/08/2024,2024,8,Payroll Account,Project Payment,Debit,227896446,0,2.2128E+11,Access Bank,Normal
20/08/2024,2024,8,Treasury Single Account,Contractor Payment,Debit,202065974,0,2.21078E+11,Access Bank,Normal
24/08/2024,2024,8,Payroll Account,Contractor Payment,Debit,88708959,0,2.20989E+11,Zenith Bank,Normal
24/08/2024,2024,8,Recurrent Expenditure Account,Loan Repayment,Debit,293600508,0,2.20695E+11,First Bank,Review
11/08/2024,2024,8,Recurrent Expenditure Account,Project Payment,Debit,79000989,0,2.20616E+11,First Bank,Normal
15/09/2024,2024,9,IGR Collection Account,Transfer to MDA,Debit,253316992,0,2.20363E+11,First Bank,Review
19/09/2024,2024,9,IGR Collection Account,Federal Allocation Receipt,Credit,0,55891682,2.20419E+11,GTBank,Normal
25/09/2024,2024,9,Treasury Single Account,Transfer to MDA,Debit,95419174,0,2.20324E+11,UBA,Normal
22/09/2024,2024,9,Capital Project Account,Transfer to MDA,Debit,307849161,0,2.20016E+11,Zenith Bank,Review
28/09/2024,2024,9,Recurrent Expenditure Account,Revenue Sweep from MDA,Credit,0,350640034,2.20366E+11,Access Bank,Review
01/09/2024,2024,9,Recurrent Expenditure Account,Loan Repayment,Debit,119534933,0,2.20247E+11,UBA,Review
15/09/2024,2024,9,FAAC Account,Loan Repayment,Debit,138431191,0,2.20108E+11,UBA,Review
18/09/2024,2024,9,Payroll Account,Loan Repayment,Debit,8262486,0,2.201E+11,First Bank,Review
27/09/2024,2024,9,Payroll Account,Loan Repayment,Debit,65887104,0,2.20034E+11,First Bank,Review
19/09/2024,2024,9,Capital Project Account,Refund Received,Credit,0,211566449,2.20246E+11,UBA,Normal
18/09/2024,2024,9,Capital Project Account,Federal Allocation Receipt,Credit,0,142283895,2.20388E+11,Keystone Bank,Normal
16/09/2024,2024,9,IGR Collection Account,Project Payment,Debit,244674405,0,2.20143E+11,Access Bank,Normal
13/09/2024,2024,9,FAAC Account,Revenue Sweep from MDA,Credit,0,559608651,2.20703E+11,Access Bank,Review
22/09/2024,2024,9,Recurrent Expenditure Account,IGR Collection Remittance,Credit,0,275238209,2.20978E+11,Keystone Bank,Review
24/09/2024,2024,9,Recurrent Expenditure Account,Administrative Expense,Debit,61837538,0,2.20916E+11,UBA,Normal
09/09/2024,2024,9,Capital Project Account,IGR Collection Remittance,Credit,0,290216268,2.21207E+11,First Bank,Review
21/09/2024,2024,9,FAAC Account,Payroll Payment,Debit,341767554,0,2.20865E+11,Keystone Bank,Review
17/09/2024,2024,9,Capital Project Account,Contractor Payment,Debit,313285194,0,2.20552E+11,Zenith Bank,Review
13/09/2024,2024,9,FAAC Account,IGR Collection Remittance,Credit,0,230169189,2.20782E+11,Keystone Bank,Normal
20/09/2024,2024,9,Treasury Single Account,Grant Receipt,Credit,0,389096685,2.21171E+11,Keystone Bank,Review
11/09/2024,2024,9,FAAC Account,Contractor Payment,Debit,216136877,0,2.20955E+11,UBA,Normal
17/09/2024,2024,9,Payroll Account,Refund Received,Credit,0,87014785,2.21042E+11,UBA,Normal
01/09/2024,2024,9,Capital Project Account,Payroll Payment,Debit,159460846,0,2.20882E+11,First Bank,Normal
03/09/2024,2024,9,Recurrent Expenditure Account,Refund Received,Credit,0,395242286,2.21278E+11,GTBank,Review
14/09/2024,2024,9,Recurrent Expenditure Account,Grant Receipt,Credit,0,28525171,2.21306E+11,GTBank,Normal
02/09/2024,2024,9,Treasury Single Account,Transfer to MDA,Debit,250361029,0,2.21056E+11,Access Bank,Review
24/09/2024,2024,9,Payroll Account,Bank Charges,Debit,172469890,0,2.20883E+11,Access Bank,Review
01/09/2024,2024,9,Capital Project Account,Bank Charges,Debit,162051025,0,2.20721E+11,Zenith Bank,Review
17/09/2024,2024,9,Payroll Account,Revenue Sweep from MDA,Credit,0,326693091,2.21048E+11,GTBank,Review
26/09/2024,2024,9,IGR Collection Account,IGR Collection Remittance,Credit,0,188891472,2.21237E+11,Keystone Bank,Normal
01/09/2024,2024,9,Capital Project Account,Transfer to MDA,Debit,229869763,0,2.21007E+11,GTBank,Normal
21/09/2024,2024,9,Recurrent Expenditure Account,Administrative Expense,Debit,239630643,0,2.20767E+11,Keystone Bank,Normal
07/09/2024,2024,9,Treasury Single Account,Loan Repayment,Debit,266661963,0,2.20501E+11,Access Bank,Review
08/09/2024,2024,9,Recurrent Expenditure Account,Transfer to MDA,Debit,190018281,0,2.20311E+11,Access Bank,Normal
20/09/2024,2024,9,Treasury Single Account,Administrative Expense,Debit,173658201,0,2.20137E+11,Access Bank,Normal
28/09/2024,2024,9,FAAC Account,IGR Collection Remittance,Credit,0,432224952,2.20569E+11,First Bank,Review
03/09/2024,2024,9,IGR Collection Account,Payroll Payment,Debit,221322125,0,2.20348E+11,First Bank,Normal
13/09/2024,2024,9,FAAC Account,Bank Charges,Debit,159803892,0,2.20188E+11,GTBank,Review
08/09/2024,2024,9,Recurrent Expenditure Account,Payroll Payment,Debit,285807675,0,2.19902E+11,Access Bank,Review
20/09/2024,2024,9,FAAC Account,Administrative Expense,Debit,32225108,0,2.1987E+11,Zenith Bank,Normal
20/09/2024,2024,9,Payroll Account,Contractor Payment,Debit,43042424,0,2.19827E+11,Keystone Bank,Normal
18/09/2024,2024,9,Payroll Account,Transfer to MDA,Debit,188985296,0,2.19638E+11,Keystone Bank,Normal
19/09/2024,2024,9,Payroll Account,Revenue Sweep from MDA,Credit,0,141847930,2.1978E+11,Access Bank,Normal
26/09/2024,2024,9,IGR Collection Account,Bank Charges,Debit,149796493,0,2.1963E+11,First Bank,Review
21/09/2024,2024,9,Payroll Account,Bank Charges,Debit,10351224,0,2.1962E+11,GTBank,Review
24/09/2024,2024,9,Recurrent Expenditure Account,Project Payment,Debit,231182593,0,2.19388E+11,Access Bank,Normal
12/09/2024,2024,9,Payroll Account,Federal Allocation Receipt,Credit,0,70496296,2.19459E+11,Zenith Bank,Normal
21/09/2024,2024,9,Payroll Account,Administrative Expense,Debit,160455393,0,2.19299E+11,GTBank,Normal
02/09/2024,2024,9,IGR Collection Account,Administrative Expense,Debit,349870382,0,2.18949E+11,UBA,Review
15/09/2024,2024,9,Payroll Account,Project Payment,Debit,76459850,0,2.18872E+11,Keystone Bank,Normal
21/09/2024,2024,9,FAAC Account,Project Payment,Debit,174252383,0,2.18698E+11,First Bank,Normal
27/09/2024,2024,9,Payroll Account,Federal Allocation Receipt,Credit,0,36028520,2.18734E+11,Zenith Bank,Normal
11/09/2024,2024,9,Capital Project Account,IGR Collection Remittance,Credit,0,446382685,2.1918E+11,Keystone Bank,Review
03/09/2024,2024,9,IGR Collection Account,IGR Collection Remittance,Credit,0,50886551,2.19231E+11,Keystone Bank,Normal
18/09/2024,2024,9,Recurrent Expenditure Account,Federal Allocation Receipt,Credit,0,559803983,2.19791E+11,UBA,Review
19/09/2024,2024,9,Capital Project Account,Bank Charges,Debit,36386286,0,2.19755E+11,GTBank,Review
25/09/2024,2024,9,Payroll Account,Administrative Expense,Debit,124173266,0,2.1963E+11,UBA,Normal
27/09/2024,2024,9,Capital Project Account,Grant Receipt,Credit,0,128200881,2.19759E+11,First Bank,Normal
27/09/2024,2024,9,IGR Collection Account,Transfer to MDA,Debit,145061709,0,2.19614E+11,Access Bank,Normal
16/09/2024,2024,9,Recurrent Expenditure Account,Revenue Sweep from MDA,Credit,0,77255020,2.19691E+11,Zenith Bank,Normal
12/09/2024,2024,9,Capital Project Account,Refund Received,Credit,0,228084465,2.19919E+11,UBA,Normal
19/09/2024,2024,9,IGR Collection Account,Payroll Payment,Debit,200787012,0,2.19718E+11,UBA,Normal
18/09/2024,2024,9,Recurrent Expenditure Account,Project Payment,Debit,250427576,0,2.19468E+11,Access Bank,Review
05/09/2024,2024,9,FAAC Account,IGR Collection Remittance,Credit,0,547714724,2.20015E+11,Access Bank,Review
13/09/2024,2024,9,Recurrent Expenditure Account,Federal Allocation Receipt,Credit,0,8606966,2.20024E+11,UBA,Normal
20/09/2024,2024,9,IGR Collection Account,Revenue Sweep from MDA,Credit,0,541239406,2.20565E+11,UBA,Review
19/09/2024,2024,9,IGR Collection Account,Administrative Expense,Debit,49519016,0,2.20516E+11,Keystone Bank,Normal
13/09/2024,2024,9,Recurrent Expenditure Account,Bank Charges,Debit,150273101,0,2.20366E+11,GTBank,Review
13/09/2024,2024,9,Payroll Account,Refund Received,Credit,0,217395225,2.20583E+11,First Bank,Normal
20/09/2024,2024,9,Treasury Single Account,Administrative Expense,Debit,48862026,0,2.20534E+11,Keystone Bank,Normal
11/10/2024,2024,10,IGR Collection Account,IGR Collection Remittance,Credit,0,343131382,2.20877E+11,UBA,Review
09/10/2024,2024,10,Recurrent Expenditure Account,Revenue Sweep from MDA,Credit,0,282294729,2.21159E+11,GTBank,Review
05/10/2024,2024,10,Treasury Single Account,IGR Collection Remittance,Credit,0,562804959,2.21722E+11,First Bank,Review
01/10/2024,2024,10,FAAC Account,IGR Collection Remittance,Credit,0,26924957,2.21749E+11,First Bank,Normal
18/10/2024,2024,10,FAAC Account,Loan Repayment,Debit,187915700,0,2.21561E+11,First Bank,Review
07/10/2024,2024,10,Treasury Single Account,Bank Charges,Debit,49207076,0,2.21512E+11,First Bank,Review
28/10/2024,2024,10,FAAC Account,Contractor Payment,Debit,64947385,0,2.21447E+11,Keystone Bank,Normal
20/10/2024,2024,10,Payroll Account,Payroll Payment,Debit,217725142,0,2.21229E+11,UBA,Normal
22/10/2024,2024,10,Recurrent Expenditure Account,Grant Receipt,Credit,0,222000229,2.21451E+11,Keystone Bank,Normal
18/10/2024,2024,10,Capital Project Account,Administrative Expense,Debit,337792093,0,2.21114E+11,UBA,Review
21/10/2024,2024,10,FAAC Account,Revenue Sweep from MDA,Credit,0,27483801,2.21141E+11,UBA,Normal
09/10/2024,2024,10,Payroll Account,Loan Repayment,Debit,209913713,0,2.20931E+11,GTBank,Review
15/10/2024,2024,10,Treasury Single Account,Refund Received,Credit,0,552047278,2.21483E+11,Keystone Bank,Review
14/10/2024,2024,10,Payroll Account,Bank Charges,Debit,65684211,0,2.21418E+11,Keystone Bank,Review
03/10/2024,2024,10,Recurrent Expenditure Account,Administrative Expense,Debit,297687282,0,2.2112E+11,First Bank,Review
07/10/2024,2024,10,FAAC Account,Project Payment,Debit,168915738,0,2.20951E+11,UBA,Normal
04/10/2024,2024,10,Recurrent Expenditure Account,Administrative Expense,Debit,207514226,0,2.20743E+11,Zenith Bank,Normal
28/10/2024,2024,10,IGR Collection Account,Refund Received,Credit,0,599750263,2.21343E+11,UBA,Review
20/10/2024,2024,10,Payroll Account,Grant Receipt,Credit,0,441565630,2.21785E+11,UBA,Review
10/10/2024,2024,10,Payroll Account,Administrative Expense,Debit,69981934,0,2.21715E+11,Zenith Bank,Normal
14/10/2024,2024,10,Treasury Single Account,Bank Charges,Debit,126571046,0,2.21588E+11,Keystone Bank,Review
10/10/2024,2024,10,Payroll Account,Administrative Expense,Debit,207456555,0,2.21381E+11,Keystone Bank,Normal
20/10/2024,2024,10,Payroll Account,Grant Receipt,Credit,0,466202113,2.21847E+11,Keystone Bank,Review
16/10/2024,2024,10,FAAC Account,Bank Charges,Debit,201155333,0,2.21646E+11,First Bank,Review
23/10/2024,2024,10,Payroll Account,Revenue Sweep from MDA,Credit,0,60413065,2.21706E+11,Keystone Bank,Normal
12/10/2024,2024,10,Capital Project Account,Bank Charges,Debit,228735509,0,2.21477E+11,Zenith Bank,Review
11/10/2024,2024,10,Payroll Account,Refund Received,Credit,0,87285343,2.21565E+11,First Bank,Normal
03/10/2024,2024,10,Treasury Single Account,Contractor Payment,Debit,282783324,0,2.21282E+11,First Bank,Review
24/10/2024,2024,10,Recurrent Expenditure Account,IGR Collection Remittance,Credit,0,126779524,2.21409E+11,Zenith Bank,Normal
02/10/2024,2024,10,Payroll Account,Revenue Sweep from MDA,Credit,0,233193736,2.21642E+11,Keystone Bank,Normal
02/10/2024,2024,10,FAAC Account,Grant Receipt,Credit,0,496012415,2.22138E+11,UBA,Review
13/10/2024,2024,10,IGR Collection Account,IGR Collection Remittance,Credit,0,500871350,2.22639E+11,GTBank,Review
26/10/2024,2024,10,Recurrent Expenditure Account,Grant Receipt,Credit,0,70189557,2.22709E+11,Keystone Bank,Normal
21/10/2024,2024,10,IGR Collection Account,IGR Collection Remittance,Credit,0,271175949,2.2298E+11,UBA,Review
27/10/2024,2024,10,Payroll Account,Refund Received,Credit,0,164800764,2.23145E+11,Keystone Bank,Normal
02/10/2024,2024,10,Recurrent Expenditure Account,Payroll Payment,Debit,283138073,0,2.22862E+11,First Bank,Review
06/10/2024,2024,10,Payroll Account,Revenue Sweep from MDA,Credit,0,376524567,2.23238E+11,First Bank,Review
15/10/2024,2024,10,Recurrent Expenditure Account,Payroll Payment,Debit,131402859,0,2.23107E+11,Access Bank,Normal
19/10/2024,2024,10,Recurrent Expenditure Account,Transfer to MDA,Debit,135037348,0,2.22972E+11,Keystone Bank,Normal
19/10/2024,2024,10,Payroll Account,Bank Charges,Debit,283847724,0,2.22688E+11,GTBank,Review
17/10/2024,2024,10,FAAC Account,Federal Allocation Receipt,Credit,0,386542964,2.23075E+11,First Bank,Review
16/10/2024,2024,10,FAAC Account,Payroll Payment,Debit,196747395,0,2.22878E+11,UBA,Normal
05/10/2024,2024,10,FAAC Account,Loan Repayment,Debit,287048928,0,2.22591E+11,UBA,Review
07/10/2024,2024,10,Payroll Account,Bank Charges,Debit,324888169,0,2.22266E+11,Access Bank,Review
12/10/2024,2024,10,Payroll Account,Federal Allocation Receipt,Credit,0,478785417,2.22745E+11,Keystone Bank,Review
11/10/2024,2024,10,Treasury Single Account,Bank Charges,Debit,193913037,0,2.22551E+11,Keystone Bank,Review
15/10/2024,2024,10,Treasury Single Account,Refund Received,Credit,0,132608837,2.22683E+11,Access Bank,Normal
16/10/2024,2024,10,IGR Collection Account,Loan Repayment,Debit,82985072,0,2.226E+11,First Bank,Review
02/10/2024,2024,10,Payroll Account,Payroll Payment,Debit,323107942,0,2.22277E+11,Zenith Bank,Review
23/10/2024,2024,10,Recurrent Expenditure Account,Refund Received,Credit,0,453147207,2.2273E+11,Zenith Bank,Review
14/10/2024,2024,10,Recurrent Expenditure Account,Payroll Payment,Debit,26404296,0,2.22704E+11,First Bank,Normal
24/10/2024,2024,10,Treasury Single Account,Project Payment,Debit,86990699,0,2.22617E+11,Zenith Bank,Normal
10/10/2024,2024,10,Payroll Account,Refund Received,Credit,0,409821699,2.23027E+11,UBA,Review
20/10/2024,2024,10,Capital Project Account,IGR Collection Remittance,Credit,0,498595252,2.23526E+11,Zenith Bank,Review
14/10/2024,2024,10,Capital Project Account,Payroll Payment,Debit,126886471,0,2.23399E+11,Zenith Bank,Normal
09/10/2024,2024,10,Recurrent Expenditure Account,IGR Collection Remittance,Credit,0,265988004,2.23665E+11,GTBank,Review
13/10/2024,2024,10,FAAC Account,Grant Receipt,Credit,0,244877012,2.23909E+11,GTBank,Normal
02/10/2024,2024,10,IGR Collection Account,Transfer to MDA,Debit,73723200,0,2.23836E+11,Access Bank,Normal
16/10/2024,2024,10,Treasury Single Account,Administrative Expense,Debit,26146617,0,2.2381E+11,Access Bank,Normal
24/10/2024,2024,10,Recurrent Expenditure Account,Revenue Sweep from MDA,Credit,0,215607418,2.24025E+11,Keystone Bank,Normal
15/10/2024,2024,10,Treasury Single Account,IGR Collection Remittance,Credit,0,119059144,2.24144E+11,Zenith Bank,Normal
06/10/2024,2024,10,IGR Collection Account,Contractor Payment,Debit,137353448,0,2.24007E+11,Zenith Bank,Normal
07/10/2024,2024,10,IGR Collection Account,Project Payment,Debit,4477972,0,2.24002E+11,Zenith Bank,Normal
21/10/2024,2024,10,IGR Collection Account,Revenue Sweep from MDA,Credit,0,31535531,2.24034E+11,Keystone Bank,Normal
15/10/2024,2024,10,IGR Collection Account,Grant Receipt,Credit,0,314375548,2.24348E+11,UBA,Review
13/10/2024,2024,10,Capital Project Account,Payroll Payment,Debit,149389273,0,2.24199E+11,GTBank,Normal
22/10/2024,2024,10,Recurrent Expenditure Account,Project Payment,Debit,122291830,0,2.24077E+11,First Bank,Normal
26/10/2024,2024,10,FAAC Account,Loan Repayment,Debit,304711785,0,2.23772E+11,UBA,Review
17/10/2024,2024,10,Treasury Single Account,Contractor Payment,Debit,101614344,0,2.2367E+11,First Bank,Normal
19/10/2024,2024,10,IGR Collection Account,Refund Received,Credit,0,379371963,2.2405E+11,GTBank,Review
08/11/2024,2024,11,IGR Collection Account,Payroll Payment,Debit,318207576,0,2.23732E+11,First Bank,Review
14/11/2024,2024,11,IGR Collection Account,Grant Receipt,Credit,0,532679928,2.24264E+11,GTBank,Review
08/11/2024,2024,11,Recurrent Expenditure Account,Federal Allocation Receipt,Credit,0,199530503,2.24464E+11,GTBank,Normal
12/11/2024,2024,11,IGR Collection Account,Federal Allocation Receipt,Credit,0,288043840,2.24752E+11,First Bank,Review
03/11/2024,2024,11,Capital Project Account,Federal Allocation Receipt,Credit,0,465293069,2.25217E+11,Zenith Bank,Review
09/11/2024,2024,11,IGR Collection Account,Revenue Sweep from MDA,Credit,0,257646632,2.25475E+11,UBA,Review
24/11/2024,2024,11,Capital Project Account,Payroll Payment,Debit,144554035,0,2.2533E+11,Keystone Bank,Normal
15/11/2024,2024,11,Recurrent Expenditure Account,Administrative Expense,Debit,208687070,0,2.25121E+11,GTBank,Normal
23/11/2024,2024,11,Recurrent Expenditure Account,Administrative Expense,Debit,245506672,0,2.24876E+11,UBA,Normal
07/11/2024,2024,11,Payroll Account,Revenue Sweep from MDA,Credit,0,238521280,2.25114E+11,GTBank,Normal
08/11/2024,2024,11,Capital Project Account,IGR Collection Remittance,Credit,0,507834514,2.25622E+11,Keystone Bank,Review
05/11/2024,2024,11,FAAC Account,Refund Received,Credit,0,345510731,2.25968E+11,Access Bank,Review
01/11/2024,2024,11,Payroll Account,Loan Repayment,Debit,108847852,0,2.25859E+11,Keystone Bank,Review
16/11/2024,2024,11,Recurrent Expenditure Account,Administrative Expense,Debit,348316296,0,2.25511E+11,GTBank,Review
04/11/2024,2024,11,Recurrent Expenditure Account,Administrative Expense,Debit,81227425,0,2.25429E+11,First Bank,Normal
26/11/2024,2024,11,Payroll Account,Contractor Payment,Debit,215359522,0,2.25214E+11,Keystone Bank,Normal
08/11/2024,2024,11,Payroll Account,Federal Allocation Receipt,Credit,0,238626973,2.25453E+11,GTBank,Normal
09/11/2024,2024,11,IGR Collection Account,Project Payment,Debit,64252029,0,2.25388E+11,Access Bank,Normal
27/11/2024,2024,11,Treasury Single Account,Contractor Payment,Debit,41833650,0,2.25347E+11,Keystone Bank,Normal
15/11/2024,2024,11,FAAC Account,IGR Collection Remittance,Credit,0,586508797,2.25933E+11,First Bank,Review
02/11/2024,2024,11,Treasury Single Account,Refund Received,Credit,0,247856381,2.26181E+11,Zenith Bank,Normal
20/11/2024,2024,11,Recurrent Expenditure Account,Project Payment,Debit,261922143,0,2.25919E+11,GTBank,Review
28/11/2024,2024,11,FAAC Account,Federal Allocation Receipt,Credit,0,444759299,2.26364E+11,GTBank,Review
07/11/2024,2024,11,FAAC Account,IGR Collection Remittance,Credit,0,359643548,2.26723E+11,UBA,Review
23/11/2024,2024,11,FAAC Account,Grant Receipt,Credit,0,453369719,2.27177E+11,Access Bank,Review
06/11/2024,2024,11,Treasury Single Account,Administrative Expense,Debit,95382838,0,2.27081E+11,Access Bank,Normal
19/11/2024,2024,11,Recurrent Expenditure Account,Project Payment,Debit,288957664,0,2.26793E+11,First Bank,Review
27/11/2024,2024,11,Recurrent Expenditure Account,Project Payment,Debit,114260404,0,2.26678E+11,Keystone Bank,Normal
07/11/2024,2024,11,Treasury Single Account,Payroll Payment,Debit,142631867,0,2.26536E+11,First Bank,Normal
27/11/2024,2024,11,IGR Collection Account,Administrative Expense,Debit,287046894,0,2.26249E+11,UBA,Review
18/11/2024,2024,11,Capital Project Account,Payroll Payment,Debit,210905784,0,2.26038E+11,UBA,Normal
26/11/2024,2024,11,IGR Collection Account,Refund Received,Credit,0,181832438,2.26219E+11,Keystone Bank,Normal
07/11/2024,2024,11,Recurrent Expenditure Account,Payroll Payment,Debit,9798223,0,2.2621E+11,UBA,Normal
13/11/2024,2024,11,FAAC Account,Project Payment,Debit,187005711,0,2.26023E+11,GTBank,Normal
08/11/2024,2024,11,Capital Project Account,Contractor Payment,Debit,47260420,0,2.25975E+11,UBA,Normal
27/11/2024,2024,11,Recurrent Expenditure Account,Refund Received,Credit,0,286679426,2.26262E+11,UBA,Review
04/11/2024,2024,11,Capital Project Account,Bank Charges,Debit,112398891,0,2.2615E+11,Zenith Bank,Review
19/11/2024,2024,11,FAAC Account,Project Payment,Debit,182698674,0,2.25967E+11,Zenith Bank,Normal
06/11/2024,2024,11,FAAC Account,Contractor Payment,Debit,287906643,0,2.25679E+11,Zenith Bank,Review
15/11/2024,2024,11,Capital Project Account,Contractor Payment,Debit,156451078,0,2.25523E+11,Keystone Bank,Normal
19/11/2024,2024,11,Treasury Single Account,Administrative Expense,Debit,341669149,0,2.25181E+11,Access Bank,Review
07/11/2024,2024,11,Treasury Single Account,Federal Allocation Receipt,Credit,0,486909242,2.25668E+11,UBA,Review
18/11/2024,2024,11,FAAC Account,IGR Collection Remittance,Credit,0,405609774,2.26074E+11,First Bank,Review
08/11/2024,2024,11,Capital Project Account,Transfer to MDA,Debit,336210345,0,2.25737E+11,First Bank,Review
06/11/2024,2024,11,Capital Project Account,Administrative Expense,Debit,69056690,0,2.25668E+11,Access Bank,Normal
19/11/2024,2024,11,Treasury Single Account,Refund Received,Credit,0,41835262,2.2571E+11,Keystone Bank,Normal
03/11/2024,2024,11,FAAC Account,Transfer to MDA,Debit,330354457,0,2.2538E+11,GTBank,Review
28/11/2024,2024,11,Treasury Single Account,Revenue Sweep from MDA,Credit,0,144530690,2.25524E+11,Keystone Bank,Normal
06/11/2024,2024,11,Treasury Single Account,IGR Collection Remittance,Credit,0,150379576,2.25675E+11,Zenith Bank,Normal
09/11/2024,2024,11,Recurrent Expenditure Account,Refund Received,Credit,0,159056811,2.25834E+11,Zenith Bank,Normal
19/11/2024,2024,11,Payroll Account,Project Payment,Debit,102156786,0,2.25732E+11,GTBank,Normal
23/11/2024,2024,11,Capital Project Account,Bank Charges,Debit,55966404,0,2.25676E+11,GTBank,Review
03/11/2024,2024,11,Treasury Single Account,Bank Charges,Debit,71823607,0,2.25604E+11,UBA,Review
11/11/2024,2024,11,Treasury Single Account,Federal Allocation Receipt,Credit,0,430513868,2.26034E+11,Keystone Bank,Review
17/11/2024,2024,11,Recurrent Expenditure Account,Bank Charges,Debit,6190212,0,2.26028E+11,Access Bank,Review
14/11/2024,2024,11,Capital Project Account,Contractor Payment,Debit,193504958,0,2.25835E+11,Keystone Bank,Normal
01/11/2024,2024,11,FAAC Account,Contractor Payment,Debit,56841308,0,2.25778E+11,Access Bank,Normal
20/11/2024,2024,11,IGR Collection Account,IGR Collection Remittance,Credit,0,584946830,2.26363E+11,First Bank,Review
15/11/2024,2024,11,Payroll Account,IGR Collection Remittance,Credit,0,465992605,2.26829E+11,First Bank,Review
19/11/2024,2024,11,Payroll Account,Transfer to MDA,Debit,45260553,0,2.26783E+11,Keystone Bank,Normal
02/11/2024,2024,11,Payroll Account,Refund Received,Credit,0,521135880,2.27305E+11,First Bank,Review
04/11/2024,2024,11,Recurrent Expenditure Account,Transfer to MDA,Debit,50885505,0,2.27254E+11,First Bank,Normal
02/11/2024,2024,11,Treasury Single Account,Federal Allocation Receipt,Credit,0,56246373,2.2731E+11,Access Bank,Normal
18/11/2024,2024,11,Treasury Single Account,Loan Repayment,Debit,143557227,0,2.27166E+11,Keystone Bank,Review
26/11/2024,2024,11,Payroll Account,Grant Receipt,Credit,0,403697060,2.2757E+11,Access Bank,Review
16/11/2024,2024,11,Recurrent Expenditure Account,Refund Received,Credit,0,387840824,2.27958E+11,Access Bank,Review
16/11/2024,2024,11,IGR Collection Account,Grant Receipt,Credit,0,336371859,2.28294E+11,Access Bank,Review
21/11/2024,2024,11,FAAC Account,Project Payment,Debit,3868253,0,2.2829E+11,Zenith Bank,Normal
13/11/2024,2024,11,IGR Collection Account,Loan Repayment,Debit,128855937,0,2.28162E+11,First Bank,Review
01/11/2024,2024,11,IGR Collection Account,Payroll Payment,Debit,275952119,0,2.27886E+11,UBA,Review
14/12/2024,2024,12,FAAC Account,Federal Allocation Receipt,Credit,0,592226004,2.28478E+11,GTBank,Review
10/12/2024,2024,12,Capital Project Account,Bank Charges,Debit,289027085,0,2.28189E+11,Access Bank,Review
24/12/2024,2024,12,FAAC Account,Bank Charges,Debit,143810434,0,2.28045E+11,Keystone Bank,Review
20/12/2024,2024,12,FAAC Account,Administrative Expense,Debit,75745960,0,2.27969E+11,UBA,Normal
22/12/2024,2024,12,Payroll Account,Grant Receipt,Credit,0,571298330,2.28541E+11,UBA,Review
04/12/2024,2024,12,FAAC Account,Revenue Sweep from MDA,Credit,0,298771514,2.28839E+11,UBA,Review
23/12/2024,2024,12,Capital Project Account,Grant Receipt,Credit,0,511255793,2.29351E+11,Zenith Bank,Review
03/12/2024,2024,12,Treasury Single Account,Contractor Payment,Debit,118905048,0,2.29232E+11,Access Bank,Normal
06/12/2024,2024,12,Treasury Single Account,Bank Charges,Debit,228707303,0,2.29003E+11,UBA,Review
24/12/2024,2024,12,FAAC Account,Loan Repayment,Debit,46641478,0,2.28956E+11,Zenith Bank,Review
18/12/2024,2024,12,Payroll Account,Revenue Sweep from MDA,Credit,0,227478054,2.29184E+11,Access Bank,Normal
20/12/2024,2024,12,Recurrent Expenditure Account,Grant Receipt,Credit,0,472774037,2.29657E+11,Zenith Bank,Review
10/12/2024,2024,12,IGR Collection Account,Payroll Payment,Debit,8570049,0,2.29648E+11,GTBank,Normal
11/12/2024,2024,12,IGR Collection Account,Project Payment,Debit,249735188,0,2.29398E+11,UBA,Normal
07/12/2024,2024,12,Payroll Account,IGR Collection Remittance,Credit,0,277622676,2.29676E+11,Keystone Bank,Review
04/12/2024,2024,12,Recurrent Expenditure Account,Payroll Payment,Debit,140211793,0,2.29536E+11,UBA,Normal
14/12/2024,2024,12,Recurrent Expenditure Account,Project Payment,Debit,147686845,0,2.29388E+11,UBA,Normal
24/12/2024,2024,12,Recurrent Expenditure Account,Grant Receipt,Credit,0,572223531,2.2996E+11,Keystone Bank,Review
05/12/2024,2024,12,Capital Project Account,IGR Collection Remittance,Credit,0,215695418,2.30176E+11,Zenith Bank,Normal
12/12/2024,2024,12,FAAC Account,Grant Receipt,Credit,0,216956441,2.30393E+11,Keystone Bank,Normal
27/12/2024,2024,12,FAAC Account,Grant Receipt,Credit,0,156355518,2.30549E+11,UBA,Normal
09/12/2024,2024,12,Capital Project Account,Loan Repayment,Debit,240447044,0,2.30309E+11,UBA,Review
11/12/2024,2024,12,IGR Collection Account,Loan Repayment,Debit,5724217,0,2.30303E+11,Zenith Bank,Review
24/12/2024,2024,12,Capital Project Account,Grant Receipt,Credit,0,74537204,2.30378E+11,First Bank,Normal
26/12/2024,2024,12,IGR Collection Account,Transfer to MDA,Debit,3057307,0,2.30374E+11,UBA,Normal
08/12/2024,2024,12,Payroll Account,Grant Receipt,Credit,0,9375573,2.30384E+11,First Bank,Normal
22/12/2024,2024,12,Recurrent Expenditure Account,Refund Received,Credit,0,403268692,2.30787E+11,GTBank,Review
28/12/2024,2024,12,Capital Project Account,Revenue Sweep from MDA,Credit,0,549361283,2.31336E+11,UBA,Review
01/12/2024,2024,12,Capital Project Account,Refund Received,Credit,0,24138235,2.31361E+11,UBA,Normal
05/12/2024,2024,12,FAAC Account,Loan Repayment,Debit,156432987,0,2.31204E+11,Keystone Bank,Review
03/12/2024,2024,12,Treasury Single Account,Contractor Payment,Debit,267798167,0,2.30936E+11,Access Bank,Review
27/12/2024,2024,12,Capital Project Account,Administrative Expense,Debit,226467349,0,2.3071E+11,Zenith Bank,Normal
07/12/2024,2024,12,Treasury Single Account,Grant Receipt,Credit,0,50798248,2.30761E+11,Keystone Bank,Normal
18/12/2024,2024,12,Payroll Account,Project Payment,Debit,339218688,0,2.30422E+11,Zenith Bank,Review
02/12/2024,2024,12,FAAC Account,Federal Allocation Receipt,Credit,0,556058854,2.30978E+11,Keystone Bank,Review
16/12/2024,2024,12,Treasury Single Account,IGR Collection Remittance,Credit,0,411936796,2.3139E+11,First Bank,Review
04/12/2024,2024,12,Treasury Single Account,Grant Receipt,Credit,0,394911841,2.31784E+11,Keystone Bank,Review
20/12/2024,2024,12,FAAC Account,Project Payment,Debit,144589412,0,2.3164E+11,UBA,Normal
03/12/2024,2024,12,Recurrent Expenditure Account,Revenue Sweep from MDA,Credit,0,389794016,2.3203E+11,Access Bank,Review
13/12/2024,2024,12,Treasury Single Account,Payroll Payment,Debit,266557007,0,2.31763E+11,First Bank,Review
02/12/2024,2024,12,Payroll Account,Bank Charges,Debit,153471318,0,2.3161E+11,GTBank,Review
28/12/2024,2024,12,Capital Project Account,Revenue Sweep from MDA,Credit,0,373014732,2.31983E+11,GTBank,Review
22/12/2024,2024,12,FAAC Account,Bank Charges,Debit,55518379,0,2.31927E+11,GTBank,Review
02/12/2024,2024,12,Capital Project Account,Contractor Payment,Debit,172937457,0,2.31754E+11,Keystone Bank,Normal
05/12/2024,2024,12,Payroll Account,Administrative Expense,Debit,19188981,0,2.31735E+11,UBA,Normal
06/12/2024,2024,12,Capital Project Account,Administrative Expense,Debit,38572576,0,2.31696E+11,Access Bank,Normal
19/12/2024,2024,12,Capital Project Account,Grant Receipt,Credit,0,373010792,2.32069E+11,GTBank,Review
10/12/2024,2024,12,FAAC Account,Grant Receipt,Credit,0,473664748,2.32543E+11,GTBank,Review
24/12/2024,2024,12,Payroll Account,Contractor Payment,Debit,188542599,0,2.32355E+11,UBA,Normal
07/12/2024,2024,12,Treasury Single Account,Administrative Expense,Debit,75737291,0,2.32279E+11,Keystone Bank,Normal
08/12/2024,2024,12,Recurrent Expenditure Account,Grant Receipt,Credit,0,94784948,2.32374E+11,GTBank,Normal
25/12/2024,2024,12,Payroll Account,Grant Receipt,Credit,0,364532039,2.32738E+11,Access Bank,Review
02/12/2024,2024,12,Payroll Account,Bank Charges,Debit,121035799,0,2.32617E+11,Keystone Bank,Review
10/12/2024,2024,12,Payroll Account,Contractor Payment,Debit,68605784,0,2.32548E+11,Zenith Bank,Normal
01/12/2024,2024,12,Capital Project Account,Federal Allocation Receipt,Credit,0,407149468,2.32956E+11,GTBank,Review
09/12/2024,2024,12,Payroll Account,Federal Allocation Receipt,Credit,0,409733487,2.33365E+11,First Bank,Review
18/12/2024,2024,12,IGR Collection Account,Loan Repayment,Debit,286917056,0,2.33078E+11,First Bank,Review
16/12/2024,2024,12,Capital Project Account,Administrative Expense,Debit,174473859,0,2.32904E+11,GTBank,Normal
14/12/2024,2024,12,Payroll Account,Grant Receipt,Credit,0,345833790,2.3325E+11,Access Bank,Review
23/12/2024,2024,12,FAAC Account,Refund Received,Credit,0,535392445,2.33785E+11,Zenith Bank,Review
12/12/2024,2024,12,Recurrent Expenditure Account,Payroll Payment,Debit,254901437,0,2.3353E+11,Zenith Bank,Review
25/12/2024,2024,12,FAAC Account,Bank Charges,Debit,304892246,0,2.33225E+11,First Bank,Review
20/12/2024,2024,12,Treasury Single Account,Transfer to MDA,Debit,320866022,0,2.32905E+11,Access Bank,Review
09/12/2024,2024,12,Treasury Single Account,Revenue Sweep from MDA,Credit,0,198951050,2.33103E+11,UBA,Normal
02/12/2024,2024,12,IGR Collection Account,IGR Collection Remittance,Credit,0,487611531,2.33591E+11,UBA,Review
12/12/2024,2024,12,FAAC Account,Administrative Expense,Debit,106388829,0,2.33485E+11,GTBank,Normal
19/12/2024,2024,12,Recurrent Expenditure Account,IGR Collection Remittance,Credit,0,265965375,2.33751E+11,Keystone Bank,Review
11/12/2024,2024,12,FAAC Account,Contractor Payment,Debit,221993970,0,2.33529E+11,Zenith Bank,Normal
08/12/2024,2024,12,Recurrent Expenditure Account,Loan Repayment,Debit,294578379,0,2.33234E+11,First Bank,Review
03/12/2024,2024,12,Recurrent Expenditure Account,Project Payment,Debit,112224010,0,2.33122E+11,Keystone Bank,Normal
05/01/2025,2025,1,Treasury Single Account,Refund Received,Credit,0,485131389,2.33607E+11,Access Bank,Review
17/01/2025,2025,1,IGR Collection Account,IGR Collection Remittance,Credit,0,417054362,2.34024E+11,First Bank,Review
15/01/2025,2025,1,IGR Collection Account,Administrative Expense,Debit,77791626,0,2.33946E+11,GTBank,Normal
06/01/2025,2025,1,IGR Collection Account,Loan Repayment,Debit,14181002,0,2.33932E+11,Keystone Bank,Review
21/01/2025,2025,1,IGR Collection Account,Federal Allocation Receipt,Credit,0,488500141,2.34421E+11,Keystone Bank,Review
26/01/2025,2025,1,IGR Collection Account,Payroll Payment,Debit,6005280,0,2.34415E+11,GTBank,Normal
27/01/2025,2025,1,Capital Project Account,Refund Received,Credit,0,33318720,2.34448E+11,Keystone Bank,Normal
11/01/2025,2025,1,Payroll Account,Loan Repayment,Debit,236715832,0,2.34211E+11,GTBank,Review
08/01/2025,2025,1,IGR Collection Account,Loan Repayment,Debit,138112480,0,2.34073E+11,GTBank,Review
06/01/2025,2025,1,Capital Project Account,Transfer to MDA,Debit,1442851,0,2.34072E+11,UBA,Normal
06/01/2025,2025,1,Recurrent Expenditure Account,Payroll Payment,Debit,231951443,0,2.3384E+11,GTBank,Normal
19/01/2025,2025,1,Recurrent Expenditure Account,Contractor Payment,Debit,68588349,0,2.33771E+11,Keystone Bank,Normal
12/01/2025,2025,1,Treasury Single Account,Loan Repayment,Debit,155264274,0,2.33616E+11,Keystone Bank,Review
02/01/2025,2025,1,Treasury Single Account,Federal Allocation Receipt,Credit,0,131825424,2.33748E+11,Access Bank,Normal
05/01/2025,2025,1,IGR Collection Account,IGR Collection Remittance,Credit,0,129296347,2.33877E+11,Access Bank,Normal
01/01/2025,2025,1,Payroll Account,Project Payment,Debit,116461287,0,2.3376E+11,Keystone Bank,Normal
12/01/2025,2025,1,FAAC Account,Transfer to MDA,Debit,1911988,0,2.33759E+11,First Bank,Normal
15/01/2025,2025,1,Payroll Account,Project Payment,Debit,254495216,0,2.33504E+11,Zenith Bank,Review
24/01/2025,2025,1,FAAC Account,Transfer to MDA,Debit,40751142,0,2.33463E+11,UBA,Normal
08/01/2025,2025,1,Payroll Account,Payroll Payment,Debit,6514118,0,2.33457E+11,UBA,Normal
11/01/2025,2025,1,Capital Project Account,Administrative Expense,Debit,346879029,0,2.3311E+11,Keystone Bank,Review
05/01/2025,2025,1,IGR Collection Account,Loan Repayment,Debit,10611776,0,2.33099E+11,Zenith Bank,Review
12/01/2025,2025,1,FAAC Account,Contractor Payment,Debit,26347776,0,2.33073E+11,Keystone Bank,Normal
07/01/2025,2025,1,Payroll Account,IGR Collection Remittance,Credit,0,540037623,2.33613E+11,GTBank,Review
13/01/2025,2025,1,IGR Collection Account,Project Payment,Debit,276017215,0,2.33337E+11,Access Bank,Review
13/01/2025,2025,1,Payroll Account,Administrative Expense,Debit,35524049,0,2.33301E+11,Keystone Bank,Normal
15/01/2025,2025,1,FAAC Account,Refund Received,Credit,0,544124678,2.33846E+11,Zenith Bank,Review
15/01/2025,2025,1,IGR Collection Account,Contractor Payment,Debit,320404554,0,2.33525E+11,Access Bank,Review
23/01/2025,2025,1,FAAC Account,Federal Allocation Receipt,Credit,0,316775277,2.33842E+11,GTBank,Review
07/01/2025,2025,1,IGR Collection Account,Loan Repayment,Debit,196952546,0,2.33645E+11,Keystone Bank,Review
05/01/2025,2025,1,Payroll Account,Grant Receipt,Credit,0,415282228,2.3406E+11,First Bank,Review
10/01/2025,2025,1,Recurrent Expenditure Account,Refund Received,Credit,0,172398421,2.34233E+11,Access Bank,Normal
21/01/2025,2025,1,FAAC Account,Revenue Sweep from MDA,Credit,0,408626569,2.34641E+11,First Bank,Review
20/01/2025,2025,1,Treasury Single Account,Bank Charges,Debit,328071809,0,2.34313E+11,First Bank,Review
11/01/2025,2025,1,Capital Project Account,Refund Received,Credit,0,153852124,2.34467E+11,UBA,Normal
11/01/2025,2025,1,FAAC Account,Federal Allocation Receipt,Credit,0,334079832,2.34801E+11,Access Bank,Review
21/01/2025,2025,1,FAAC Account,Project Payment,Debit,209741239,0,2.34591E+11,GTBank,Normal
17/01/2025,2025,1,Payroll Account,Federal Allocation Receipt,Credit,0,359069771,2.34951E+11,Keystone Bank,Review
11/01/2025,2025,1,Capital Project Account,Loan Repayment,Debit,222349633,0,2.34728E+11,Access Bank,Review
16/01/2025,2025,1,FAAC Account,Federal Allocation Receipt,Credit,0,497295323,2.35225E+11,Zenith Bank,Review
03/01/2025,2025,1,FAAC Account,Bank Charges,Debit,33061439,0,2.35192E+11,UBA,Review
13/01/2025,2025,1,FAAC Account,Revenue Sweep from MDA,Credit,0,466091940,2.35658E+11,Keystone Bank,Review
13/01/2025,2025,1,Treasury Single Account,Revenue Sweep from MDA,Credit,0,453347130,2.36112E+11,First Bank,Review
23/01/2025,2025,1,Capital Project Account,Contractor Payment,Debit,316441533,0,2.35795E+11,First Bank,Review
14/01/2025,2025,1,Recurrent Expenditure Account,Administrative Expense,Debit,149314219,0,2.35646E+11,Access Bank,Normal
15/01/2025,2025,1,FAAC Account,Project Payment,Debit,186789024,0,2.35459E+11,Zenith Bank,Normal
22/01/2025,2025,1,Capital Project Account,Contractor Payment,Debit,338546489,0,2.35121E+11,Zenith Bank,Review
04/01/2025,2025,1,IGR Collection Account,Bank Charges,Debit,344742741,0,2.34776E+11,First Bank,Review
25/01/2025,2025,1,Capital Project Account,IGR Collection Remittance,Credit,0,345523428,2.35122E+11,Zenith Bank,Review
09/01/2025,2025,1,Recurrent Expenditure Account,Federal Allocation Receipt,Credit,0,28025732,2.3515E+11,First Bank,Normal
08/01/2025,2025,1,FAAC Account,Bank Charges,Debit,7481491,0,2.35142E+11,Access Bank,Review
02/01/2025,2025,1,Payroll Account,Bank Charges,Debit,182590809,0,2.34959E+11,Access Bank,Review
28/01/2025,2025,1,Recurrent Expenditure Account,Grant Receipt,Credit,0,396138973,2.35356E+11,Access Bank,Review
02/01/2025,2025,1,Treasury Single Account,Bank Charges,Debit,203881926,0,2.35152E+11,Keystone Bank,Review
06/01/2025,2025,1,IGR Collection Account,Refund Received,Credit,0,407662395,2.35559E+11,GTBank,Review
15/01/2025,2025,1,Payroll Account,IGR Collection Remittance,Credit,0,49084075,2.35608E+11,First Bank,Normal
02/01/2025,2025,1,Recurrent Expenditure Account,Project Payment,Debit,39822573,0,2.35569E+11,Keystone Bank,Normal
22/01/2025,2025,1,FAAC Account,Contractor Payment,Debit,63855111,0,2.35505E+11,GTBank,Normal
12/01/2025,2025,1,IGR Collection Account,Federal Allocation Receipt,Credit,0,457158525,2.35962E+11,GTBank,Review
03/01/2025,2025,1,FAAC Account,Contractor Payment,Debit,12348285,0,2.3595E+11,First Bank,Normal
17/01/2025,2025,1,Payroll Account,Grant Receipt,Credit,0,589512219,2.36539E+11,GTBank,Review
01/01/2025,2025,1,Payroll Account,Payroll Payment,Debit,95988183,0,2.36443E+11,Access Bank,Normal
23/01/2025,2025,1,Payroll Account,Bank Charges,Debit,87051673,0,2.36356E+11,Access Bank,Review
04/01/2025,2025,1,Payroll Account,IGR Collection Remittance,Credit,0,256454574,2.36613E+11,First Bank,Review
19/01/2025,2025,1,Payroll Account,Contractor Payment,Debit,28145730,0,2.36584E+11,Zenith Bank,Normal
11/01/2025,2025,1,IGR Collection Account,Revenue Sweep from MDA,Credit,0,273522307,2.36858E+11,First Bank,Review
08/01/2025,2025,1,Recurrent Expenditure Account,Refund Received,Credit,0,210249361,2.37068E+11,Keystone Bank,Normal
17/01/2025,2025,1,FAAC Account,IGR Collection Remittance,Credit,0,490758617,2.37559E+11,Keystone Bank,Review
24/01/2025,2025,1,IGR Collection Account,Project Payment,Debit,108945343,0,2.3745E+11,First Bank,Normal
22/01/2025,2025,1,IGR Collection Account,Federal Allocation Receipt,Credit,0,114749622,2.37565E+11,Zenith Bank,Normal
02/02/2025,2025,2,Recurrent Expenditure Account,Payroll Payment,Debit,125779332,0,2.37439E+11,Keystone Bank,Normal
08/02/2025,2025,2,Treasury Single Account,Project Payment,Debit,344658671,0,2.37094E+11,Keystone Bank,Review
21/02/2025,2025,2,Recurrent Expenditure Account,Revenue Sweep from MDA,Credit,0,222902881,2.37317E+11,Zenith Bank,Normal
15/02/2025,2025,2,Payroll Account,IGR Collection Remittance,Credit,0,409355893,2.37727E+11,First Bank,Review
16/02/2025,2025,2,Recurrent Expenditure Account,Refund Received,Credit,0,340629693,2.38067E+11,Access Bank,Review
21/02/2025,2025,2,Treasury Single Account,IGR Collection Remittance,Credit,0,562407738,2.3863E+11,Keystone Bank,Review
22/02/2025,2025,2,Capital Project Account,Contractor Payment,Debit,209934214,0,2.3842E+11,GTBank,Normal
12/02/2025,2025,2,IGR Collection Account,Administrative Expense,Debit,178676257,0,2.38241E+11,GTBank,Normal
02/02/2025,2025,2,Recurrent Expenditure Account,Transfer to MDA,Debit,72214403,0,2.38169E+11,GTBank,Normal
18/02/2025,2025,2,Payroll Account,Transfer to MDA,Debit,95288096,0,2.38073E+11,Keystone Bank,Normal
08/02/2025,2025,2,FAAC Account,Revenue Sweep from MDA,Credit,0,44516674,2.38118E+11,Keystone Bank,Normal
16/02/2025,2025,2,IGR Collection Account,Transfer to MDA,Debit,102696232,0,2.38015E+11,Access Bank,Normal
19/02/2025,2025,2,Capital Project Account,Contractor Payment,Debit,165684265,0,2.3785E+11,GTBank,Normal
05/02/2025,2025,2,FAAC Account,Revenue Sweep from MDA,Credit,0,593725494,2.38443E+11,UBA,Review
02/02/2025,2025,2,Payroll Account,Bank Charges,Debit,322940311,0,2.3812E+11,First Bank,Review
26/02/2025,2025,2,Treasury Single Account,Project Payment,Debit,59997536,0,2.3806E+11,First Bank,Normal
04/02/2025,2025,2,FAAC Account,Loan Repayment,Debit,115595364,0,2.37945E+11,UBA,Review
27/02/2025,2025,2,IGR Collection Account,Grant Receipt,Credit,0,30112029,2.37975E+11,UBA,Normal
25/02/2025,2025,2,Capital Project Account,Revenue Sweep from MDA,Credit,0,93027107,2.38068E+11,UBA,Normal
02/02/2025,2025,2,Treasury Single Account,Refund Received,Credit,0,394900331,2.38463E+11,First Bank,Review
10/02/2025,2025,2,Payroll Account,Grant Receipt,Credit,0,274633723,2.38737E+11,Zenith Bank,Review
03/02/2025,2025,2,IGR Collection Account,IGR Collection Remittance,Credit,0,130620574,2.38868E+11,Access Bank,Normal
24/02/2025,2025,2,Payroll Account,IGR Collection Remittance,Credit,0,534523644,2.39403E+11,UBA,Review
14/02/2025,2025,2,Payroll Account,Federal Allocation Receipt,Credit,0,536865637,2.39939E+11,Zenith Bank,Review
07/02/2025,2025,2,IGR Collection Account,Contractor Payment,Debit,218625096,0,2.39721E+11,First Bank,Normal
11/02/2025,2025,2,FAAC Account,Contractor Payment,Debit,232422682,0,2.39488E+11,First Bank,Normal
23/02/2025,2025,2,Capital Project Account,Revenue Sweep from MDA,Credit,0,401374468,2.3989E+11,Zenith Bank,Review
28/02/2025,2025,2,Recurrent Expenditure Account,Revenue Sweep from MDA,Credit,0,180122022,2.4007E+11,UBA,Normal
13/02/2025,2025,2,FAAC Account,Refund Received,Credit,0,530635210,2.40601E+11,Access Bank,Review
19/02/2025,2025,2,Payroll Account,Revenue Sweep from MDA,Credit,0,95493551,2.40696E+11,First Bank,Normal
21/02/2025,2025,2,Payroll Account,Bank Charges,Debit,197799115,0,2.40498E+11,Access Bank,Review
11/02/2025,2025,2,FAAC Account,IGR Collection Remittance,Credit,0,148395551,2.40647E+11,First Bank,Normal
07/02/2025,2025,2,Treasury Single Account,Grant Receipt,Credit,0,444347905,2.41091E+11,Access Bank,Review
17/02/2025,2025,2,Treasury Single Account,Project Payment,Debit,314621221,0,2.40776E+11,First Bank,Review
11/02/2025,2025,2,Payroll Account,Revenue Sweep from MDA,Credit,0,459941840,2.41236E+11,Keystone Bank,Review
17/02/2025,2025,2,Payroll Account,Federal Allocation Receipt,Credit,0,259252909,2.41496E+11,GTBank,Review
09/02/2025,2025,2,Payroll Account,Administrative Expense,Debit,228826679,0,2.41267E+11,Keystone Bank,Normal
08/02/2025,2025,2,Capital Project Account,Federal Allocation Receipt,Credit,0,135695421,2.41402E+11,Access Bank,Normal
24/02/2025,2025,2,Capital Project Account,Refund Received,Credit,0,308974297,2.41711E+11,GTBank,Review
28/02/2025,2025,2,Treasury Single Account,Revenue Sweep from MDA,Credit,0,439584157,2.42151E+11,GTBank,Review
05/02/2025,2025,2,IGR Collection Account,Administrative Expense,Debit,207373692,0,2.41944E+11,Zenith Bank,Normal
06/02/2025,2025,2,Payroll Account,Revenue Sweep from MDA,Credit,0,591428880,2.42535E+11,UBA,Review
18/02/2025,2025,2,IGR Collection Account,Refund Received,Credit,0,99426194,2.42634E+11,Keystone Bank,Normal
25/02/2025,2025,2,Payroll Account,Contractor Payment,Debit,31467574,0,2.42603E+11,Access Bank,Normal
08/02/2025,2025,2,Payroll Account,Revenue Sweep from MDA,Credit,0,468177012,2.43071E+11,GTBank,Review
13/02/2025,2025,2,IGR Collection Account,Refund Received,Credit,0,212754511,2.43284E+11,Keystone Bank,Normal
15/02/2025,2025,2,FAAC Account,Revenue Sweep from MDA,Credit,0,579904473,2.43864E+11,First Bank,Review
03/02/2025,2025,2,Recurrent Expenditure Account,Payroll Payment,Debit,333296250,0,2.43531E+11,Keystone Bank,Review
17/02/2025,2025,2,Payroll Account,Grant Receipt,Credit,0,418043213,2.43949E+11,GTBank,Review
23/02/2025,2025,2,IGR Collection Account,Loan Repayment,Debit,310245405,0,2.43638E+11,First Bank,Review
09/02/2025,2025,2,Treasury Single Account,Federal Allocation Receipt,Credit,0,66808521,2.43705E+11,Keystone Bank,Normal
03/02/2025,2025,2,Payroll Account,Bank Charges,Debit,83734801,0,2.43621E+11,Zenith Bank,Review
15/02/2025,2025,2,IGR Collection Account,Contractor Payment,Debit,299965937,0,2.43321E+11,GTBank,Review
16/02/2025,2025,2,Treasury Single Account,Contractor Payment,Debit,114538620,0,2.43207E+11,UBA,Normal
04/02/2025,2025,2,Recurrent Expenditure Account,Bank Charges,Debit,114818398,0,2.43092E+11,UBA,Review
09/02/2025,2025,2,Treasury Single Account,Loan Repayment,Debit,172112136,0,2.4292E+11,First Bank,Review
06/02/2025,2025,2,FAAC Account,Project Payment,Debit,100353492,0,2.4282E+11,Access Bank,Normal
27/02/2025,2025,2,Payroll Account,Project Payment,Debit,214999973,0,2.42605E+11,First Bank,Normal
27/02/2025,2025,2,Payroll Account,IGR Collection Remittance,Credit,0,432156644,2.43037E+11,GTBank,Review
18/02/2025,2025,2,Capital Project Account,IGR Collection Remittance,Credit,0,390435818,2.43427E+11,First Bank,Review
26/02/2025,2025,2,Payroll Account,Federal Allocation Receipt,Credit,0,252022048,2.43679E+11,Keystone Bank,Review
10/02/2025,2025,2,FAAC Account,Federal Allocation Receipt,Credit,0,278683525,2.43958E+11,GTBank,Review
01/02/2025,2025,2,Payroll Account,Transfer to MDA,Debit,148154976,0,2.4381E+11,First Bank,Normal
20/02/2025,2025,2,Recurrent Expenditure Account,Grant Receipt,Credit,0,12409432,2.43822E+11,Keystone Bank,Normal
15/02/2025,2025,2,Capital Project Account,Payroll Payment,Debit,296875154,0,2.43525E+11,First Bank,Review
26/02/2025,2025,2,Recurrent Expenditure Account,Grant Receipt,Credit,0,511170541,2.44036E+11,GTBank,Review
17/02/2025,2025,2,IGR Collection Account,Payroll Payment,Debit,133881200,0,2.43903E+11,GTBank,Normal
17/02/2025,2025,2,Recurrent Expenditure Account,Revenue Sweep from MDA,Credit,0,266739221,2.44169E+11,Access Bank,Review
06/02/2025,2025,2,Treasury Single Account,Administrative Expense,Debit,39120026,0,2.4413E+11,First Bank,Normal
04/02/2025,2025,2,IGR Collection Account,Project Payment,Debit,42940589,0,2.44087E+11,First Bank,Normal
23/03/2025,2025,3,IGR Collection Account,Contractor Payment,Debit,247885466,0,2.43839E+11,GTBank,Normal
14/03/2025,2025,3,Payroll Account,Payroll Payment,Debit,127051128,0,2.43712E+11,First Bank,Normal
11/03/2025,2025,3,IGR Collection Account,Bank Charges,Debit,341972843,0,2.4337E+11,First Bank,Review
03/03/2025,2025,3,Capital Project Account,Payroll Payment,Debit,212860684,0,2.43158E+11,Access Bank,Normal
23/03/2025,2025,3,Treasury Single Account,Federal Allocation Receipt,Credit,0,276132092,2.43434E+11,Zenith Bank,Review
15/03/2025,2025,3,Treasury Single Account,Loan Repayment,Debit,47529016,0,2.43386E+11,UBA,Review
07/03/2025,2025,3,Payroll Account,Bank Charges,Debit,139646715,0,2.43246E+11,First Bank,Review
06/03/2025,2025,3,IGR Collection Account,Federal Allocation Receipt,Credit,0,366260059,2.43613E+11,UBA,Review
14/03/2025,2025,3,IGR Collection Account,Grant Receipt,Credit,0,81911056,2.43695E+11,Access Bank,Normal
16/03/2025,2025,3,Recurrent Expenditure Account,Loan Repayment,Debit,108391788,0,2.43586E+11,Access Bank,Review
25/03/2025,2025,3,IGR Collection Account,Federal Allocation Receipt,Credit,0,409332357,2.43996E+11,Keystone Bank,Review
23/03/2025,2025,3,Capital Project Account,Bank Charges,Debit,267112308,0,2.43728E+11,UBA,Review
27/03/2025,2025,3,Payroll Account,Refund Received,Credit,0,356067118,2.44085E+11,Zenith Bank,Review
01/03/2025,2025,3,Recurrent Expenditure Account,Refund Received,Credit,0,121173056,2.44206E+11,Keystone Bank,Normal
18/03/2025,2025,3,Capital Project Account,IGR Collection Remittance,Credit,0,587358913,2.44793E+11,Keystone Bank,Review
10/03/2025,2025,3,IGR Collection Account,Grant Receipt,Credit,0,320764602,2.45114E+11,UBA,Review
03/03/2025,2025,3,Recurrent Expenditure Account,Revenue Sweep from MDA,Credit,0,205915459,2.4532E+11,First Bank,Normal
07/03/2025,2025,3,Treasury Single Account,Loan Repayment,Debit,202980078,0,2.45117E+11,Zenith Bank,Review
01/03/2025,2025,3,Payroll Account,Grant Receipt,Credit,0,337996597,2.45455E+11,Keystone Bank,Review
09/03/2025,2025,3,Treasury Single Account,Revenue Sweep from MDA,Credit,0,236277161,2.45691E+11,Access Bank,Normal
03/03/2025,2025,3,Capital Project Account,Loan Repayment,Debit,292027891,0,2.45399E+11,First Bank,Review
25/03/2025,2025,3,Capital Project Account,Federal Allocation Receipt,Credit,0,8380839,2.45407E+11,GTBank,Normal
06/03/2025,2025,3,FAAC Account,IGR Collection Remittance,Credit,0,249070646,2.45656E+11,Zenith Bank,Normal
28/03/2025,2025,3,FAAC Account,Grant Receipt,Credit,0,376060961,2.46033E+11,UBA,Review
18/03/2025,2025,3,IGR Collection Account,Revenue Sweep from MDA,Credit,0,334946796,2.46367E+11,Zenith Bank,Review
23/03/2025,2025,3,Treasury Single Account,Payroll Payment,Debit,246990244,0,2.4612E+11,Zenith Bank,Normal
04/03/2025,2025,3,Recurrent Expenditure Account,Transfer to MDA,Debit,148364816,0,2.45972E+11,Zenith Bank,Normal
11/03/2025,2025,3,Recurrent Expenditure Account,Bank Charges,Debit,151749079,0,2.4582E+11,Zenith Bank,Review
24/03/2025,2025,3,FAAC Account,Contractor Payment,Debit,89206559,0,2.45731E+11,Zenith Bank,Normal
04/03/2025,2025,3,Payroll Account,Administrative Expense,Debit,129685839,0,2.45601E+11,First Bank,Normal
10/03/2025,2025,3,IGR Collection Account,Contractor Payment,Debit,199424403,0,2.45402E+11,GTBank,Normal
25/03/2025,2025,3,FAAC Account,Federal Allocation Receipt,Credit,0,301161132,2.45703E+11,GTBank,Review
05/03/2025,2025,3,FAAC Account,IGR Collection Remittance,Credit,0,588832855,2.46292E+11,Zenith Bank,Review
11/03/2025,2025,3,Capital Project Account,Federal Allocation Receipt,Credit,0,570931681,2.46863E+11,GTBank,Review
26/03/2025,2025,3,IGR Collection Account,Payroll Payment,Debit,153563847,0,2.46709E+11,First Bank,Normal
13/03/2025,2025,3,Payroll Account,Loan Repayment,Debit,135260149,0,2.46574E+11,Access Bank,Review
11/03/2025,2025,3,IGR Collection Account,Federal Allocation Receipt,Credit,0,90948701,2.46665E+11,GTBank,Normal
21/03/2025,2025,3,Recurrent Expenditure Account,Revenue Sweep from MDA,Credit,0,121525214,2.46787E+11,Access Bank,Normal
11/03/2025,2025,3,Payroll Account,Administrative Expense,Debit,150477790,0,2.46636E+11,First Bank,Normal
10/03/2025,2025,3,IGR Collection Account,Project Payment,Debit,216999532,0,2.46419E+11,GTBank,Normal
18/03/2025,2025,3,FAAC Account,Revenue Sweep from MDA,Credit,0,506514544,2.46926E+11,Access Bank,Review
27/03/2025,2025,3,Treasury Single Account,Grant Receipt,Credit,0,411369692,2.47337E+11,Keystone Bank,Review
03/03/2025,2025,3,Treasury Single Account,Revenue Sweep from MDA,Credit,0,321841370,2.47659E+11,GTBank,Review
17/03/2025,2025,3,IGR Collection Account,Loan Repayment,Debit,301265317,0,2.47358E+11,Keystone Bank,Review
15/03/2025,2025,3,Payroll Account,Project Payment,Debit,30644520,0,2.47327E+11,Zenith Bank,Normal
05/03/2025,2025,3,Recurrent Expenditure Account,Loan Repayment,Debit,261873415,0,2.47065E+11,Zenith Bank,Review
26/03/2025,2025,3,IGR Collection Account,Grant Receipt,Credit,0,206292583,2.47271E+11,UBA,Normal
02/03/2025,2025,3,IGR Collection Account,IGR Collection Remittance,Credit,0,408426244,2.4768E+11,UBA,Review
01/03/2025,2025,3,Recurrent Expenditure Account,Payroll Payment,Debit,76616987,0,2.47603E+11,First Bank,Normal
06/03/2025,2025,3,Payroll Account,Grant Receipt,Credit,0,597828532,2.48201E+11,Keystone Bank,Review
16/03/2025,2025,3,Capital Project Account,Grant Receipt,Credit,0,156662538,2.48358E+11,Zenith Bank,Normal
16/03/2025,2025,3,Payroll Account,Administrative Expense,Debit,277714533,0,2.4808E+11,GTBank,Review
10/03/2025,2025,3,Capital Project Account,Grant Receipt,Credit,0,499432964,2.48579E+11,Access Bank,Review
10/03/2025,2025,3,Recurrent Expenditure Account,Administrative Expense,Debit,182950614,0,2.48396E+11,Access Bank,Normal
26/03/2025,2025,3,FAAC Account,Grant Receipt,Credit,0,204800525,2.48601E+11,Zenith Bank,Normal
05/03/2025,2025,3,Treasury Single Account,Loan Repayment,Debit,167378304,0,2.48434E+11,First Bank,Review
06/03/2025,2025,3,IGR Collection Account,Federal Allocation Receipt,Credit,0,371902895,2.48806E+11,UBA,Review
28/03/2025,2025,3,Capital Project Account,Bank Charges,Debit,331745940,0,2.48474E+11,Keystone Bank,Review
16/03/2025,2025,3,Capital Project Account,Bank Charges,Debit,33946548,0,2.4844E+11,GTBank,Review
18/03/2025,2025,3,IGR Collection Account,IGR Collection Remittance,Credit,0,518875859,2.48959E+11,First Bank,Review
16/03/2025,2025,3,Treasury Single Account,Grant Receipt,Credit,0,166805874,2.49126E+11,Access Bank,Normal
01/03/2025,2025,3,Payroll Account,Transfer to MDA,Debit,192689834,0,2.48933E+11,First Bank,Normal
27/03/2025,2025,3,FAAC Account,IGR Collection Remittance,Credit,0,453477269,2.49387E+11,UBA,Review
07/03/2025,2025,3,Treasury Single Account,Bank Charges,Debit,314032973,0,2.49073E+11,Zenith Bank,Review
22/03/2025,2025,3,IGR Collection Account,Refund Received,Credit,0,348300572,2.49421E+11,GTBank,Review
21/03/2025,2025,3,Capital Project Account,Administrative Expense,Debit,187663957,0,2.49233E+11,First Bank,Normal
13/03/2025,2025,3,IGR Collection Account,Project Payment,Debit,246124252,0,2.48987E+11,GTBank,Normal
20/03/2025,2025,3,IGR Collection Account,Administrative Expense,Debit,177914880,0,2.48809E+11,First Bank,Normal
05/03/2025,2025,3,IGR Collection Account,IGR Collection Remittance,Credit,0,398896759,2.49208E+11,GTBank,Review
11/03/2025,2025,3,IGR Collection Account,Contractor Payment,Debit,224993532,0,2.48983E+11,GTBank,Normal
06/04/2025,2025,4,FAAC Account,Loan Repayment,Debit,124515610,0,2.48859E+11,Zenith Bank,Review
10/04/2025,2025,4,IGR Collection Account,Loan Repayment,Debit,5690694,0,2.48853E+11,Keystone Bank,Review
23/04/2025,2025,4,FAAC Account,Revenue Sweep from MDA,Credit,0,591911347,2.49445E+11,Access Bank,Review
22/04/2025,2025,4,Treasury Single Account,Contractor Payment,Debit,319916766,0,2.49125E+11,First Bank,Review
16/04/2025,2025,4,Treasury Single Account,Contractor Payment,Debit,219160169,0,2.48906E+11,Zenith Bank,Normal
27/04/2025,2025,4,IGR Collection Account,Bank Charges,Debit,197463833,0,2.48708E+11,UBA,Review
07/04/2025,2025,4,Payroll Account,Project Payment,Debit,28054721,0,2.4868E+11,Keystone Bank,Normal
02/04/2025,2025,4,Recurrent Expenditure Account,Loan Repayment,Debit,319011287,0,2.48361E+11,First Bank,Review
14/04/2025,2025,4,Treasury Single Account,Federal Allocation Receipt,Credit,0,335150302,2.48696E+11,Access Bank,Review
26/04/2025,2025,4,IGR Collection Account,Grant Receipt,Credit,0,316580029,2.49013E+11,UBA,Review
22/04/2025,2025,4,Payroll Account,Revenue Sweep from MDA,Credit,0,356081315,2.49369E+11,Keystone Bank,Review
14/04/2025,2025,4,Payroll Account,Project Payment,Debit,320155232,0,2.49049E+11,Access Bank,Review
25/04/2025,2025,4,Treasury Single Account,Federal Allocation Receipt,Credit,0,195181880,2.49244E+11,Zenith Bank,Normal
11/04/2025,2025,4,Capital Project Account,Federal Allocation Receipt,Credit,0,294606172,2.49539E+11,GTBank,Review
23/04/2025,2025,4,Recurrent Expenditure Account,Refund Received,Credit,0,152966258,2.49692E+11,Zenith Bank,Normal
14/04/2025,2025,4,Capital Project Account,Transfer to MDA,Debit,71760658,0,2.4962E+11,GTBank,Normal
07/04/2025,2025,4,Treasury Single Account,Payroll Payment,Debit,211552430,0,2.49408E+11,First Bank,Normal
20/04/2025,2025,4,Treasury Single Account,IGR Collection Remittance,Credit,0,554443126,2.49963E+11,First Bank,Review
09/04/2025,2025,4,Payroll Account,IGR Collection Remittance,Credit,0,210613422,2.50173E+11,GTBank,Normal
26/04/2025,2025,4,Recurrent Expenditure Account,Administrative Expense,Debit,21223094,0,2.50152E+11,Keystone Bank,Normal
23/04/2025,2025,4,Payroll Account,Revenue Sweep from MDA,Credit,0,242057241,2.50394E+11,GTBank,Normal
25/04/2025,2025,4,FAAC Account,IGR Collection Remittance,Credit,0,562125141,2.50956E+11,Access Bank,Review
10/04/2025,2025,4,IGR Collection Account,Payroll Payment,Debit,85145342,0,2.50871E+11,First Bank,Normal
09/04/2025,2025,4,Capital Project Account,Federal Allocation Receipt,Credit,0,591350060,2.51462E+11,Zenith Bank,Review
26/04/2025,2025,4,Treasury Single Account,Project Payment,Debit,134110386,0,2.51328E+11,UBA,Normal
27/04/2025,2025,4,Capital Project Account,Federal Allocation Receipt,Credit,0,82793491,2.51411E+11,GTBank,Normal
26/04/2025,2025,4,FAAC Account,Federal Allocation Receipt,Credit,0,506925280,2.51918E+11,First Bank,Review
02/04/2025,2025,4,Recurrent Expenditure Account,Refund Received,Credit,0,245425911,2.52163E+11,UBA,Normal
21/04/2025,2025,4,FAAC Account,Refund Received,Credit,0,529939172,2.52693E+11,First Bank,Review
15/04/2025,2025,4,Payroll Account,Administrative Expense,Debit,194215819,0,2.52499E+11,GTBank,Normal
20/04/2025,2025,4,FAAC Account,Refund Received,Credit,0,41951974,2.52541E+11,Zenith Bank,Normal
10/04/2025,2025,4,Capital Project Account,IGR Collection Remittance,Credit,0,559996955,2.53101E+11,First Bank,Review
27/04/2025,2025,4,Capital Project Account,Project Payment,Debit,72561020,0,2.53029E+11,GTBank,Normal
18/04/2025,2025,4,FAAC Account,Refund Received,Credit,0,463429437,2.53492E+11,Access Bank,Review
03/04/2025,2025,4,Treasury Single Account,Administrative Expense,Debit,126290741,0,2.53366E+11,Zenith Bank,Normal
05/04/2025,2025,4,IGR Collection Account,Contractor Payment,Debit,236006650,0,2.5313E+11,GTBank,Normal
23/04/2025,2025,4,Payroll Account,Federal Allocation Receipt,Credit,0,449488149,2.53579E+11,Zenith Bank,Review
16/04/2025,2025,4,Capital Project Account,IGR Collection Remittance,Credit,0,329614888,2.53909E+11,UBA,Review
23/04/2025,2025,4,Payroll Account,Refund Received,Credit,0,497214696,2.54406E+11,GTBank,Review
25/04/2025,2025,4,FAAC Account,IGR Collection Remittance,Credit,0,310345735,2.54716E+11,GTBank,Review
15/04/2025,2025,4,FAAC Account,Contractor Payment,Debit,66801702,0,2.5465E+11,UBA,Normal
07/04/2025,2025,4,FAAC Account,Refund Received,Credit,0,421560329,2.55071E+11,Zenith Bank,Review
28/04/2025,2025,4,Recurrent Expenditure Account,Federal Allocation Receipt,Credit,0,295633697,2.55367E+11,UBA,Review
26/04/2025,2025,4,Capital Project Account,Administrative Expense,Debit,194533095,0,2.55172E+11,Access Bank,Normal
22/04/2025,2025,4,Recurrent Expenditure Account,Federal Allocation Receipt,Credit,0,599712092,2.55772E+11,Keystone Bank,Review
16/04/2025,2025,4,FAAC Account,Refund Received,Credit,0,207984630,2.5598E+11,GTBank,Normal
18/04/2025,2025,4,IGR Collection Account,Project Payment,Debit,335555990,0,2.55644E+11,Zenith Bank,Review
19/04/2025,2025,4,Recurrent Expenditure Account,Refund Received,Credit,0,184402260,2.55829E+11,GTBank,Normal
23/04/2025,2025,4,FAAC Account,Revenue Sweep from MDA,Credit,0,290250626,2.56119E+11,First Bank,Review
19/04/2025,2025,4,Treasury Single Account,Payroll Payment,Debit,298418092,0,2.55821E+11,First Bank,Review
15/04/2025,2025,4,Treasury Single Account,Contractor Payment,Debit,196637798,0,2.55624E+11,UBA,Normal
04/04/2025,2025,4,Recurrent Expenditure Account,Project Payment,Debit,209501134,0,2.55414E+11,GTBank,Normal
14/04/2025,2025,4,Payroll Account,Transfer to MDA,Debit,331267324,0,2.55083E+11,UBA,Review
26/04/2025,2025,4,FAAC Account,IGR Collection Remittance,Credit,0,222819746,2.55306E+11,Keystone Bank,Normal
13/04/2025,2025,4,IGR Collection Account,IGR Collection Remittance,Credit,0,184122271,2.5549E+11,UBA,Normal
22/04/2025,2025,4,Treasury Single Account,Revenue Sweep from MDA,Credit,0,107874440,2.55598E+11,GTBank,Normal
06/04/2025,2025,4,Payroll Account,Loan Repayment,Debit,284213398,0,2.55314E+11,GTBank,Review
28/04/2025,2025,4,Treasury Single Account,IGR Collection Remittance,Credit,0,27026957,2.55341E+11,First Bank,Normal
24/04/2025,2025,4,Recurrent Expenditure Account,Refund Received,Credit,0,45636030,2.55386E+11,UBA,Normal
20/04/2025,2025,4,Treasury Single Account,Federal Allocation Receipt,Credit,0,18199697,2.55405E+11,First Bank,Normal
21/04/2025,2025,4,FAAC Account,Contractor Payment,Debit,207203616,0,2.55197E+11,GTBank,Normal
11/04/2025,2025,4,Treasury Single Account,Bank Charges,Debit,127112075,0,2.5507E+11,Zenith Bank,Review
23/04/2025,2025,4,Payroll Account,Loan Repayment,Debit,45141861,0,2.55025E+11,GTBank,Review
27/04/2025,2025,4,IGR Collection Account,Loan Repayment,Debit,281803136,0,2.54743E+11,Zenith Bank,Review
25/04/2025,2025,4,IGR Collection Account,Payroll Payment,Debit,209813992,0,2.54534E+11,GTBank,Normal
01/04/2025,2025,4,FAAC Account,Transfer to MDA,Debit,30721152,0,2.54503E+11,Zenith Bank,Normal
27/04/2025,2025,4,FAAC Account,Federal Allocation Receipt,Credit,0,284633348,2.54788E+11,Access Bank,Review
03/04/2025,2025,4,Payroll Account,Refund Received,Credit,0,501839749,2.55289E+11,First Bank,Review
04/04/2025,2025,4,Treasury Single Account,Loan Repayment,Debit,258487967,0,2.55031E+11,Keystone Bank,Review
18/04/2025,2025,4,Capital Project Account,Grant Receipt,Credit,0,365189363,2.55396E+11,Keystone Bank,Review
13/05/2025,2025,5,Capital Project Account,Contractor Payment,Debit,71934599,0,2.55324E+11,First Bank,Normal
02/05/2025,2025,5,FAAC Account,Project Payment,Debit,142416030,0,2.55182E+11,Zenith Bank,Normal
03/05/2025,2025,5,Payroll Account,Grant Receipt,Credit,0,313215075,2.55495E+11,Keystone Bank,Review
06/05/2025,2025,5,IGR Collection Account,Bank Charges,Debit,328385582,0,2.55167E+11,Zenith Bank,Review
11/05/2025,2025,5,FAAC Account,Loan Repayment,Debit,67817464,0,2.55099E+11,Zenith Bank,Review
10/05/2025,2025,5,Payroll Account,Federal Allocation Receipt,Credit,0,383170396,2.55482E+11,GTBank,Review
22/05/2025,2025,5,Treasury Single Account,Revenue Sweep from MDA,Credit,0,151548810,2.55633E+11,First Bank,Normal
08/05/2025,2025,5,Treasury Single Account,Transfer to MDA,Debit,85165038,0,2.55548E+11,Zenith Bank,Normal
14/05/2025,2025,5,Treasury Single Account,Transfer to MDA,Debit,127076121,0,2.55421E+11,Zenith Bank,Normal
20/05/2025,2025,5,Payroll Account,Revenue Sweep from MDA,Credit,0,182900058,2.55604E+11,Zenith Bank,Normal
12/05/2025,2025,5,Payroll Account,Transfer to MDA,Debit,186460314,0,2.55418E+11,Access Bank,Normal
13/05/2025,2025,5,Recurrent Expenditure Account,Federal Allocation Receipt,Credit,0,330582459,2.55748E+11,Access Bank,Review
12/05/2025,2025,5,Capital Project Account,Transfer to MDA,Debit,153485817,0,2.55595E+11,Access Bank,Normal
12/05/2025,2025,5,IGR Collection Account,Contractor Payment,Debit,88044021,0,2.55507E+11,Access Bank,Normal
26/05/2025,2025,5,Treasury Single Account,IGR Collection Remittance,Credit,0,268972258,2.55776E+11,GTBank,Review
26/05/2025,2025,5,FAAC Account,Project Payment,Debit,288205301,0,2.55487E+11,GTBank,Review
25/05/2025,2025,5,FAAC Account,Payroll Payment,Debit,309539591,0,2.55178E+11,Access Bank,Review
03/05/2025,2025,5,Payroll Account,Project Payment,Debit,210261571,0,2.54968E+11,Zenith Bank,Normal
27/05/2025,2025,5,IGR Collection Account,Revenue Sweep from MDA,Credit,0,349622451,2.55317E+11,First Bank,Review
15/05/2025,2025,5,Treasury Single Account,IGR Collection Remittance,Credit,0,562279095,2.5588E+11,Access Bank,Review
14/05/2025,2025,5,FAAC Account,Contractor Payment,Debit,35678857,0,2.55844E+11,UBA,Normal
15/05/2025,2025,5,Recurrent Expenditure Account,Project Payment,Debit,346200735,0,2.55498E+11,GTBank,Review
05/05/2025,2025,5,Payroll Account,Bank Charges,Debit,312950889,0,2.55185E+11,Access Bank,Review
17/05/2025,2025,5,Payroll Account,Payroll Payment,Debit,25866587,0,2.55159E+11,GTBank,Normal
09/05/2025,2025,5,Payroll Account,Transfer to MDA,Debit,253806353,0,2.54905E+11,Zenith Bank,Review
11/05/2025,2025,5,IGR Collection Account,Federal Allocation Receipt,Credit,0,313781969,2.55219E+11,Zenith Bank,Review
10/05/2025,2025,5,FAAC Account,Bank Charges,Debit,233371331,0,2.54985E+11,Zenith Bank,Review
22/05/2025,2025,5,Payroll Account,Payroll Payment,Debit,308571239,0,2.54677E+11,First Bank,Review
24/05/2025,2025,5,Payroll Account,Refund Received,Credit,0,502730318,2.5518E+11,Keystone Bank,Review
06/05/2025,2025,5,Treasury Single Account,Federal Allocation Receipt,Credit,0,576882212,2.55757E+11,Zenith Bank,Review
14/05/2025,2025,5,FAAC Account,Refund Received,Credit,0,142553996,2.55899E+11,Keystone Bank,Normal
24/05/2025,2025,5,Capital Project Account,IGR Collection Remittance,Credit,0,457377442,2.56356E+11,Keystone Bank,Review
07/05/2025,2025,5,Recurrent Expenditure Account,Payroll Payment,Debit,146063255,0,2.5621E+11,Access Bank,Normal
13/05/2025,2025,5,Treasury Single Account,Federal Allocation Receipt,Credit,0,280621260,2.56491E+11,Access Bank,Review
19/05/2025,2025,5,FAAC Account,IGR Collection Remittance,Credit,0,454110519,2.56945E+11,First Bank,Review
12/05/2025,2025,5,Payroll Account,Transfer to MDA,Debit,175403291,0,2.5677E+11,GTBank,Normal
11/05/2025,2025,5,Recurrent Expenditure Account,Project Payment,Debit,160276153,0,2.56609E+11,Access Bank,Normal
02/05/2025,2025,5,FAAC Account,IGR Collection Remittance,Credit,0,296001461,2.56905E+11,Zenith Bank,Review
16/05/2025,2025,5,FAAC Account,Grant Receipt,Credit,0,496058129,2.57401E+11,GTBank,Review
06/05/2025,2025,5,IGR Collection Account,Federal Allocation Receipt,Credit,0,104423413,2.57506E+11,Keystone Bank,Normal
02/05/2025,2025,5,Treasury Single Account,Administrative Expense,Debit,84372984,0,2.57422E+11,GTBank,Normal
12/05/2025,2025,5,IGR Collection Account,IGR Collection Remittance,Credit,0,285029471,2.57707E+11,GTBank,Review
21/05/2025,2025,5,Capital Project Account,IGR Collection Remittance,Credit,0,597986778,2.58305E+11,GTBank,Review
01/05/2025,2025,5,Payroll Account,Bank Charges,Debit,88337995,0,2.58216E+11,Access Bank,Review
12/05/2025,2025,5,Payroll Account,Federal Allocation Receipt,Credit,0,335105545,2.58551E+11,First Bank,Review
27/05/2025,2025,5,IGR Collection Account,Administrative Expense,Debit,51126831,0,2.585E+11,Access Bank,Normal
07/05/2025,2025,5,Treasury Single Account,Contractor Payment,Debit,294183863,0,2.58206E+11,Zenith Bank,Review
17/05/2025,2025,5,IGR Collection Account,Contractor Payment,Debit,185863489,0,2.5802E+11,UBA,Normal
25/05/2025,2025,5,Recurrent Expenditure Account,IGR Collection Remittance,Credit,0,452680293,2.58473E+11,Access Bank,Review
14/05/2025,2025,5,Capital Project Account,Project Payment,Debit,111166909,0,2.58362E+11,First Bank,Normal
21/05/2025,2025,5,Treasury Single Account,Refund Received,Credit,0,509422506,2.58871E+11,Access Bank,Review
01/05/2025,2025,5,Recurrent Expenditure Account,Grant Receipt,Credit,0,306460678,2.59178E+11,Keystone Bank,Review
20/05/2025,2025,5,IGR Collection Account,Loan Repayment,Debit,183020639,0,2.58995E+11,UBA,Review
07/05/2025,2025,5,Treasury Single Account,Grant Receipt,Credit,0,525863662,2.5952E+11,First Bank,Review
18/05/2025,2025,5,Capital Project Account,Contractor Payment,Debit,11264351,0,2.59509E+11,UBA,Normal
07/05/2025,2025,5,Capital Project Account,Revenue Sweep from MDA,Credit,0,180387665,2.5969E+11,First Bank,Normal
11/05/2025,2025,5,FAAC Account,Payroll Payment,Debit,270868752,0,2.59419E+11,Zenith Bank,Review
01/05/2025,2025,5,Capital Project Account,Revenue Sweep from MDA,Credit,0,368211063,2.59787E+11,First Bank,Review
24/05/2025,2025,5,Payroll Account,Grant Receipt,Credit,0,491178338,2.60278E+11,UBA,Review
20/05/2025,2025,5,Payroll Account,Refund Received,Credit,0,53111320,2.60331E+11,Access Bank,Normal
19/05/2025,2025,5,Recurrent Expenditure Account,Bank Charges,Debit,221612472,0,2.6011E+11,Keystone Bank,Review
14/05/2025,2025,5,IGR Collection Account,IGR Collection Remittance,Credit,0,194164577,2.60304E+11,First Bank,Normal
15/05/2025,2025,5,Capital Project Account,Payroll Payment,Debit,240012638,0,2.60064E+11,Access Bank,Normal
14/05/2025,2025,5,Recurrent Expenditure Account,Payroll Payment,Debit,209817288,0,2.59854E+11,GTBank,Normal
09/05/2025,2025,5,FAAC Account,Federal Allocation Receipt,Credit,0,329684308,2.60184E+11,UBA,Review
01/05/2025,2025,5,IGR Collection Account,Federal Allocation Receipt,Credit,0,259922385,2.60443E+11,GTBank,Review
01/05/2025,2025,5,Payroll Account,Administrative Expense,Debit,267700326,0,2.60176E+11,Keystone Bank,Review
07/05/2025,2025,5,Payroll Account,Contractor Payment,Debit,34166966,0,2.60142E+11,First Bank,Normal
22/05/2025,2025,5,Recurrent Expenditure Account,Refund Received,Credit,0,440773713,2.60582E+11,Zenith Bank,Review
03/05/2025,2025,5,FAAC Account,Loan Repayment,Debit,260827300,0,2.60322E+11,Keystone Bank,Review
04/06/2025,2025,6,FAAC Account,IGR Collection Remittance,Credit,0,76417584,2.60398E+11,UBA,Normal
10/06/2025,2025,6,Treasury Single Account,Refund Received,Credit,0,410067754,2.60808E+11,GTBank,Review
24/06/2025,2025,6,Capital Project Account,Administrative Expense,Debit,50704256,0,2.60757E+11,Access Bank,Normal
11/06/2025,2025,6,Treasury Single Account,Refund Received,Credit,0,494739304,2.61252E+11,Access Bank,Review
16/06/2025,2025,6,IGR Collection Account,Administrative Expense,Debit,314901031,0,2.60937E+11,First Bank,Review
02/06/2025,2025,6,IGR Collection Account,Project Payment,Debit,267293224,0,2.6067E+11,GTBank,Review
17/06/2025,2025,6,Treasury Single Account,Loan Repayment,Debit,93780049,0,2.60576E+11,Access Bank,Review
16/06/2025,2025,6,Recurrent Expenditure Account,Contractor Payment,Debit,280019831,0,2.60296E+11,Access Bank,Review
22/06/2025,2025,6,Payroll Account,Contractor Payment,Debit,80627871,0,2.60215E+11,First Bank,Normal
21/06/2025,2025,6,Payroll Account,Grant Receipt,Credit,0,561690754,2.60777E+11,GTBank,Review
26/06/2025,2025,6,Treasury Single Account,Federal Allocation Receipt,Credit,0,599845850,2.61377E+11,Keystone Bank,Review
23/06/2025,2025,6,Payroll Account,Revenue Sweep from MDA,Credit,0,438394530,2.61815E+11,Access Bank,Review
06/06/2025,2025,6,Treasury Single Account,Payroll Payment,Debit,48475383,0,2.61767E+11,Zenith Bank,Normal
05/06/2025,2025,6,Treasury Single Account,Payroll Payment,Debit,338257809,0,2.61429E+11,UBA,Review
05/06/2025,2025,6,IGR Collection Account,Grant Receipt,Credit,0,50435827,2.61479E+11,Keystone Bank,Normal
04/06/2025,2025,6,Treasury Single Account,Loan Repayment,Debit,195584772,0,2.61283E+11,First Bank,Review
25/06/2025,2025,6,FAAC Account,Loan Repayment,Debit,165587428,0,2.61118E+11,GTBank,Review
17/06/2025,2025,6,IGR Collection Account,Project Payment,Debit,334736120,0,2.60783E+11,First Bank,Review
27/06/2025,2025,6,Payroll Account,Contractor Payment,Debit,255359186,0,2.60528E+11,Zenith Bank,Review
16/06/2025,2025,6,Recurrent Expenditure Account,Administrative Expense,Debit,6473739,0,2.60521E+11,Access Bank,Normal
24/06/2025,2025,6,Recurrent Expenditure Account,IGR Collection Remittance,Credit,0,104929398,2.60626E+11,UBA,Normal
13/06/2025,2025,6,Treasury Single Account,Payroll Payment,Debit,348344349,0,2.60278E+11,Keystone Bank,Review
07/06/2025,2025,6,Capital Project Account,IGR Collection Remittance,Credit,0,111432741,2.60389E+11,Zenith Bank,Normal
21/06/2025,2025,6,IGR Collection Account,Revenue Sweep from MDA,Credit,0,10037328,2.60399E+11,First Bank,Normal
18/06/2025,2025,6,Capital Project Account,Administrative Expense,Debit,211407517,0,2.60188E+11,Keystone Bank,Normal
22/06/2025,2025,6,Recurrent Expenditure Account,Contractor Payment,Debit,340686697,0,2.59847E+11,Access Bank,Review
09/06/2025,2025,6,Treasury Single Account,Grant Receipt,Credit,0,100808261,2.59948E+11,UBA,Normal
13/06/2025,2025,6,Payroll Account,Revenue Sweep from MDA,Credit,0,310445548,2.60259E+11,First Bank,Review
24/06/2025,2025,6,IGR Collection Account,Refund Received,Credit,0,8791752,2.60267E+11,UBA,Normal
06/06/2025,2025,6,Payroll Account,Refund Received,Credit,0,318157156,2.60586E+11,UBA,Review
14/06/2025,2025,6,Recurrent Expenditure Account,Loan Repayment,Debit,188228064,0,2.60397E+11,Access Bank,Review
06/06/2025,2025,6,Capital Project Account,Bank Charges,Debit,87920018,0,2.60309E+11,UBA,Review
06/06/2025,2025,6,Recurrent Expenditure Account,IGR Collection Remittance,Credit,0,444910476,2.60754E+11,Keystone Bank,Review
22/06/2025,2025,6,Treasury Single Account,Loan Repayment,Debit,301636055,0,2.60453E+11,Keystone Bank,Review
16/06/2025,2025,6,Recurrent Expenditure Account,Loan Repayment,Debit,48208529,0,2.60404E+11,GTBank,Review
10/06/2025,2025,6,Treasury Single Account,Grant Receipt,Credit,0,445583592,2.6085E+11,Keystone Bank,Review
27/06/2025,2025,6,FAAC Account,Bank Charges,Debit,191795288,0,2.60658E+11,UBA,Review
08/06/2025,2025,6,Treasury Single Account,Federal Allocation Receipt,Credit,0,447970702,2.61106E+11,Keystone Bank,Review
25/06/2025,2025,6,FAAC Account,Contractor Payment,Debit,46076699,0,2.6106E+11,UBA,Normal
22/06/2025,2025,6,Capital Project Account,Bank Charges,Debit,135091816,0,2.60925E+11,UBA,Review
03/06/2025,2025,6,Payroll Account,Federal Allocation Receipt,Credit,0,133389832,2.61058E+11,UBA,Normal
20/06/2025,2025,6,Recurrent Expenditure Account,Federal Allocation Receipt,Credit,0,564472412,2.61623E+11,First Bank,Review
15/06/2025,2025,6,Payroll Account,IGR Collection Remittance,Credit,0,364960263,2.61988E+11,Keystone Bank,Review
15/06/2025,2025,6,Capital Project Account,IGR Collection Remittance,Credit,0,338163827,2.62326E+11,First Bank,Review
15/06/2025,2025,6,Recurrent Expenditure Account,Project Payment,Debit,234751498,0,2.62091E+11,UBA,Normal
02/06/2025,2025,6,FAAC Account,Grant Receipt,Credit,0,259508881,2.62351E+11,GTBank,Review
13/06/2025,2025,6,Capital Project Account,Contractor Payment,Debit,191784355,0,2.62159E+11,GTBank,Normal
03/06/2025,2025,6,Treasury Single Account,Contractor Payment,Debit,192027161,0,2.61967E+11,First Bank,Normal
04/06/2025,2025,6,Treasury Single Account,Project Payment,Debit,331082744,0,2.61636E+11,GTBank,Review
07/06/2025,2025,6,Payroll Account,Contractor Payment,Debit,204700093,0,2.61431E+11,GTBank,Normal
19/06/2025,2025,6,Payroll Account,IGR Collection Remittance,Credit,0,492509697,2.61924E+11,Keystone Bank,Review
24/06/2025,2025,6,Capital Project Account,Administrative Expense,Debit,140482019,0,2.61783E+11,Zenith Bank,Normal
06/06/2025,2025,6,Treasury Single Account,Revenue Sweep from MDA,Credit,0,289320577,2.62073E+11,Access Bank,Review
28/06/2025,2025,6,IGR Collection Account,Grant Receipt,Credit,0,336829906,2.62409E+11,First Bank,Review
26/06/2025,2025,6,Payroll Account,Refund Received,Credit,0,215799509,2.62625E+11,Access Bank,Normal
24/06/2025,2025,6,Treasury Single Account,Transfer to MDA,Debit,56724882,0,2.62568E+11,Keystone Bank,Normal
08/06/2025,2025,6,Recurrent Expenditure Account,Contractor Payment,Debit,199861059,0,2.62369E+11,First Bank,Normal
18/06/2025,2025,6,FAAC Account,Contractor Payment,Debit,224038865,0,2.62145E+11,First Bank,Normal
03/06/2025,2025,6,Treasury Single Account,Payroll Payment,Debit,28718565,0,2.62116E+11,UBA,Normal
06/06/2025,2025,6,Treasury Single Account,IGR Collection Remittance,Credit,0,501264575,2.62617E+11,Access Bank,Review
10/06/2025,2025,6,IGR Collection Account,Contractor Payment,Debit,69601944,0,2.62547E+11,GTBank,Normal
04/06/2025,2025,6,FAAC Account,Revenue Sweep from MDA,Credit,0,255916059,2.62803E+11,GTBank,Review
27/06/2025,2025,6,FAAC Account,IGR Collection Remittance,Credit,0,138352204,2.62942E+11,Access Bank,Normal
26/06/2025,2025,6,FAAC Account,Contractor Payment,Debit,328753466,0,2.62613E+11,First Bank,Review
01/06/2025,2025,6,Recurrent Expenditure Account,Refund Received,Credit,0,575399974,2.63188E+11,GTBank,Review
24/06/2025,2025,6,Treasury Single Account,Grant Receipt,Credit,0,493149018,2.63682E+11,GTBank,Review
20/06/2025,2025,6,IGR Collection Account,Contractor Payment,Debit,316539528,0,2.63365E+11,Access Bank,Review
16/06/2025,2025,6,Payroll Account,Grant Receipt,Credit,0,223243653,2.63588E+11,First Bank,Normal
19/06/2025,2025,6,IGR Collection Account,Refund Received,Credit,0,15614253,2.63604E+11,UBA,Normal
20/06/2025,2025,6,Treasury Single Account,Payroll Payment,Debit,306329809,0,2.63298E+11,Keystone Bank,Review
06/07/2025,2025,7,Recurrent Expenditure Account,Federal Allocation Receipt,Credit,0,569089131,2.63867E+11,GTBank,Review
10/07/2025,2025,7,Capital Project Account,Project Payment,Debit,226998299,0,2.6364E+11,Access Bank,Normal
16/07/2025,2025,7,FAAC Account,Payroll Payment,Debit,270939853,0,2.63369E+11,GTBank,Review
28/07/2025,2025,7,Payroll Account,Transfer to MDA,Debit,149681177,0,2.63219E+11,UBA,Normal
24/07/2025,2025,7,FAAC Account,Project Payment,Debit,24658248,0,2.63194E+11,Zenith Bank,Normal
07/07/2025,2025,7,FAAC Account,Administrative Expense,Debit,46699068,0,2.63148E+11,Keystone Bank,Normal
10/07/2025,2025,7,FAAC Account,Payroll Payment,Debit,183932993,0,2.62964E+11,UBA,Normal
18/07/2025,2025,7,Recurrent Expenditure Account,Project Payment,Debit,127548476,0,2.62836E+11,Zenith Bank,Normal
23/07/2025,2025,7,Payroll Account,Revenue Sweep from MDA,Credit,0,572646495,2.63409E+11,Access Bank,Review
18/07/2025,2025,7,Treasury Single Account,IGR Collection Remittance,Credit,0,122689700,2.63531E+11,Access Bank,Normal
13/07/2025,2025,7,Payroll Account,IGR Collection Remittance,Credit,0,42812390,2.63574E+11,Zenith Bank,Normal
06/07/2025,2025,7,FAAC Account,Project Payment,Debit,263624498,0,2.63311E+11,Zenith Bank,Review
06/07/2025,2025,7,IGR Collection Account,Project Payment,Debit,33299090,0,2.63277E+11,Access Bank,Normal
08/07/2025,2025,7,Treasury Single Account,Revenue Sweep from MDA,Credit,0,63463105,2.63341E+11,Access Bank,Normal
28/07/2025,2025,7,Treasury Single Account,IGR Collection Remittance,Credit,0,23712726,2.63365E+11,Zenith Bank,Normal
10/07/2025,2025,7,IGR Collection Account,Federal Allocation Receipt,Credit,0,327399283,2.63692E+11,First Bank,Review
28/07/2025,2025,7,Recurrent Expenditure Account,Payroll Payment,Debit,76998107,0,2.63615E+11,Access Bank,Normal
25/07/2025,2025,7,Treasury Single Account,Revenue Sweep from MDA,Credit,0,370598000,2.63986E+11,UBA,Review
18/07/2025,2025,7,IGR Collection Account,Grant Receipt,Credit,0,320846089,2.64306E+11,GTBank,Review
23/07/2025,2025,7,Treasury Single Account,Transfer to MDA,Debit,305897007,0,2.64E+11,Zenith Bank,Review
05/07/2025,2025,7,FAAC Account,Payroll Payment,Debit,235561345,0,2.63765E+11,Access Bank,Normal
18/07/2025,2025,7,Recurrent Expenditure Account,Administrative Expense,Debit,235135680,0,2.6353E+11,First Bank,Normal
20/07/2025,2025,7,Payroll Account,Refund Received,Credit,0,386319108,2.63916E+11,UBA,Review
25/07/2025,2025,7,Recurrent Expenditure Account,Grant Receipt,Credit,0,79725418,2.63996E+11,Access Bank,Normal
09/07/2025,2025,7,Treasury Single Account,Grant Receipt,Credit,0,117051602,2.64113E+11,UBA,Normal
19/07/2025,2025,7,Recurrent Expenditure Account,Revenue Sweep from MDA,Credit,0,212499327,2.64325E+11,GTBank,Normal
11/07/2025,2025,7,Recurrent Expenditure Account,Project Payment,Debit,31231872,0,2.64294E+11,GTBank,Normal
08/07/2025,2025,7,Treasury Single Account,Project Payment,Debit,68918309,0,2.64225E+11,Keystone Bank,Normal
08/07/2025,2025,7,Capital Project Account,Refund Received,Credit,0,333653158,2.64559E+11,First Bank,Review
11/07/2025,2025,7,Treasury Single Account,IGR Collection Remittance,Credit,0,217995824,2.64777E+11,GTBank,Normal
23/07/2025,2025,7,Treasury Single Account,Payroll Payment,Debit,302406861,0,2.64474E+11,GTBank,Review
06/07/2025,2025,7,Capital Project Account,Contractor Payment,Debit,84198151,0,2.6439E+11,Keystone Bank,Normal
20/07/2025,2025,7,IGR Collection Account,Payroll Payment,Debit,96165613,0,2.64294E+11,Zenith Bank,Normal
11/07/2025,2025,7,FAAC Account,Refund Received,Credit,0,554959633,2.64849E+11,GTBank,Review
14/07/2025,2025,7,Recurrent Expenditure Account,Federal Allocation Receipt,Credit,0,128827186,2.64978E+11,Zenith Bank,Normal
14/07/2025,2025,7,FAAC Account,IGR Collection Remittance,Credit,0,141298534,2.65119E+11,Keystone Bank,Normal
05/07/2025,2025,7,Treasury Single Account,Federal Allocation Receipt,Credit,0,214138086,2.65333E+11,Keystone Bank,Normal
16/07/2025,2025,7,Payroll Account,Refund Received,Credit,0,91434663,2.65425E+11,UBA,Normal
13/07/2025,2025,7,Capital Project Account,Administrative Expense,Debit,155207929,0,2.6527E+11,First Bank,Normal
06/07/2025,2025,7,IGR Collection Account,Transfer to MDA,Debit,225055807,0,2.65045E+11,Access Bank,Normal
18/07/2025,2025,7,Recurrent Expenditure Account,Federal Allocation Receipt,Credit,0,170129646,2.65215E+11,UBA,Normal
26/07/2025,2025,7,FAAC Account,Transfer to MDA,Debit,40272714,0,2.65174E+11,Zenith Bank,Normal
22/07/2025,2025,7,IGR Collection Account,Federal Allocation Receipt,Credit,0,480761474,2.65655E+11,Access Bank,Review
26/07/2025,2025,7,FAAC Account,IGR Collection Remittance,Credit,0,174719008,2.6583E+11,GTBank,Normal
15/07/2025,2025,7,Payroll Account,Refund Received,Credit,0,228505515,2.66058E+11,Access Bank,Normal
20/07/2025,2025,7,FAAC Account,Administrative Expense,Debit,171550631,0,2.65887E+11,UBA,Normal
05/07/2025,2025,7,Capital Project Account,Grant Receipt,Credit,0,140401332,2.66027E+11,Access Bank,Normal
14/07/2025,2025,7,FAAC Account,Loan Repayment,Debit,14706954,0,2.66012E+11,Access Bank,Review
17/07/2025,2025,7,IGR Collection Account,Revenue Sweep from MDA,Credit,0,341950127,2.66354E+11,Keystone Bank,Review
24/07/2025,2025,7,Treasury Single Account,Federal Allocation Receipt,Credit,0,417100556,2.66772E+11,Access Bank,Review
14/07/2025,2025,7,Capital Project Account,Refund Received,Credit,0,67352056,2.66839E+11,UBA,Normal
26/07/2025,2025,7,IGR Collection Account,Administrative Expense,Debit,226122038,0,2.66613E+11,UBA,Normal
16/07/2025,2025,7,Payroll Account,Federal Allocation Receipt,Credit,0,593630296,2.67206E+11,UBA,Review
17/07/2025,2025,7,Payroll Account,Grant Receipt,Credit,0,100031928,2.67306E+11,UBA,Normal
06/07/2025,2025,7,Treasury Single Account,Payroll Payment,Debit,160706174,0,2.67146E+11,GTBank,Normal
10/07/2025,2025,7,FAAC Account,Bank Charges,Debit,237054055,0,2.66909E+11,Zenith Bank,Review
25/07/2025,2025,7,IGR Collection Account,Grant Receipt,Credit,0,345127958,2.67254E+11,UBA,Review
05/07/2025,2025,7,Treasury Single Account,Administrative Expense,Debit,124188989,0,2.6713E+11,Access Bank,Normal
28/07/2025,2025,7,FAAC Account,Refund Received,Credit,0,557842539,2.67687E+11,GTBank,Review
26/07/2025,2025,7,Payroll Account,Grant Receipt,Credit,0,19017128,2.67706E+11,GTBank,Normal
12/07/2025,2025,7,Payroll Account,Refund Received,Credit,0,401839802,2.68108E+11,Zenith Bank,Review
06/07/2025,2025,7,FAAC Account,Revenue Sweep from MDA,Credit,0,372513470,2.68481E+11,Keystone Bank,Review
10/07/2025,2025,7,Payroll Account,Loan Repayment,Debit,158145467,0,2.68323E+11,Zenith Bank,Review
18/07/2025,2025,7,FAAC Account,Refund Received,Credit,0,162369529,2.68485E+11,Keystone Bank,Normal
24/07/2025,2025,7,Recurrent Expenditure Account,Revenue Sweep from MDA,Credit,0,145586354,2.68631E+11,First Bank,Normal
10/07/2025,2025,7,Treasury Single Account,Revenue Sweep from MDA,Credit,0,565525476,2.69196E+11,GTBank,Review
02/07/2025,2025,7,Capital Project Account,Revenue Sweep from MDA,Credit,0,121979234,2.69318E+11,Zenith Bank,Normal
20/07/2025,2025,7,Treasury Single Account,Transfer to MDA,Debit,204047391,0,2.69114E+11,GTBank,Normal
25/07/2025,2025,7,FAAC Account,Contractor Payment,Debit,211630966,0,2.68902E+11,UBA,Normal
23/07/2025,2025,7,IGR Collection Account,Revenue Sweep from MDA,Credit,0,91293497,2.68994E+11,GTBank,Normal
04/08/2025,2025,8,Treasury Single Account,Payroll Payment,Debit,319509824,0,2.68674E+11,First Bank,Review
26/08/2025,2025,8,FAAC Account,IGR Collection Remittance,Credit,0,311711706,2.68986E+11,Zenith Bank,Review
14/08/2025,2025,8,FAAC Account,Refund Received,Credit,0,384171769,2.6937E+11,GTBank,Review
20/08/2025,2025,8,IGR Collection Account,Payroll Payment,Debit,266282989,0,2.69104E+11,Access Bank,Review
27/08/2025,2025,8,Treasury Single Account,Payroll Payment,Debit,119341801,0,2.68985E+11,Access Bank,Normal
28/08/2025,2025,8,FAAC Account,Federal Allocation Receipt,Credit,0,319996959,2.69305E+11,Keystone Bank,Review
19/08/2025,2025,8,FAAC Account,Project Payment,Debit,330108986,0,2.68974E+11,UBA,Review
24/08/2025,2025,8,IGR Collection Account,Refund Received,Credit,0,525037003,2.69499E+11,UBA,Review
23/08/2025,2025,8,Recurrent Expenditure Account,Transfer to MDA,Debit,237926855,0,2.69262E+11,First Bank,Normal
20/08/2025,2025,8,IGR Collection Account,Project Payment,Debit,107351121,0,2.69154E+11,First Bank,Normal
07/08/2025,2025,8,IGR Collection Account,IGR Collection Remittance,Credit,0,68058298,2.69222E+11,Access Bank,Normal
03/08/2025,2025,8,IGR Collection Account,Administrative Expense,Debit,59470220,0,2.69163E+11,First Bank,Normal
22/08/2025,2025,8,Recurrent Expenditure Account,Grant Receipt,Credit,0,166578500,2.69329E+11,UBA,Normal
23/08/2025,2025,8,Capital Project Account,Refund Received,Credit,0,140704874,2.6947E+11,First Bank,Normal
08/08/2025,2025,8,Payroll Account,Transfer to MDA,Debit,318051944,0,2.69152E+11,Access Bank,Review
23/08/2025,2025,8,Payroll Account,Payroll Payment,Debit,78808941,0,2.69073E+11,UBA,Normal
21/08/2025,2025,8,IGR Collection Account,Grant Receipt,Credit,0,506975325,2.6958E+11,GTBank,Review
20/08/2025,2025,8,Treasury Single Account,Revenue Sweep from MDA,Credit,0,294460281,2.69875E+11,Zenith Bank,Review
14/08/2025,2025,8,FAAC Account,Grant Receipt,Credit,0,496485393,2.70371E+11,Access Bank,Review
04/08/2025,2025,8,Payroll Account,Refund Received,Credit,0,16936560,2.70388E+11,Zenith Bank,Normal
28/08/2025,2025,8,Capital Project Account,Revenue Sweep from MDA,Credit,0,566289035,2.70954E+11,First Bank,Review
16/08/2025,2025,8,Treasury Single Account,Loan Repayment,Debit,317245538,0,2.70637E+11,First Bank,Review
24/08/2025,2025,8,IGR Collection Account,Bank Charges,Debit,45065258,0,2.70592E+11,Keystone Bank,Review
18/08/2025,2025,8,Treasury Single Account,Refund Received,Credit,0,346637151,2.70939E+11,First Bank,Review
17/08/2025,2025,8,Treasury Single Account,Bank Charges,Debit,226407201,0,2.70712E+11,First Bank,Review
16/08/2025,2025,8,Capital Project Account,Revenue Sweep from MDA,Credit,0,214570921,2.70927E+11,Zenith Bank,Normal
02/08/2025,2025,8,Payroll Account,Revenue Sweep from MDA,Credit,0,219187372,2.71146E+11,GTBank,Normal
06/08/2025,2025,8,Recurrent Expenditure Account,Federal Allocation Receipt,Credit,0,190867641,2.71337E+11,First Bank,Normal
02/08/2025,2025,8,FAAC Account,Project Payment,Debit,320412336,0,2.71016E+11,Zenith Bank,Review
05/08/2025,2025,8,Capital Project Account,Refund Received,Credit,0,293469991,2.7131E+11,UBA,Review
18/08/2025,2025,8,Treasury Single Account,IGR Collection Remittance,Credit,0,435398013,2.71745E+11,Access Bank,Review
27/08/2025,2025,8,Recurrent Expenditure Account,Contractor Payment,Debit,31325017,0,2.71714E+11,Zenith Bank,Normal
20/08/2025,2025,8,Capital Project Account,Administrative Expense,Debit,2382202,0,2.71712E+11,Zenith Bank,Normal
01/08/2025,2025,8,Recurrent Expenditure Account,Federal Allocation Receipt,Credit,0,350626303,2.72062E+11,UBA,Review
08/08/2025,2025,8,FAAC Account,Bank Charges,Debit,30855340,0,2.72031E+11,UBA,Review
28/08/2025,2025,8,FAAC Account,Administrative Expense,Debit,241204385,0,2.7179E+11,Zenith Bank,Normal
07/08/2025,2025,8,Capital Project Account,Contractor Payment,Debit,121663723,0,2.71669E+11,Zenith Bank,Normal
02/08/2025,2025,8,Payroll Account,Grant Receipt,Credit,0,149104621,2.71818E+11,First Bank,Normal
11/08/2025,2025,8,FAAC Account,Transfer to MDA,Debit,71097009,0,2.71747E+11,Keystone Bank,Normal
04/08/2025,2025,8,Capital Project Account,Transfer to MDA,Debit,299688728,0,2.71447E+11,Access Bank,Review
06/08/2025,2025,8,Payroll Account,Refund Received,Credit,0,132726652,2.7158E+11,UBA,Normal
12/08/2025,2025,8,Recurrent Expenditure Account,IGR Collection Remittance,Credit,0,366066661,2.71946E+11,GTBank,Review
08/08/2025,2025,8,Capital Project Account,Revenue Sweep from MDA,Credit,0,345219568,2.72291E+11,UBA,Review
21/08/2025,2025,8,Recurrent Expenditure Account,Bank Charges,Debit,219770232,0,2.72071E+11,GTBank,Review
06/08/2025,2025,8,IGR Collection Account,Revenue Sweep from MDA,Credit,0,165910530,2.72237E+11,UBA,Normal
25/08/2025,2025,8,Recurrent Expenditure Account,Loan Repayment,Debit,193221326,0,2.72044E+11,UBA,Review
09/08/2025,2025,8,Recurrent Expenditure Account,Refund Received,Credit,0,370443493,2.72414E+11,UBA,Review
28/08/2025,2025,8,Payroll Account,Refund Received,Credit,0,232562119,2.72647E+11,First Bank,Normal
01/08/2025,2025,8,Payroll Account,Bank Charges,Debit,14962876,0,2.72632E+11,GTBank,Review
26/08/2025,2025,8,Capital Project Account,Transfer to MDA,Debit,47823472,0,2.72584E+11,Keystone Bank,Normal
14/08/2025,2025,8,Capital Project Account,Transfer to MDA,Debit,63535513,0,2.7252E+11,Zenith Bank,Normal
26/08/2025,2025,8,Payroll Account,Bank Charges,Debit,258084593,0,2.72262E+11,Access Bank,Review
14/08/2025,2025,8,FAAC Account,Grant Receipt,Credit,0,86603018,2.72349E+11,Zenith Bank,Normal
04/08/2025,2025,8,IGR Collection Account,Payroll Payment,Debit,165982491,0,2.72183E+11,First Bank,Normal
28/08/2025,2025,8,Capital Project Account,Grant Receipt,Credit,0,132831863,2.72316E+11,GTBank,Normal
11/08/2025,2025,8,Treasury Single Account,Administrative Expense,Debit,112326881,0,2.72203E+11,Keystone Bank,Normal
05/08/2025,2025,8,Payroll Account,Federal Allocation Receipt,Credit,0,313044219,2.72517E+11,First Bank,Review
05/08/2025,2025,8,IGR Collection Account,Federal Allocation Receipt,Credit,0,15435793,2.72532E+11,GTBank,Normal
01/08/2025,2025,8,IGR Collection Account,Payroll Payment,Debit,317650610,0,2.72214E+11,Keystone Bank,Review
05/08/2025,2025,8,Treasury Single Account,Loan Repayment,Debit,239976172,0,2.71974E+11,Zenith Bank,Review
20/08/2025,2025,8,Capital Project Account,Project Payment,Debit,330852211,0,2.71643E+11,Keystone Bank,Review
18/08/2025,2025,8,Payroll Account,Federal Allocation Receipt,Credit,0,225383983,2.71869E+11,Access Bank,Normal
11/08/2025,2025,8,FAAC Account,IGR Collection Remittance,Credit,0,302536074,2.72171E+11,First Bank,Review
22/08/2025,2025,8,IGR Collection Account,Loan Repayment,Debit,179138050,0,2.71992E+11,GTBank,Review
15/08/2025,2025,8,IGR Collection Account,Loan Repayment,Debit,181885699,0,2.7181E+11,Access Bank,Review
08/08/2025,2025,8,Recurrent Expenditure Account,Transfer to MDA,Debit,175731844,0,2.71635E+11,First Bank,Normal
21/08/2025,2025,8,Payroll Account,IGR Collection Remittance,Credit,0,434735571,2.72069E+11,Access Bank,Review
01/08/2025,2025,8,Capital Project Account,Refund Received,Credit,0,272664238,2.72342E+11,Access Bank,Review
23/08/2025,2025,8,IGR Collection Account,Loan Repayment,Debit,175663254,0,2.72166E+11,Zenith Bank,Review
28/08/2025,2025,8,Recurrent Expenditure Account,Revenue Sweep from MDA,Credit,0,577768104,2.72744E+11,Access Bank,Review
24/09/2025,2025,9,Treasury Single Account,Revenue Sweep from MDA,Credit,0,143801809,2.72888E+11,Zenith Bank,Normal
11/09/2025,2025,9,FAAC Account,Transfer to MDA,Debit,163142906,0,2.72725E+11,Access Bank,Normal
01/09/2025,2025,9,IGR Collection Account,Transfer to MDA,Debit,202985712,0,2.72522E+11,Keystone Bank,Normal
10/09/2025,2025,9,Treasury Single Account,Grant Receipt,Credit,0,436447997,2.72958E+11,GTBank,Review
23/09/2025,2025,9,IGR Collection Account,Project Payment,Debit,49562932,0,2.72909E+11,First Bank,Normal
21/09/2025,2025,9,Capital Project Account,Project Payment,Debit,215903315,0,2.72693E+11,Keystone Bank,Normal
15/09/2025,2025,9,IGR Collection Account,Project Payment,Debit,282715747,0,2.7241E+11,Zenith Bank,Review
21/09/2025,2025,9,Recurrent Expenditure Account,Bank Charges,Debit,5666847,0,2.72404E+11,First Bank,Review
25/09/2025,2025,9,Payroll Account,IGR Collection Remittance,Credit,0,442567144,2.72847E+11,Keystone Bank,Review
13/09/2025,2025,9,Capital Project Account,Grant Receipt,Credit,0,205499972,2.73052E+11,Access Bank,Normal
02/09/2025,2025,9,IGR Collection Account,Federal Allocation Receipt,Credit,0,240691332,2.73293E+11,Zenith Bank,Normal
21/09/2025,2025,9,Treasury Single Account,Revenue Sweep from MDA,Credit,0,417279135,2.7371E+11,Keystone Bank,Review
24/09/2025,2025,9,Recurrent Expenditure Account,Project Payment,Debit,22151475,0,2.73688E+11,UBA,Normal
06/09/2025,2025,9,IGR Collection Account,Federal Allocation Receipt,Credit,0,24770419,2.73713E+11,Keystone Bank,Normal
20/09/2025,2025,9,Treasury Single Account,Bank Charges,Debit,60090553,0,2.73653E+11,First Bank,Review
23/09/2025,2025,9,IGR Collection Account,Revenue Sweep from MDA,Credit,0,189803615,2.73843E+11,GTBank,Normal
06/09/2025,2025,9,Capital Project Account,Refund Received,Credit,0,514080617,2.74357E+11,UBA,Review
02/09/2025,2025,9,Payroll Account,Federal Allocation Receipt,Credit,0,552517631,2.74909E+11,Zenith Bank,Review
18/09/2025,2025,9,Capital Project Account,Payroll Payment,Debit,161992304,0,2.74747E+11,GTBank,Normal
18/09/2025,2025,9,Treasury Single Account,Grant Receipt,Credit,0,83958885,2.74831E+11,Zenith Bank,Normal
16/09/2025,2025,9,Capital Project Account,Refund Received,Credit,0,49560798,2.74881E+11,Keystone Bank,Normal
04/09/2025,2025,9,IGR Collection Account,Bank Charges,Debit,281791765,0,2.74599E+11,UBA,Review
24/09/2025,2025,9,Payroll Account,Transfer to MDA,Debit,332075917,0,2.74267E+11,Access Bank,Review
10/09/2025,2025,9,Capital Project Account,Federal Allocation Receipt,Credit,0,102483771,2.7437E+11,GTBank,Normal
21/09/2025,2025,9,Recurrent Expenditure Account,Refund Received,Credit,0,111706536,2.74481E+11,Access Bank,Normal
24/09/2025,2025,9,Recurrent Expenditure Account,IGR Collection Remittance,Credit,0,315537306,2.74797E+11,GTBank,Review
07/09/2025,2025,9,Recurrent Expenditure Account,Contractor Payment,Debit,308029265,0,2.74489E+11,Access Bank,Review
12/09/2025,2025,9,Recurrent Expenditure Account,IGR Collection Remittance,Credit,0,280673166,2.74769E+11,First Bank,Review
16/09/2025,2025,9,FAAC Account,Administrative Expense,Debit,217524413,0,2.74552E+11,UBA,Normal
06/09/2025,2025,9,Capital Project Account,Administrative Expense,Debit,272454227,0,2.74279E+11,Zenith Bank,Review
01/09/2025,2025,9,Treasury Single Account,Transfer to MDA,Debit,1104022,0,2.74278E+11,First Bank,Normal
27/09/2025,2025,9,Treasury Single Account,Transfer to MDA,Debit,217868290,0,2.7406E+11,First Bank,Normal
28/09/2025,2025,9,Treasury Single Account,Revenue Sweep from MDA,Credit,0,499647275,2.7456E+11,Zenith Bank,Review
12/09/2025,2025,9,Recurrent Expenditure Account,Contractor Payment,Debit,46836417,0,2.74513E+11,Keystone Bank,Normal
24/09/2025,2025,9,Recurrent Expenditure Account,Transfer to MDA,Debit,84951124,0,2.74428E+11,Zenith Bank,Normal
28/09/2025,2025,9,Recurrent Expenditure Account,Project Payment,Debit,285536577,0,2.74143E+11,Access Bank,Review
01/09/2025,2025,9,Capital Project Account,Grant Receipt,Credit,0,6759864,2.7415E+11,GTBank,Normal
17/09/2025,2025,9,Capital Project Account,Bank Charges,Debit,111264163,0,2.74038E+11,First Bank,Review
03/09/2025,2025,9,IGR Collection Account,Grant Receipt,Credit,0,218076586,2.74256E+11,Keystone Bank,Normal
28/09/2025,2025,9,Capital Project Account,Grant Receipt,Credit,0,540484546,2.74797E+11,UBA,Review
24/09/2025,2025,9,Recurrent Expenditure Account,Federal Allocation Receipt,Credit,0,124740782,2.74922E+11,Zenith Bank,Normal
25/09/2025,2025,9,Payroll Account,Administrative Expense,Debit,198842213,0,2.74723E+11,First Bank,Normal
08/09/2025,2025,9,FAAC Account,Transfer to MDA,Debit,36978512,0,2.74686E+11,Zenith Bank,Normal
06/09/2025,2025,9,Recurrent Expenditure Account,Contractor Payment,Debit,179653965,0,2.74506E+11,First Bank,Normal
04/09/2025,2025,9,Recurrent Expenditure Account,Grant Receipt,Credit,0,312822680,2.74819E+11,Access Bank,Review
23/09/2025,2025,9,Recurrent Expenditure Account,Refund Received,Credit,0,356407693,2.75175E+11,First Bank,Review
13/09/2025,2025,9,Payroll Account,IGR Collection Remittance,Credit,0,568475184,2.75744E+11,Zenith Bank,Review
21/09/2025,2025,9,Treasury Single Account,Federal Allocation Receipt,Credit,0,485783321,2.7623E+11,GTBank,Review
08/09/2025,2025,9,FAAC Account,Grant Receipt,Credit,0,12651260,2.76242E+11,Access Bank,Normal
23/09/2025,2025,9,Treasury Single Account,IGR Collection Remittance,Credit,0,84902224,2.76327E+11,Zenith Bank,Normal
23/09/2025,2025,9,Capital Project Account,IGR Collection Remittance,Credit,0,17567869,2.76345E+11,GTBank,Normal
17/09/2025,2025,9,Treasury Single Account,Grant Receipt,Credit,0,54631551,2.76399E+11,Access Bank,Normal
11/09/2025,2025,9,Recurrent Expenditure Account,Refund Received,Credit,0,33843867,2.76433E+11,GTBank,Normal
04/09/2025,2025,9,Treasury Single Account,Project Payment,Debit,118493970,0,2.76315E+11,GTBank,Normal
26/09/2025,2025,9,FAAC Account,Payroll Payment,Debit,105775641,0,2.76209E+11,First Bank,Normal
23/09/2025,2025,9,FAAC Account,Payroll Payment,Debit,44153199,0,2.76165E+11,UBA,Normal
17/09/2025,2025,9,Recurrent Expenditure Account,Federal Allocation Receipt,Credit,0,450362394,2.76615E+11,UBA,Review
02/09/2025,2025,9,IGR Collection Account,Federal Allocation Receipt,Credit,0,392702465,2.77008E+11,GTBank,Review
22/09/2025,2025,9,IGR Collection Account,IGR Collection Remittance,Credit,0,42085753,2.7705E+11,Zenith Bank,Normal
20/09/2025,2025,9,Payroll Account,Contractor Payment,Debit,138554440,0,2.76911E+11,Keystone Bank,Normal
11/09/2025,2025,9,Payroll Account,Bank Charges,Debit,248764695,0,2.76663E+11,GTBank,Review
10/09/2025,2025,9,Payroll Account,Federal Allocation Receipt,Credit,0,387531759,2.7705E+11,UBA,Review
20/09/2025,2025,9,Treasury Single Account,Refund Received,Credit,0,515781962,2.77566E+11,UBA,Review
10/09/2025,2025,9,Treasury Single Account,Bank Charges,Debit,129345694,0,2.77437E+11,First Bank,Review
09/09/2025,2025,9,FAAC Account,Grant Receipt,Credit,0,239338559,2.77676E+11,UBA,Normal
20/09/2025,2025,9,Treasury Single Account,Grant Receipt,Credit,0,24866521,2.77701E+11,UBA,Normal
20/09/2025,2025,9,Capital Project Account,Bank Charges,Debit,300497130,0,2.774E+11,Keystone Bank,Review
10/09/2025,2025,9,FAAC Account,Loan Repayment,Debit,77126119,0,2.77323E+11,GTBank,Review
19/09/2025,2025,9,Capital Project Account,Refund Received,Credit,0,480396579,2.77804E+11,UBA,Review
24/09/2025,2025,9,Payroll Account,Project Payment,Debit,193823402,0,2.7761E+11,UBA,Normal
11/10/2025,2025,10,Payroll Account,Federal Allocation Receipt,Credit,0,454207920,2.78064E+11,GTBank,Review
26/10/2025,2025,10,Capital Project Account,Loan Repayment,Debit,26144041,0,2.78038E+11,First Bank,Review
15/10/2025,2025,10,Payroll Account,Loan Repayment,Debit,99736982,0,2.77938E+11,UBA,Review
17/10/2025,2025,10,Treasury Single Account,Refund Received,Credit,0,143919312,2.78082E+11,Keystone Bank,Normal
06/10/2025,2025,10,Payroll Account,Administrative Expense,Debit,301878750,0,2.7778E+11,UBA,Review
24/10/2025,2025,10,Treasury Single Account,Loan Repayment,Debit,182208228,0,2.77598E+11,GTBank,Review
03/10/2025,2025,10,FAAC Account,IGR Collection Remittance,Credit,0,261373312,2.77859E+11,Access Bank,Review
11/10/2025,2025,10,Payroll Account,Contractor Payment,Debit,197262786,0,2.77662E+11,Access Bank,Normal
10/10/2025,2025,10,Capital Project Account,Administrative Expense,Debit,313340802,0,2.77349E+11,Access Bank,Review
24/10/2025,2025,10,Payroll Account,Loan Repayment,Debit,293958136,0,2.77055E+11,Zenith Bank,Review
21/10/2025,2025,10,Treasury Single Account,Bank Charges,Debit,129026094,0,2.76926E+11,Zenith Bank,Review
25/10/2025,2025,10,Recurrent Expenditure Account,Transfer to MDA,Debit,178154068,0,2.76748E+11,GTBank,Normal
06/10/2025,2025,10,Capital Project Account,Payroll Payment,Debit,312475897,0,2.76435E+11,UBA,Review
06/10/2025,2025,10,Payroll Account,Contractor Payment,Debit,42218018,0,2.76393E+11,First Bank,Normal
02/10/2025,2025,10,Capital Project Account,Bank Charges,Debit,255009881,0,2.76138E+11,Access Bank,Review
12/10/2025,2025,10,Capital Project Account,Federal Allocation Receipt,Credit,0,44787369,2.76183E+11,Keystone Bank,Normal
15/10/2025,2025,10,Treasury Single Account,IGR Collection Remittance,Credit,0,350607315,2.76533E+11,Access Bank,Review
18/10/2025,2025,10,IGR Collection Account,IGR Collection Remittance,Credit,0,81236974,2.76614E+11,Keystone Bank,Normal
08/10/2025,2025,10,Capital Project Account,Refund Received,Credit,0,396307332,2.77011E+11,First Bank,Review
28/10/2025,2025,10,IGR Collection Account,Revenue Sweep from MDA,Credit,0,72252703,2.77083E+11,Keystone Bank,Normal
02/10/2025,2025,10,Recurrent Expenditure Account,Refund Received,Credit,0,381766975,2.77465E+11,First Bank,Review
18/10/2025,2025,10,Recurrent Expenditure Account,Refund Received,Credit,0,223159772,2.77688E+11,Access Bank,Normal
12/10/2025,2025,10,FAAC Account,IGR Collection Remittance,Credit,0,440211528,2.78128E+11,Access Bank,Review
05/10/2025,2025,10,Payroll Account,Grant Receipt,Credit,0,75941347,2.78204E+11,UBA,Normal
18/10/2025,2025,10,Recurrent Expenditure Account,Revenue Sweep from MDA,Credit,0,85395644,2.78289E+11,First Bank,Normal
18/10/2025,2025,10,Treasury Single Account,Federal Allocation Receipt,Credit,0,71814519,2.78361E+11,Keystone Bank,Normal
22/10/2025,2025,10,FAAC Account,IGR Collection Remittance,Credit,0,346750028,2.78708E+11,GTBank,Review
16/10/2025,2025,10,IGR Collection Account,Refund Received,Credit,0,437099456,2.79145E+11,Keystone Bank,Review
18/10/2025,2025,10,Payroll Account,Administrative Expense,Debit,188497981,0,2.78957E+11,GTBank,Normal
10/10/2025,2025,10,Recurrent Expenditure Account,Refund Received,Credit,0,537243417,2.79494E+11,GTBank,Review
16/10/2025,2025,10,Recurrent Expenditure Account,IGR Collection Remittance,Credit,0,55705125,2.7955E+11,First Bank,Normal
24/10/2025,2025,10,FAAC Account,Refund Received,Credit,0,581163070,2.80131E+11,Access Bank,Review
01/10/2025,2025,10,FAAC Account,Refund Received,Credit,0,368673252,2.80499E+11,First Bank,Review
10/10/2025,2025,10,Payroll Account,Revenue Sweep from MDA,Credit,0,597563467,2.81097E+11,Access Bank,Review
09/10/2025,2025,10,Capital Project Account,Federal Allocation Receipt,Credit,0,90399979,2.81187E+11,UBA,Normal
02/10/2025,2025,10,IGR Collection Account,Loan Repayment,Debit,257505217,0,2.8093E+11,Access Bank,Review
27/10/2025,2025,10,FAAC Account,IGR Collection Remittance,Credit,0,498431470,2.81428E+11,GTBank,Review
21/10/2025,2025,10,Payroll Account,Payroll Payment,Debit,68676219,0,2.8136E+11,First Bank,Normal
10/10/2025,2025,10,Capital Project Account,Grant Receipt,Credit,0,282713022,2.81642E+11,First Bank,Review
25/10/2025,2025,10,Recurrent Expenditure Account,Contractor Payment,Debit,190104464,0,2.81452E+11,Zenith Bank,Normal
02/10/2025,2025,10,Capital Project Account,Revenue Sweep from MDA,Credit,0,265762617,2.81718E+11,Keystone Bank,Review
19/10/2025,2025,10,FAAC Account,Revenue Sweep from MDA,Credit,0,183339162,2.81901E+11,UBA,Normal
12/10/2025,2025,10,FAAC Account,Revenue Sweep from MDA,Credit,0,524425443,2.82426E+11,Zenith Bank,Review
15/10/2025,2025,10,FAAC Account,Administrative Expense,Debit,9287262,0,2.82417E+11,Access Bank,Normal
09/10/2025,2025,10,Treasury Single Account,Transfer to MDA,Debit,339190606,0,2.82077E+11,Zenith Bank,Review
23/10/2025,2025,10,Payroll Account,Project Payment,Debit,90414020,0,2.81987E+11,UBA,Normal
11/10/2025,2025,10,Capital Project Account,Federal Allocation Receipt,Credit,0,489844837,2.82477E+11,GTBank,Review
22/10/2025,2025,10,Capital Project Account,Grant Receipt,Credit,0,428864464,2.82906E+11,First Bank,Review
22/10/2025,2025,10,Recurrent Expenditure Account,Refund Received,Credit,0,374713400,2.8328E+11,GTBank,Review
15/10/2025,2025,10,FAAC Account,Contractor Payment,Debit,306529940,0,2.82974E+11,Zenith Bank,Review
22/10/2025,2025,10,Treasury Single Account,Project Payment,Debit,155009475,0,2.82819E+11,UBA,Normal
22/10/2025,2025,10,Payroll Account,Grant Receipt,Credit,0,405503444,2.83224E+11,Keystone Bank,Review
18/10/2025,2025,10,Capital Project Account,Bank Charges,Debit,76919143,0,2.83147E+11,First Bank,Review
19/10/2025,2025,10,Treasury Single Account,Payroll Payment,Debit,105924735,0,2.83041E+11,UBA,Normal
18/10/2025,2025,10,FAAC Account,Project Payment,Debit,203977643,0,2.82837E+11,UBA,Normal
18/10/2025,2025,10,IGR Collection Account,Contractor Payment,Debit,58917138,0,2.82779E+11,First Bank,Normal
08/10/2025,2025,10,Recurrent Expenditure Account,Grant Receipt,Credit,0,73617455,2.82852E+11,First Bank,Normal
09/10/2025,2025,10,IGR Collection Account,Administrative Expense,Debit,120048833,0,2.82732E+11,First Bank,Normal
20/10/2025,2025,10,Treasury Single Account,Revenue Sweep from MDA,Credit,0,534941889,2.83267E+11,Zenith Bank,Review
19/10/2025,2025,10,FAAC Account,Revenue Sweep from MDA,Credit,0,420801976,2.83688E+11,First Bank,Review
02/10/2025,2025,10,Recurrent Expenditure Account,Contractor Payment,Debit,46877054,0,2.83641E+11,Access Bank,Normal
08/10/2025,2025,10,Treasury Single Account,Bank Charges,Debit,249595544,0,2.83391E+11,Access Bank,Review
17/10/2025,2025,10,Recurrent Expenditure Account,Federal Allocation Receipt,Credit,0,540533959,2.83932E+11,Keystone Bank,Review
19/10/2025,2025,10,FAAC Account,Transfer to MDA,Debit,152683471,0,2.83779E+11,Zenith Bank,Normal
11/10/2025,2025,10,IGR Collection Account,Loan Repayment,Debit,272195475,0,2.83507E+11,Access Bank,Review
21/10/2025,2025,10,Capital Project Account,IGR Collection Remittance,Credit,0,254428552,2.83761E+11,UBA,Review
01/10/2025,2025,10,Treasury Single Account,Loan Repayment,Debit,267863288,0,2.83494E+11,Access Bank,Review
15/10/2025,2025,10,IGR Collection Account,Federal Allocation Receipt,Credit,0,559690547,2.84053E+11,Zenith Bank,Review
25/10/2025,2025,10,IGR Collection Account,Grant Receipt,Credit,0,78499707,2.84132E+11,UBA,Normal
21/10/2025,2025,10,Capital Project Account,Contractor Payment,Debit,318661349,0,2.83813E+11,Keystone Bank,Review
06/11/2025,2025,11,Recurrent Expenditure Account,Contractor Payment,Debit,201592412,0,2.83612E+11,Keystone Bank,Normal
05/11/2025,2025,11,Treasury Single Account,Revenue Sweep from MDA,Credit,0,123542721,2.83735E+11,Access Bank,Normal
24/11/2025,2025,11,Recurrent Expenditure Account,Revenue Sweep from MDA,Credit,0,108887894,2.83844E+11,Keystone Bank,Normal
05/11/2025,2025,11,FAAC Account,Loan Repayment,Debit,210180478,0,2.83634E+11,UBA,Review
02/11/2025,2025,11,IGR Collection Account,Federal Allocation Receipt,Credit,0,427422612,2.84061E+11,GTBank,Review
27/11/2025,2025,11,FAAC Account,Revenue Sweep from MDA,Credit,0,525652951,2.84587E+11,Zenith Bank,Review
26/11/2025,2025,11,Payroll Account,Federal Allocation Receipt,Credit,0,135429993,2.84722E+11,UBA,Normal
15/11/2025,2025,11,Treasury Single Account,Loan Repayment,Debit,81204945,0,2.84641E+11,Keystone Bank,Review
09/11/2025,2025,11,IGR Collection Account,Transfer to MDA,Debit,129932471,0,2.84511E+11,GTBank,Normal
16/11/2025,2025,11,Treasury Single Account,Payroll Payment,Debit,292050185,0,2.84219E+11,Keystone Bank,Review
13/11/2025,2025,11,IGR Collection Account,Grant Receipt,Credit,0,418183665,2.84637E+11,GTBank,Review
19/11/2025,2025,11,Payroll Account,Federal Allocation Receipt,Credit,0,84912252,2.84722E+11,UBA,Normal
25/11/2025,2025,11,FAAC Account,Refund Received,Credit,0,46133232,2.84768E+11,First Bank,Normal
28/11/2025,2025,11,Payroll Account,Payroll Payment,Debit,100605633,0,2.84668E+11,Zenith Bank,Normal
08/11/2025,2025,11,FAAC Account,Project Payment,Debit,260387693,0,2.84407E+11,First Bank,Review
04/11/2025,2025,11,Capital Project Account,Bank Charges,Debit,118095338,0,2.84289E+11,UBA,Review
26/11/2025,2025,11,FAAC Account,Loan Repayment,Debit,165452346,0,2.84124E+11,Access Bank,Review
04/11/2025,2025,11,Recurrent Expenditure Account,Revenue Sweep from MDA,Credit,0,387526047,2.84511E+11,Zenith Bank,Review
05/11/2025,2025,11,IGR Collection Account,Project Payment,Debit,203694816,0,2.84308E+11,Zenith Bank,Normal
17/11/2025,2025,11,Treasury Single Account,Payroll Payment,Debit,10094187,0,2.84298E+11,UBA,Normal
15/11/2025,2025,11,Payroll Account,Revenue Sweep from MDA,Credit,0,276352170,2.84574E+11,GTBank,Review
06/11/2025,2025,11,Recurrent Expenditure Account,Federal Allocation Receipt,Credit,0,278863870,2.84853E+11,Zenith Bank,Review
05/11/2025,2025,11,IGR Collection Account,Project Payment,Debit,201223648,0,2.84652E+11,UBA,Normal
17/11/2025,2025,11,Recurrent Expenditure Account,Bank Charges,Debit,126531589,0,2.84525E+11,GTBank,Review
15/11/2025,2025,11,Recurrent Expenditure Account,Bank Charges,Debit,38540566,0,2.84486E+11,Access Bank,Review
11/11/2025,2025,11,FAAC Account,Project Payment,Debit,88926138,0,2.84398E+11,Zenith Bank,Normal
14/11/2025,2025,11,Payroll Account,Federal Allocation Receipt,Credit,0,340485201,2.84738E+11,UBA,Review
13/11/2025,2025,11,Capital Project Account,Transfer to MDA,Debit,40372981,0,2.84698E+11,GTBank,Normal
05/11/2025,2025,11,Capital Project Account,Transfer to MDA,Debit,229682590,0,2.84468E+11,GTBank,Normal
13/11/2025,2025,11,Payroll Account,Revenue Sweep from MDA,Credit,0,323467270,2.84791E+11,Zenith Bank,Review
26/11/2025,2025,11,IGR Collection Account,Transfer to MDA,Debit,231656198,0,2.8456E+11,UBA,Normal
22/11/2025,2025,11,Capital Project Account,Revenue Sweep from MDA,Credit,0,81103594,2.84641E+11,GTBank,Normal
15/11/2025,2025,11,Recurrent Expenditure Account,Refund Received,Credit,0,117136995,2.84758E+11,Access Bank,Normal
06/11/2025,2025,11,Recurrent Expenditure Account,Grant Receipt,Credit,0,62518032,2.84821E+11,Keystone Bank,Normal
07/11/2025,2025,11,FAAC Account,IGR Collection Remittance,Credit,0,82000408,2.84903E+11,Zenith Bank,Normal
22/11/2025,2025,11,Treasury Single Account,Contractor Payment,Debit,263804632,0,2.84639E+11,First Bank,Review
12/11/2025,2025,11,Capital Project Account,Payroll Payment,Debit,82763373,0,2.84556E+11,Zenith Bank,Normal
07/11/2025,2025,11,Capital Project Account,Grant Receipt,Credit,0,495898327,2.85052E+11,First Bank,Review
19/11/2025,2025,11,Payroll Account,Contractor Payment,Debit,154488495,0,2.84897E+11,Access Bank,Normal
12/11/2025,2025,11,FAAC Account,Revenue Sweep from MDA,Credit,0,518262346,2.85416E+11,GTBank,Review
12/11/2025,2025,11,Payroll Account,Revenue Sweep from MDA,Credit,0,14089617,2.8543E+11,UBA,Normal
06/11/2025,2025,11,Recurrent Expenditure Account,Grant Receipt,Credit,0,504198546,2.85934E+11,GTBank,Review
09/11/2025,2025,11,Recurrent Expenditure Account,Grant Receipt,Credit,0,133577079,2.86068E+11,Access Bank,Normal
20/11/2025,2025,11,IGR Collection Account,IGR Collection Remittance,Credit,0,260239655,2.86328E+11,Zenith Bank,Review
27/11/2025,2025,11,Capital Project Account,Administrative Expense,Debit,61194042,0,2.86267E+11,UBA,Normal
22/11/2025,2025,11,Payroll Account,Federal Allocation Receipt,Credit,0,99546541,2.86366E+11,Access Bank,Normal
19/11/2025,2025,11,Recurrent Expenditure Account,Transfer to MDA,Debit,185358724,0,2.86181E+11,Zenith Bank,Normal
09/11/2025,2025,11,Treasury Single Account,Contractor Payment,Debit,157925694,0,2.86023E+11,First Bank,Normal
14/11/2025,2025,11,FAAC Account,Federal Allocation Receipt,Credit,0,200477903,2.86223E+11,Keystone Bank,Normal
04/11/2025,2025,11,Recurrent Expenditure Account,Project Payment,Debit,67946200,0,2.86155E+11,First Bank,Normal
05/11/2025,2025,11,Capital Project Account,Revenue Sweep from MDA,Credit,0,154087052,2.86309E+11,Access Bank,Normal
08/11/2025,2025,11,IGR Collection Account,Federal Allocation Receipt,Credit,0,48873652,2.86358E+11,Access Bank,Normal
01/11/2025,2025,11,IGR Collection Account,Transfer to MDA,Debit,19683498,0,2.86339E+11,First Bank,Normal
01/11/2025,2025,11,FAAC Account,Federal Allocation Receipt,Credit,0,187664423,2.86526E+11,Access Bank,Normal
28/11/2025,2025,11,IGR Collection Account,Refund Received,Credit,0,19850568,2.86546E+11,UBA,Normal
15/11/2025,2025,11,Treasury Single Account,Payroll Payment,Debit,328322169,0,2.86218E+11,GTBank,Review
15/11/2025,2025,11,Payroll Account,Loan Repayment,Debit,69774076,0,2.86148E+11,GTBank,Review
20/11/2025,2025,11,Capital Project Account,Federal Allocation Receipt,Credit,0,339990974,2.86488E+11,UBA,Review
19/11/2025,2025,11,Recurrent Expenditure Account,Refund Received,Credit,0,267721816,2.86756E+11,UBA,Review
17/11/2025,2025,11,FAAC Account,Federal Allocation Receipt,Credit,0,593548227,2.87349E+11,Zenith Bank,Review
09/11/2025,2025,11,Recurrent Expenditure Account,Bank Charges,Debit,305926943,0,2.87043E+11,Keystone Bank,Review
12/11/2025,2025,11,IGR Collection Account,Transfer to MDA,Debit,332095036,0,2.86711E+11,First Bank,Review
01/11/2025,2025,11,Payroll Account,Project Payment,Debit,262047761,0,2.86449E+11,Zenith Bank,Review
02/11/2025,2025,11,Recurrent Expenditure Account,Administrative Expense,Debit,213881849,0,2.86235E+11,First Bank,Normal
23/11/2025,2025,11,FAAC Account,IGR Collection Remittance,Credit,0,350479409,2.86586E+11,UBA,Review
12/11/2025,2025,11,Capital Project Account,Bank Charges,Debit,86952535,0,2.86499E+11,Access Bank,Review
19/11/2025,2025,11,Capital Project Account,Transfer to MDA,Debit,333147043,0,2.86166E+11,UBA,Review
03/11/2025,2025,11,Payroll Account,Refund Received,Credit,0,316929629,2.86483E+11,First Bank,Review
06/11/2025,2025,11,IGR Collection Account,Federal Allocation Receipt,Credit,0,384536843,2.86867E+11,Access Bank,Review
15/11/2025,2025,11,Capital Project Account,Refund Received,Credit,0,468151491,2.87335E+11,First Bank,Review
22/12/2025,2025,12,Treasury Single Account,Contractor Payment,Debit,139151180,0,2.87196E+11,First Bank,Normal
20/12/2025,2025,12,Capital Project Account,IGR Collection Remittance,Credit,0,154100633,2.8735E+11,Keystone Bank,Normal
06/12/2025,2025,12,FAAC Account,Administrative Expense,Debit,340045508,0,2.8701E+11,Keystone Bank,Review
19/12/2025,2025,12,IGR Collection Account,Grant Receipt,Credit,0,297805413,2.87308E+11,GTBank,Review
13/12/2025,2025,12,FAAC Account,Payroll Payment,Debit,153237929,0,2.87155E+11,UBA,Normal
06/12/2025,2025,12,Capital Project Account,Project Payment,Debit,295756554,0,2.86859E+11,First Bank,Review
09/12/2025,2025,12,IGR Collection Account,IGR Collection Remittance,Credit,0,376058769,2.87235E+11,UBA,Review
08/12/2025,2025,12,FAAC Account,Transfer to MDA,Debit,342986511,0,2.86892E+11,Keystone Bank,Review
23/12/2025,2025,12,FAAC Account,Administrative Expense,Debit,217512377,0,2.86675E+11,UBA,Normal
21/12/2025,2025,12,IGR Collection Account,Bank Charges,Debit,49000161,0,2.86626E+11,First Bank,Review
12/12/2025,2025,12,Payroll Account,Project Payment,Debit,130603070,0,2.86495E+11,First Bank,Normal
16/12/2025,2025,12,Capital Project Account,Bank Charges,Debit,148191131,0,2.86347E+11,Access Bank,Review
25/12/2025,2025,12,Payroll Account,IGR Collection Remittance,Credit,0,292660306,2.86639E+11,Access Bank,Review
24/12/2025,2025,12,Recurrent Expenditure Account,Refund Received,Credit,0,10719502,2.8665E+11,Keystone Bank,Normal
04/12/2025,2025,12,IGR Collection Account,Refund Received,Credit,0,448430002,2.87099E+11,Access Bank,Review
25/12/2025,2025,12,FAAC Account,Revenue Sweep from MDA,Credit,0,350626319,2.87449E+11,Keystone Bank,Review
08/12/2025,2025,12,Payroll Account,Revenue Sweep from MDA,Credit,0,145758553,2.87595E+11,First Bank,Normal
07/12/2025,2025,12,IGR Collection Account,Loan Repayment,Debit,236551271,0,2.87358E+11,Access Bank,Review
22/12/2025,2025,12,Treasury Single Account,Federal Allocation Receipt,Credit,0,269831826,2.87628E+11,Keystone Bank,Review
01/12/2025,2025,12,FAAC Account,Revenue Sweep from MDA,Credit,0,411468269,2.8804E+11,Access Bank,Review
05/12/2025,2025,12,Payroll Account,Transfer to MDA,Debit,299747663,0,2.8774E+11,Zenith Bank,Review
06/12/2025,2025,12,Payroll Account,Contractor Payment,Debit,56125188,0,2.87684E+11,First Bank,Normal
24/12/2025,2025,12,Payroll Account,Payroll Payment,Debit,125063539,0,2.87559E+11,Access Bank,Normal
22/12/2025,2025,12,IGR Collection Account,Administrative Expense,Debit,327230200,0,2.87232E+11,GTBank,Review
08/12/2025,2025,12,Recurrent Expenditure Account,Contractor Payment,Debit,90614838,0,2.87141E+11,UBA,Normal
20/12/2025,2025,12,IGR Collection Account,Administrative Expense,Debit,216256467,0,2.86925E+11,Keystone Bank,Normal
17/12/2025,2025,12,IGR Collection Account,Transfer to MDA,Debit,47187956,0,2.86878E+11,GTBank,Normal
25/12/2025,2025,12,IGR Collection Account,Transfer to MDA,Debit,151055762,0,2.86726E+11,Access Bank,Normal
02/12/2025,2025,12,Recurrent Expenditure Account,Refund Received,Credit,0,354903718,2.87081E+11,UBA,Review
10/12/2025,2025,12,Recurrent Expenditure Account,Grant Receipt,Credit,0,546938889,2.87628E+11,Zenith Bank,Review
07/12/2025,2025,12,FAAC Account,Payroll Payment,Debit,200934582,0,2.87427E+11,GTBank,Normal
18/12/2025,2025,12,Capital Project Account,Payroll Payment,Debit,21982151,0,2.87405E+11,Access Bank,Normal
16/12/2025,2025,12,Capital Project Account,Contractor Payment,Debit,199307121,0,2.87206E+11,First Bank,Normal
11/12/2025,2025,12,IGR Collection Account,Bank Charges,Debit,240565781,0,2.86966E+11,Keystone Bank,Review
21/12/2025,2025,12,Payroll Account,Refund Received,Credit,0,108722118,2.87074E+11,Access Bank,Normal
05/12/2025,2025,12,Recurrent Expenditure Account,Federal Allocation Receipt,Credit,0,8089942,2.87082E+11,First Bank,Normal
10/12/2025,2025,12,Payroll Account,Administrative Expense,Debit,228169460,0,2.86854E+11,Zenith Bank,Normal
12/12/2025,2025,12,Payroll Account,Loan Repayment,Debit,347287079,0,2.86507E+11,Keystone Bank,Review
19/12/2025,2025,12,Treasury Single Account,Refund Received,Credit,0,199273776,2.86706E+11,Keystone Bank,Normal
12/12/2025,2025,12,Payroll Account,Payroll Payment,Debit,213070855,0,2.86493E+11,Zenith Bank,Normal
20/12/2025,2025,12,Capital Project Account,Payroll Payment,Debit,224601484,0,2.86268E+11,Access Bank,Normal
14/12/2025,2025,12,Treasury Single Account,Bank Charges,Debit,229662901,0,2.86039E+11,Keystone Bank,Review
27/12/2025,2025,12,Recurrent Expenditure Account,Contractor Payment,Debit,313760890,0,2.85725E+11,UBA,Review
18/12/2025,2025,12,FAAC Account,Refund Received,Credit,0,124882618,2.8585E+11,Access Bank,Normal
22/12/2025,2025,12,IGR Collection Account,Contractor Payment,Debit,4626340,0,2.85845E+11,First Bank,Normal
11/12/2025,2025,12,IGR Collection Account,Payroll Payment,Debit,125702872,0,2.8572E+11,Keystone Bank,Normal
06/12/2025,2025,12,Treasury Single Account,Grant Receipt,Credit,0,14614332,2.85734E+11,First Bank,Normal
24/12/2025,2025,12,Capital Project Account,Payroll Payment,Debit,263025041,0,2.85471E+11,GTBank,Review
04/12/2025,2025,12,Treasury Single Account,Contractor Payment,Debit,98771487,0,2.85372E+11,Keystone Bank,Normal
06/12/2025,2025,12,IGR Collection Account,Payroll Payment,Debit,298653657,0,2.85074E+11,Keystone Bank,Review
26/12/2025,2025,12,FAAC Account,Project Payment,Debit,219353956,0,2.84854E+11,GTBank,Normal
15/12/2025,2025,12,FAAC Account,Project Payment,Debit,166628331,0,2.84688E+11,Zenith Bank,Normal
13/12/2025,2025,12,Treasury Single Account,Revenue Sweep from MDA,Credit,0,569174952,2.85257E+11,UBA,Review
03/12/2025,2025,12,IGR Collection Account,Administrative Expense,Debit,201422157,0,2.85056E+11,UBA,Normal
10/12/2025,2025,12,Capital Project Account,Grant Receipt,Credit,0,475392035,2.85531E+11,GTBank,Review
12/12/2025,2025,12,IGR Collection Account,Federal Allocation Receipt,Credit,0,277030162,2.85808E+11,First Bank,Review
05/12/2025,2025,12,Treasury Single Account,Federal Allocation Receipt,Credit,0,569711360,2.86378E+11,Access Bank,Review
14/12/2025,2025,12,IGR Collection Account,Contractor Payment,Debit,307479382,0,2.8607E+11,Zenith Bank,Review
07/12/2025,2025,12,FAAC Account,Revenue Sweep from MDA,Credit,0,444958324,2.86515E+11,Keystone Bank,Review
18/12/2025,2025,12,Payroll Account,Federal Allocation Receipt,Credit,0,214980285,2.8673E+11,First Bank,Normal
27/12/2025,2025,12,Treasury Single Account,Grant Receipt,Credit,0,6234000,2.86736E+11,First Bank,Normal
19/12/2025,2025,12,IGR Collection Account,Bank Charges,Debit,164993754,0,2.86571E+11,First Bank,Review
28/12/2025,2025,12,Treasury Single Account,Transfer to MDA,Debit,327779274,0,2.86244E+11,Zenith Bank,Review
23/12/2025,2025,12,IGR Collection Account,Refund Received,Credit,0,236258947,2.8648E+11,Access Bank,Normal
15/12/2025,2025,12,Payroll Account,Revenue Sweep from MDA,Credit,0,497239714,2.86977E+11,Zenith Bank,Review
07/12/2025,2025,12,IGR Collection Account,Transfer to MDA,Debit,16097815,0,2.86961E+11,Zenith Bank,Normal
01/12/2025,2025,12,Payroll Account,Payroll Payment,Debit,116191274,0,2.86845E+11,First Bank,Normal
10/12/2025,2025,12,Recurrent Expenditure Account,Contractor Payment,Debit,248211596,0,2.86597E+11,Keystone Bank,Normal
10/12/2025,2025,12,Payroll Account,Refund Received,Credit,0,109126756,2.86706E+11,Zenith Bank,Normal
01/12/2025,2025,12,Recurrent Expenditure Account,Grant Receipt,Credit,0,56601707,2.86762E+11,UBA,Normal
